#
# A fatal error has been detected by the Java Runtime Environment:
#
#  EXCEPTION_ACCESS_VIOLATION (0xc0000005) at pc=0x00007ffb62b52031, pid=36384, tid=3912
#
# JRE version: OpenJDK Runtime Environment Temurin-21.0.2+13 (21.0.2+13) (build 21.0.2+13-LTS)
# Java VM: OpenJDK 64-Bit Server VM Temurin-21.0.2+13 (21.0.2+13-LTS, mixed mode, sharing, tiered, compressed oops, compressed class ptrs, g1 gc, windows-amd64)
# Problematic frame:
# C  0x00007ffb62b52031
#
# No core dump will be written. Minidumps are not enabled by default on client versions of Windows
#
# If you would like to submit a bug report, please visit:
#   https://github.com/adoptium/adoptium-support/issues
# The crash happened outside the Java Virtual Machine in native code.
# See problematic frame for where to report the bug.
#

---------------  S U M M A R Y ------------

Command Line: -Dcompose.application.configure.swing.globals=true -Dcompose.application.resources.dir=Z:\IdeaProjects\dvitski\tabyproto\desktop\build\compose\tmp\prepareAppResources -Ddebugger.agent.enable.coroutines=true -Ddebugger.async.stack.trace.for.all.threads=true -Dkotlinx.coroutines.debug.enable.creation.stack.trace=false -Dkotlinx.coroutines.debug.enable.flows.stack.trace=true -Dkotlinx.coroutines.debug.enable.mutable.state.flows.stack.trace=true -agentlib:jdwp=transport=dt_socket,server=n,suspend=y,address=127.0.0.1:61380 -javaagent:C:\Users\orrda\AppData\Local\JetBrains\IntelliJIdea2026.1\captureAgent\debugger-agent.jar=file:///C:/Users/orrda/AppData/Local/Temp/capture1374551071892461312.props -javaagent:C:\Users\orrda\.gradle\caches\modules-2\files-2.1\org.jetbrains.kotlinx\kotlinx-coroutines-core-jvm\1.10.2\4a9f78ef49483748e2c129f3d124b8fa249dafbf\kotlinx-coroutines-core-jvm-1.10.2.jar -Dfile.encoding=UTF-8 -Duser.country=GB -Duser.language=en -Duser.variant -ea cc.dvitski.tabyproto.desktop.MainKt

Host: AMD Ryzen 5 7600 6-Core Processor              , 12 cores, 63G,  Windows 11 , 64 bit Build 26100 (10.0.26100.8521)
Time: Sat Jun 13 17:43:47 2026 GMT Summer Time elapsed time: 73.090501 seconds (0d 0h 1m 13s)

---------------  T H R E A D  ---------------

Current thread (0x000002078904bde0):  JavaThread "DefaultDispatcher-worker-7 @coroutine#13228" daemon [_thread_in_native, id=3912, stack(0x00000051fe000000,0x00000051fe100000) (1024K)]

Stack: [0x00000051fe000000,0x00000051fe100000],  sp=0x00000051fe0feeb0,  free space=1019k
Native frames: (J=compiled Java code, j=interpreted, Vv=VM code, C=native code)
C  0x00007ffb62b52031

Java frames: (J=compiled Java code, j=interpreted, Vv=VM code)
J 6452  io.github.kdroidfilter.composemediaplayer.windows.WindowsNativeBridge.nReadVideoFrame(J[I)Ljava/nio/ByteBuffer; (0 bytes) @ 0x000002072436d42d [0x000002072436d3c0+0x000000000000006d]
J 7902 c2 io.github.kdroidfilter.composemediaplayer.windows.WindowsVideoPlayerState.processOneFrame(J)Lio/github/kdroidfilter/composemediaplayer/windows/WindowsVideoPlayerState$ProduceOutcome; (762 bytes) @ 0x0000020724538668 [0x0000020724538580+0x00000000000000e8]
J 8158 c2 io.github.kdroidfilter.composemediaplayer.windows.WindowsVideoPlayerState.produceFrames(Lkotlin/coroutines/Continuation;)Ljava/lang/Object; (1146 bytes) @ 0x00000207245ce94c [0x00000207245cdc20+0x0000000000000d2c]
J 7898 c2 io.github.kdroidfilter.composemediaplayer.windows.WindowsVideoPlayerState$produceFrames$1.invokeSuspend(Ljava/lang/Object;)Ljava/lang/Object; (28 bytes) @ 0x0000020724535750 [0x00000207245356a0+0x00000000000000b0]
J 6403 c2 kotlin.coroutines.jvm.internal.BaseContinuationImpl.resumeWith(Ljava/lang/Object;)V (28 bytes) @ 0x00000207243476fc [0x0000020724346a40+0x0000000000000cbc]
J 5967 c2 kotlinx.coroutines.DispatchedTask.run()V (387 bytes) @ 0x00000207242a80e8 [0x00000207242a7b00+0x00000000000005e8]
J 8106% c2 kotlinx.coroutines.scheduling.CoroutineScheduler$Worker.runWorker()V (118 bytes) @ 0x000002072459255c [0x0000020724592400+0x000000000000015c]
j  kotlinx.coroutines.scheduling.CoroutineScheduler$Worker.run()V+1
v  ~StubRoutines::call_stub 0x00000207239910e7

siginfo: EXCEPTION_ACCESS_VIOLATION (0xc0000005), reading address 0x0000000000000000


Registers:
RAX=0x0000000000000002, RBX=0x0000000000000000, RCX=0x0000000000000000, RDX=0x00007ffbb3387d38
RSP=0x00000051fe0feeb0, RBP=0x00000051fe0fef69, RSI=0x00000207a0c96fd0, RDI=0x0000000000000000
R8 =0x7ffffffffffffffc, R9 =0x0000000000000000, R10=0x0000000000000000, R11=0x00000051fe0fec20
R12=0x0000000000000001, R13=0x0000000000355444, R14=0x0000000000000000, R15=0x0000000000000001
RIP=0x00007ffb62b52031, EFLAGS=0x0000000000010283


Register to memory mapping:

RAX=0x0000000000000002 is an unknown value
RBX=0x0 is null
RCX=0x0 is null
RDX=0x00007ffbb3387d38 points into unknown readable memory: 0x00007ffbb3289d00 | 00 9d 28 b3 fb 7f 00 00
RSP=0x00000051fe0feeb0 is pointing into the stack for thread: 0x000002078904bde0
RBP=0x00000051fe0fef69 is pointing into the stack for thread: 0x000002078904bde0
RSI=0x00000207a0c96fd0 points into unknown readable memory: 0x0000000000000000 | 00 00 00 00 00 00 00 00
RDI=0x0 is null
R8 =0x7ffffffffffffffc is an unknown value
R9 =0x0 is null
R10=0x0 is null
R11=0x00000051fe0fec20 is pointing into the stack for thread: 0x000002078904bde0
R12=0x0000000000000001 is an unknown value
R13=0x0000000000355444 is an unknown value
R14=0x0 is null
R15=0x0000000000000001 is an unknown value

Top of Stack: (sp=0x00000051fe0feeb0)
0x00000051fe0feeb0:   0000020800000005 0000020700000000
0x00000051fe0feec0:   0000000000000000 0000000000000000
0x00000051fe0feed0:   00000051fe0fefd0 00000051fe0fef00
0x00000051fe0feee0:   00000051fe0fefe8 00000207245d4646
0x00000051fe0feef0:   000000040e808060 0000000000000000
0x00000051fe0fef00:   0000000000000000 0000000000000000
0x00000051fe0fef10:   000002078904bde0 00007ffbbd3d1875
0x00000051fe0fef20:   000002079e9e5a68 00007ffa7a515060
0x00000051fe0fef30:   00000000dc9c0d1a 0000000000000000
0x00000051fe0fef40:   3ff0000000000000 0000000000000000
0x00000051fe0fef50:   00000207bb0364c0 0000000000000000
0x00000051fe0fef60:   00000000000d7880 0000000000000000
0x00000051fe0fef70:   000000040ed758c8 0000000000000000
0x00000051fe0fef80:   00000000011037b8 00000051fe0ff0a0
0x00000051fe0fef90:   00000051fe0ff0e0 0000000000000000
0x00000051fe0fefa0:   00000051fe0ff078 0000000000000000
0x00000051fe0fefb0:   00000207a0c96fd0 00000051fe0ff0b8
0x00000051fe0fefc0:   00000051fe0ff010 00007ffb62b535f8
0x00000051fe0fefd0:   0000032d00000000 00000051fe0ff008
0x00000051fe0fefe0:   0000000000000000 0000000000000000
0x00000051fe0feff0:   00000207121c0000 0000000400000003
0x00000051fe0ff000:   0000000000000058 0000000000000000
0x00000051fe0ff010:   000002078904bde0 00000051fe0ff0e0
0x00000051fe0ff020:   0000000000000000 000002078904c198
0x00000051fe0ff030:   00000051fe0ff0f0 00007ffb62b58014
0x00000051fe0ff040:   00000000000003d8 00000051fe0ff0b8
0x00000051fe0ff050:   000002072c210000 000000000000002c
0x00000051fe0ff060:   0000000000000058 0000020712290000
0x00000051fe0ff070:   00000051fe0ff2b0 0000000000000000
0x00000051fe0ff080:   00000004101d3820 000002072436d4c8
0x00000051fe0ff090:   000002072c210000 00000004101d43a0
0x00000051fe0ff0a0:   0000000400000000 0000000410f730e0 

Instructions: (pc=0x00007ffb62b52031)
0x00007ffb62b51f31:   15 e2 c5 00 00 48 85 c9 0f 84 b7 00 00 00 48 85
0x00007ffb62b51f41:   d2 74 13 48 8b 01 ff 50 08 90 49 8b 1e 48 89 5d
0x00007ffb62b51f51:   8f e9 96 00 00 00 0f 57 f6 f2 48 0f 2a 76 40 f2
0x00007ffb62b51f61:   41 0f 5e f2 48 8b ce e8 03 fe ff ff 0f 28 f8 48
0x00007ffb62b51f71:   8d 4d 67 e8 07 f3 ff ff 48 8b 08 49 8b c7 48 f7
0x00007ffb62b51f81:   e9 48 c1 fa 12 48 8b c2 48 c1 e8 3f 48 03 d0 48
0x00007ffb62b51f91:   8b 46 48 48 85 c0 74 0a 48 3b d0 72 05 48 2b d0
0x00007ffb62b51fa1:   eb 03 48 8b d7 f2 0f 5c f7 66 0f 2f 35 46 c5 00
0x00007ffb62b51fb1:   00 76 0d 48 81 fa 2c 01 00 00 0f 82 67 03 00 00
0x00007ffb62b51fc1:   48 8b df 48 8d 45 af 49 3b c6 74 06 49 8b 1e 49
0x00007ffb62b51fd1:   89 3e 48 89 5d 8f 49 8b 0e 48 85 c9 74 0a 49 89
0x00007ffb62b51fe1:   3e 48 8b 01 ff 50 10 90 48 89 7e 48 48 85 db 0f
0x00007ffb62b51ff1:   85 f5 02 00 00 48 8d 4d 67 e8 81 f2 ff ff 48 8b
0x00007ffb62b52001:   08 49 8b c7 48 f7 e9 4c 8b ea 49 c1 fd 12 49 8b
0x00007ffb62b52011:   c5 48 c1 e8 3f 4c 03 e8 44 8b ff 0f 1f 40 00 89
0x00007ffb62b52021:   7d 77 89 7d 67 48 89 7d 97 48 89 7d 7f 48 8b 0e
0x00007ffb62b52031:   48 8b 01 48 8d 55 7f 48 89 54 24 30 48 8d 55 97
0x00007ffb62b52041:   48 89 54 24 28 48 8d 55 67 48 89 54 24 20 4c 8d
0x00007ffb62b52051:   4d 77 45 33 c0 ba fc ff ff ff ff 50 48 85 c0 0f
0x00007ffb62b52061:   88 a5 02 00 00 44 8b 75 67 41 f6 c6 02 0f 85 8f
0x00007ffb62b52071:   02 00 00 41 f6 c6 10 74 72 48 89 7d 87 48 8d 4d
0x00007ffb62b52081:   87 ff 15 b8 90 00 00 85 c0 78 4c 48 8b 4d 87 48
0x00007ffb62b52091:   8b 01 4c 8d 05 d6 94 00 00 48 8d 15 0f 94 00 00
0x00007ffb62b520a1:   ff 90 c0 00 00 00 48 8b 4d 87 48 8b 01 4c 8d 05
0x00007ffb62b520b1:   2b 93 00 00 48 8d 15 04 94 00 00 ff 90 c0 00 00
0x00007ffb62b520c1:   00 48 8b 0e 48 8b 01 4c 8b 4d 87 45 33 c0 ba fc
0x00007ffb62b520d1:   ff ff ff ff 50 38 90 48 8b 4d 87 48 85 c9 74 0b
0x00007ffb62b520e1:   48 89 7d 87 48 8b 01 ff 50 10 90 41 f6 c6 20 74
0x00007ffb62b520f1:   60 48 89 7d 87 48 8b 0e 48 8b 01 4c 8d 45 87 ba
0x00007ffb62b52101:   fc ff ff ff ff 50 30 85 c0 78 32 48 8b 4d 87 48
0x00007ffb62b52111:   8b 01 4c 8d 45 a7 48 8d 15 02 94 00 00 ff 50 40
0x00007ffb62b52121:   85 c0 78 19 48 8b 4d a7 48 8b c1 48 c1 e8 20 85 


Stack slot to memory mapping:

stack at sp + 0 slots: 0x0000020800000005 points into unknown readable memory: 00 03 04
stack at sp + 1 slots: 0x0000020700000000 points into unknown readable memory: 0x0000000000000000 | 00 00 00 00 00 00 00 00
stack at sp + 2 slots: 0x0 is null
stack at sp + 3 slots: 0x0 is null
stack at sp + 4 slots: 0x00000051fe0fefd0 is pointing into the stack for thread: 0x000002078904bde0
stack at sp + 5 slots: 0x00000051fe0fef00 is pointing into the stack for thread: 0x000002078904bde0
stack at sp + 6 slots: 0x00000051fe0fefe8 is pointing into the stack for thread: 0x000002078904bde0
stack at sp + 7 slots: 0x00000207245d4646 is at entry_point+-26 in (nmethod*)0x00000207245d4490
Compiled method (c2)   73164 8162       4       kotlinx.coroutines.channels.BufferedChannel::tryReceive-PtdJZtk (334 bytes)
 total in heap  [0x00000207245d4490,0x00000207245d5070] = 3040
 relocation     [0x00000207245d45f0,0x00000207245d4658] = 104
 main code      [0x00000207245d4660,0x00000207245d4ac0] = 1120
 stub code      [0x00000207245d4ac0,0x00000207245d4af8] = 56
 oops           [0x00000207245d4af8,0x00000207245d4b20] = 40
 metadata       [0x00000207245d4b20,0x00000207245d4c30] = 272
 scopes data    [0x00000207245d4c30,0x00000207245d4f10] = 736
 scopes pcs     [0x00000207245d4f10,0x00000207245d4fe0] = 208
 dependencies   [0x00000207245d4fe0,0x00000207245d5028] = 72
 handler table  [0x00000207245d5028,0x00000207245d5058] = 48
 nul chk table  [0x00000207245d5058,0x00000207245d5070] = 24


Compiled method (n/a)   73165 6452     n 0       io.github.kdroidfilter.composemediaplayer.windows.WindowsNativeBridge::nReadVideoFrame (native)
 total in heap  [0x000002072436d210,0x000002072436d918] = 1800
 relocation     [0x000002072436d370,0x000002072436d3b0] = 64
 main code      [0x000002072436d3c0,0x000002072436d90b] = 1355
 stub code      [0x000002072436d90b,0x000002072436d910] = 5
 oops           [0x000002072436d910,0x000002072436d918] = 8

[Constant Pool (empty)]

[MachCode]
[Entry Point]
  # {method} {0x0000020786409ba8} 'nReadVideoFrame' '(J[I)Ljava/nio/ByteBuffer;' in 'io/github/kdroidfilter/composemediaplayer/windows/WindowsNativeBridge'
  # parm0:    rdx:rdx   = long
  # parm1:    r8:r8     = '[I'
  #           [sp+0x70]  (sp of caller)
  0x000002072436d3c0: 448b 5208 | 49bb 0000 | 0043 0702 | 0000 4d03 | d349 3bc2 | 0f84 0600 

  0x000002072436d3d8: ;   {runtime_call ic_miss_stub}
  0x000002072436d3d8: 0000 e9a1 | 1567 ff90 
[Verified Entry Point]
  0x000002072436d3e0: 8984 2400 | 80ff ff55 | 488b ec48 | 83ec 6090 | 4181 7f20 | 0600 0000 

  0x000002072436d3f8: ;   {runtime_call StubRoutines (final stubs)}
  0x000002072436d3f8: 7405 e881 | 1968 ff4c | 8944 2428 | 4983 f800 | 4c8d 4c24 | 284c 0f44 | 4c24 284c 

  0x000002072436d414: ;   {oop(a 'java/lang/Class'{0x000000040f21fd68} = 'io/github/kdroidfilter/composemediaplayer/windows/WindowsNativeBridge')}
  0x000002072436d414: 8bc2 49be | 68fd 210f | 0400 0000 | 4c89 7424 | 504c 8d74 | 2450 498b | d6c5 f877 

  0x000002072436d430: ;   {internal_word}
  0x000002072436d430: 49ba 2dd4 | 3624 0702 | 0000 4d89 | 97a0 0300 | 0049 89a7 | 9803 0000 

  0x000002072436d448: ;   {external_word}
  0x000002072436d448: 49ba deaa | 987a fa7f | 0000 4180 | 3a00 0f84 | 4e00 0000 | 5241 5041 

  0x000002072436d460: ;   {metadata({method} {0x0000020786409ba8} 'nReadVideoFrame' '(J[I)Ljava/nio/ByteBuffer;' in 'io/github/kdroidfilter/composemediaplayer/windows/WindowsNativeBridge')}
  0x000002072436d460: 5148 baa0 | 9b40 8607 | 0200 0049 | 8bcf 4883 | ec20 40f6 | c40f 0f84 | 1900 0000 | 4883 ec08 
  0x000002072436d480: ;   {runtime_call}
  0x000002072436d480: 48b8 90f4 | 427a fa7f | 0000 ffd0 | 4883 c408 | e90c 0000 

  0x000002072436d494: ;   {runtime_call}
  0x000002072436d494: 0048 b890 | f442 7afa | 7f00 00ff | d048 83c4 | 2041 5941 | 585a 498d | 8fb8 0300 | 0041 c787 
  0x000002072436d4b4: 4c04 0000 | 0400 0000 

  0x000002072436d4bc: ;   {runtime_call}
  0x000002072436d4bc: 48b8 a07f | b562 fb7f | 0000 ffd0 | c5f8 7741 | c787 4c04 | 0000 0500 | 0000 f083 | 4424 c000 
  0x000002072436d4dc: 493b af50 | 0400 000f | 870e 0000 | 0041 83bf | 4804 0000 | 000f 842b | 0000 00c5 | f877 4889 
  0x000002072436d4fc: 45f8 498b | cf4c 8be4 | 4883 ec20 | 4883 e4f0 

  0x000002072436d50c: ;   {runtime_call}
  0x000002072436d50c: 48b8 709d | 0e7a fa7f | 0000 ffd0 | 498b e44d | 33e4 488b | 45f8 41c7 | 874c 0400 | 0008 0000 
  0x000002072436d52c: 0041 83bf | c804 0000 | 020f 84a3 

  0x000002072436d538: ;   {external_word}
  0x000002072436d538: 0300 0049 | bade aa98 | 7afa 7f00 | 0041 803a | 000f 844c | 0000 0048 

  0x000002072436d550: ;   {metadata({method} {0x0000020786409ba8} 'nReadVideoFrame' '(J[I)Ljava/nio/ByteBuffer;' in 'io/github/kdroidfilter/composemediaplayer/windows/WindowsNativeBridge')}
  0x000002072436d550: 8945 f848 | baa0 9b40 | 8607 0200 | 0049 8bcf | 4883 ec20 | 40f6 c40f | 0f84 1900 | 0000 4883 
  0x000002072436d570: ;   {runtime_call}
  0x000002072436d570: ec08 48b8 | 90f4 427a | fa7f 0000 | ffd0 4883 | c408 e90c 

  0x000002072436d584: ;   {runtime_call}
  0x000002072436d584: 0000 0048 | b890 f442 | 7afa 7f00 | 00ff d048 | 83c4 2048 | 8b45 f849 | c787 9803 | 0000 0000 
  0x000002072436d5a4: 0000 49c7 | 87a0 0300 | 0000 0000 | 00c5 f877 | 4885 c00f | 84fe 0200 | 00a8 030f | 8508 0000 
  0x000002072436d5c4: 0048 8b00 | e9ee 0200 | 00a8 010f | 8509 0000 | 0048 8b40 | fee9 dd02 | 0000 488b | 40ff 4180 
  0x000002072436d5e4: 7f40 000f | 84ce 0200 | 0048 83f8 | 000f 84c4 | 0200 0049 | 8b4f 2848 | 83f9 000f | 8414 0000 
  0x000002072436d604: 0048 83e9 | 0849 894f | 2849 034f | 3848 8901 | e9a2 0200 | 0048 81ec | 5001 0000 | 4889 0424 
  0x000002072436d624: 4889 4c24 | 0848 8954 | 2410 4889 | 7424 1848 | 897c 2420 | 4c89 4424 | 284c 894c | 2430 4c89 
  0x000002072436d644: 5424 384c | 895c 2440 | c5fb 1144 | 2450 c5fb | 114c 2458 | c5fb 1154 | 2460 c5fb | 115c 2468 
  0x000002072436d664: c5fb 1164 | 2470 c5fb | 116c 2478 | c5fb 11b4 | 2480 0000 | 00c5 fb11 | bc24 8800 | 0000 c57b 
  0x000002072436d684: ;   {no_reloc}
  0x000002072436d684: 1184 2490 | 0000 00c5 | 7b11 8c24 | 9800 0000 | c57b 1194 | 24a0 0000 | 00c5 7b11 | 9c24 a800 
  0x000002072436d6a4: 0000 c57b | 11a4 24b0 | 0000 00c5 | 7b11 ac24 | b800 0000 | c57b 11b4 | 24c0 0000 | 00c5 7b11 
  0x000002072436d6c4: bc24 c800 | 0000 62e1 | ff08 1144 | 241a 62e1 | ff08 114c | 241b 62e1 | ff08 1154 | 241c 62e1 
  0x000002072436d6e4: ff08 115c | 241d 62e1 | ff08 1164 | 241e 62e1 | ff08 116c | 241f 62e1 | ff08 1174 | 2420 62e1 
  0x000002072436d704: ff08 117c | 2421 6261 | ff08 1144 | 2422 6261 | ff08 114c | 2423 6261 | ff08 1154 | 2424 6261 
  0x000002072436d724: ff08 115c | 2425 6261 | ff08 1164 | 2426 6261 | ff08 116c | 2427 6261 | ff08 1174 | 2428 6261 
  0x000002072436d744: ff08 117c | 2429 498b | d748 8bc8 | 4883 ec20 | 40f6 c40f | 0f84 1900 | 0000 4883 

  0x000002072436d760: ;   {runtime_call}
  0x000002072436d760: ec08 48b8 | 300c 027a | fa7f 0000 | ffd0 4883 | c408 e90c 

  0x000002072436d774: ;   {runtime_call}
  0x000002072436d774: 0000 0048 | b830 0c02 | 7afa 7f00 | 00ff d048 | 83c4 2062 | 61ff 0810 | 7c24 2962 | 61ff 0810 
  0x000002072436d794: 7424 2862 | 61ff 0810 | 6c24 2762 | 61ff 0810 | 6424 2662 | 61ff 0810 | 5c24 2562 | 61ff 0810 
  0x000002072436d7b4: 5424 2462 | 61ff 0810 | 4c24 2362 | 61ff 0810 | 4424 2262 | e1ff 0810 | 7c24 2162 | e1ff 0810 
  0x000002072436d7d4: 7424 2062 | e1ff 0810 | 6c24 1f62 | e1ff 0810 | 6424 1e62 | e1ff 0810 | 5c24 1d62 | e1ff 0810 
  0x000002072436d7f4: 5424 1c62 | e1ff 0810 | 4c24 1b62 | e1ff 0810 | 4424 1ac5 | 7b10 bc24 | c800 0000 | c57b 10b4 
  0x000002072436d814: 24c0 0000 | 00c5 7b10 | ac24 b800 | 0000 c57b | 10a4 24b0 | 0000 00c5 | 7b10 9c24 | a800 0000 
  0x000002072436d834: c57b 1094 | 24a0 0000 | 00c5 7b10 | 8c24 9800 | 0000 c57b | 1084 2490 | 0000 00c5 | fb10 bc24 
  0x000002072436d854: 8800 0000 | c5fb 10b4 | 2480 0000 | 00c5 fb10 | 6c24 78c5 | fb10 6424 | 70c5 fb10 | 5c24 68c5 
  0x000002072436d874: ;   {no_reloc}
  0x000002072436d874: fb10 5424 | 60c5 fb10 | 4c24 58c5 | fb10 4424 | 504c 8b5c | 2440 4c8b | 5424 384c | 8b4c 2430 
  0x000002072436d894: 4c8b 4424 | 2848 8b7c | 2420 488b | 7424 1848 | 8b54 2410 | 488b 4c24 | 0848 8b04 | 2448 81c4 
  0x000002072436d8b4: 5001 0000 | c5f8 7749 | 8b8f 2804 | 0000 c781 | 0001 0000 | 0000 0000 | c949 837f | 0800 0f85 
  0x000002072436d8d4: 0100 0000 

  0x000002072436d8d8: ;   {runtime_call StubRoutines (initial stubs)}
  0x000002072436d8d8: c3e9 2236 | 62ff c5f8 | 7748 8945 | f84c 8be4 | 4883 ec20 | 4883 e4f0 

  0x000002072436d8f0: ;   {runtime_call}
  0x000002072436d8f0: 48b8 702c | 437a fa7f | 0000 ffd0 | 498b e44d | 33e4 488b | 45f8 e930 | fcff fff4 | f4f4 f4f4 
[/MachCode]


Compiled method (c2)   73174 7902   !   4       io.github.kdroidfilter.composemediaplayer.windows.WindowsVideoPlayerState::processOneFrame (762 bytes)
 total in heap  [0x0000020724537e90,0x0000020724541438] = 38312
 relocation     [0x0000020724537ff0,0x0000020724538548] = 1368
 constants      [0x0000020724538560,0x0000020724538580] = 32
 main code      [0x0000020724538580,0x000002072453d2d8] = 19800
 stub code      [0x000002072453d2d8,0x000002072453d478] = 416
 oops           [0x000002072453d478,0x000002072453d4a8] = 48
 metadata       [0x000002072453d4a8,0x000002072453d748] = 672
 scopes data    [0x000002072453d748,0x0000020724540098] = 10576
 scopes pcs     [0x0000020724540098,0x0000020724540c48] = 2992
 dependencies   [0x0000020724540c48,0x0000020724540cf8] = 176
 handler table  [0x0000020724540cf8,0x0000020724541310] = 1560
 nul chk table  [0x0000020724541310,0x0000020724541438] = 296


[Constant Pool]
             Address          hex4                    hex8      
  0x0000020724538560:   0x00000000      0x416312d000000000      
  0x0000020724538564:   0x416312d0                              
  0x0000020724538568:   0xf4f4f4f4      0xf4f4f4f4f4f4f4f4      
  0x000002072453856c:   0xf4f4f4f4                              
  0x0000020724538570:   0xf4f4f4f4      0xf4f4f4f4f4f4f4f4      
  0x0000020724538574:   0xf4f4f4f4                              
  0x0000020724538578:   0xf4f4f4f4      0xf4f4f4f4f4f4f4f4      
  0x000002072453857c:   0xf4f4f4f4                              

[MachCode]
[Entry Point]
  # {method} {0x00000207863fd330} 'processOneFrame' '(J)Lio/github/kdroidfilter/composemediaplayer/windows/WindowsVideoPlayerState$ProduceOutcome;' in 'io/github/kdroidfilter/composemediaplayer/windows/WindowsVideoPlayerState'
  # this:     rdx:rdx   = 'io/github/kdroidfilter/composemediaplayer/windows/WindowsVideoPlayerState'
  # parm0:    r8:r8     = long
  #           [sp+0x140]  (sp of caller)
  0x0000020724538580: ;   {no_reloc}
  0x0000020724538580: 448b 5208 | 49bb 0000 | 0043 0702 | 0000 4d03 | d349 3bc2 

  0x0000020724538594: ;   {runtime_call ic_miss_stub}
  0x0000020724538594: 0f85 e663 | 4aff 6690 | 0f1f 4000 
[Verified Entry Point]
  0x00000207245385a0: 8984 2400 | 80ff ff55 | 4881 ec30 | 0100 0090 | 4181 7f20 | 0600 0000 | 0f85 0c4d | 0000 4c89 
  0x00000207245385c0: 4424 3848 | 8954 2428 | 498b 87b8 | 0100 004d | 8b97 8003 | 0000 4c8b | d849 83c3 | 184d 8b12 
  0x00000207245385e0: 4c89 5424 | 584d 3b9f | c801 0000 | 0f83 1e1b | 0000 4d89 | 9fb8 0100 | 0041 0f18 | 8300 0100 
  0x0000020724538600: 0048 c700 | 0100 0000 | 410f 1883 | 4001 0000 

  0x0000020724538610: ;   {metadata({type array int})}
  0x0000020724538610: c740 08a0 | 2600 0041 | 0f18 8380 | 0100 00c7 | 400c 0100 | 0000 4c8b | d049 83c2 | 10c5 fdef 
  0x0000020724538630: c0c4 c179 | d602 4889 | 4424 404c | 8b54 2428 | 458b 5a48 | 4585 db0f | 8430 2100 | 0044 895c 
  0x0000020724538650: 2420 488b | 5424 384c | 8bc0 488b | ea48 8944 

  0x0000020724538660: ;   {static_call}
  0x0000020724538660: 2430 90e8 

  0x0000020724538664: ; ImmutableOopMap {[32]=NarrowOop [40]=Oop [48]=Oop [64]=Oop [88]=Oop }
                      ;*invokestatic nReadVideoFrame {reexecute=0 rethrow=0 return_oop=1}
                      ; - io.github.kdroidfilter.composemediaplayer.windows.WindowsNativeBridge::ReadVideoFrame@8 (line 196)
                      ; - io.github.kdroidfilter.composemediaplayer.windows.WindowsVideoPlayerState::processOneFrame@10 (line 772)
  0x0000020724538664: 784d e3ff 

  0x0000020724538668: ;   {other}
  0x0000020724538668: 0f1f 8400 | d807 0000 | 4889 4424 | 4848 85c0 | 0f85 6e02 

  0x000002072453867c: ;   {oop(a 'io/github/kdroidfilter/composemediaplayer/windows/WindowsVideoPlayerState$ProduceOutcome$NotReady'{0x000000040f1cd118})}
  0x000002072453867c: 0000 48b8 | 18d1 1c0f | 0400 0000 | 4881 c430 | 0100 005d 

  0x0000020724538690: ;   {poll_return}
  0x0000020724538690: 493b a750 | 0400 000f | 8717 4c00 | 00c3 6690 | 418b 690c | 85ed 0f85 | 161b 0000 | 4c8b 9424 
  0x00000207245386b0: a800 0000 | 4d85 d274 | 0e4d 8b5a | 104d 3bd8 | 7d08 4c8b | d1eb 034c | 8bd1 448b | 5c24 6c4c 
  0x00000207245386d0: 8b8c 2488 | 0000 0048 | 8b9c 2490 | 0000 0048 | 8bbc 2498 | 0000 004d | 8b87 5804 | 0000 8b49 
  0x00000207245386f0: ; ImmutableOopMap {r10=Oop r11=NarrowOop r9=Oop rcx=NarrowOop rbx=Oop [64]=Oop [72]=Oop [80]=Oop [88]=Oop [96]=Oop [112]=Oop [120]=Oop }
                      ;*goto {reexecute=1 rethrow=0 return_oop=0}
                      ; - (reexecute) androidx.compose.runtime.snapshots.SnapshotKt::readable@74 (line 2108)
                      ; - androidx.compose.runtime.snapshots.SnapshotKt::readable@35 (line 2124)
                      ; - androidx.compose.runtime.SnapshotMutableStateImpl::getValue@11 (line 142)
                      ; - io.github.kdroidfilter.composemediaplayer.windows.WindowsVideoPlayerState::getVideoWidth@16 (line 1444)
                      ; - io.github.kdroidfilter.composemediaplayer.windows.WindowsVideoPlayerState::processOneFrame@74 (line 779)
                      ;   {poll}
  0x00000207245386f0: 0c41 8500 | 85c9 0f85 | e701 0000 

  0x00000207245386fc: ; implicit exception: dispatches to 0x000002072453cbf0
  0x00000207245386fc: 458b 4208 

  0x0000020724538700: ;   {metadata('androidx/compose/runtime/SnapshotMutableStateImpl$StateStateRecord')}
  0x0000020724538700: 4181 f828 | 9112 010f | 8557 3800 | 0041 8b6a | 1845 8b54 

  0x0000020724538714: ;   {metadata('java/lang/Integer')}
  0x0000020724538714: ec08 4181 | fa88 5c02 | 000f 8599 | 3800 004d | 8d14 ec41 | 8b6a 0c44 | 8b54 2468 | 443b d50f 
  0x0000020724538734: 854b 2b00 | 0048 8b44 | 2460 448b | 6814 4c8b | 4c24 5045 | 8b91 b400 | 0000 478b 

  0x0000020724538750: ;   {metadata('androidx/compose/runtime/SnapshotMutableStateImpl')}
  0x0000020724538750: 5cd4 0841 | 81fb 3088 | 1201 0f85 | a038 0000 | 488b 7424 | 584c 8b46 | 1849 c1e2 | 034d 8bda 
  0x0000020724538770: 458b 5314 | 4983 f8ff | 0f84 f62b 

  0x000002072453877c: ;   {oop(a 'androidx/compose/runtime/internal/SnapshotThreadLocal'{0x000000040ebb7860})}
  0x000002072453877c: 0000 48b9 | 6078 bb0e | 0400 0000 | 8b51 0c41 | 8b6c d40c 

  0x0000020724538790: ; implicit exception: dispatches to 0x000002072453c55c
  0x0000020724538790: 418b 54ec 

  0x0000020724538794: ;   {metadata('androidx/compose/runtime/internal/ThreadMap')}
  0x0000020724538794: 0881 fa58 | a211 010f | 859f 3800 | 0049 8d1c | ec8b 530c | 8d4a ff83 | fa01 0f85 | 1419 0000 
  0x00000207245387b4: 8b6b 1041 | 8b54 ec0c | 85d2 0f86 | c424 0000 | 498b 4cec | 1049 3bc8 | 0f85 ff18 | 0000 8b6b 
  0x00000207245387d4: 1441 8b54 | ec0c 85d2 | 0f86 4e26 | 0000 418b | 6cec 1085 | ed0f 84e2 | 1800 0041 | 8b54 ec08 
  0x00000207245387f4: 49b8 0000 | 0043 0702 | 0000 4c03 | c24d 8b40 

  0x0000020724538804: ;   {metadata('androidx/compose/runtime/snapshots/Snapshot')}
  0x0000020724538804: 3848 b918 | 9111 4407 | 0200 004c | 3bc1 0f85 | 8427 0000 | 4d8d 04ec | 4c89 4424 | 7041 8bea 
  0x0000020724538824: 4c89 5c24 | 6844 896c | 2460 4889 | 7c24 2848 | 8944 2458 | 4889 7424 | 2049 8bd0 | 9048 b8c0 
  0x0000020724538844: ba11 4407 

  0x0000020724538848: ;   {virtual_call}
  0x0000020724538848: 0200 00e8 

  0x000002072453884c: ; ImmutableOopMap {rbp=NarrowOop [32]=Oop [64]=Oop [72]=Oop [80]=Oop [88]=Oop [104]=Oop [112]=Oop }
                      ;*invokevirtual getReadObserver {reexecute=0 rethrow=0 return_oop=1}
                      ; - androidx.compose.runtime.snapshots.SnapshotKt::readable@8 (line 2123)
                      ; - androidx.compose.runtime.SnapshotMutableStateImpl::getValue@11 (line 142)
                      ; - io.github.kdroidfilter.composemediaplayer.windows.WindowsVideoPlayerState::getVideoHeight@16 (line 1447)
                      ; - io.github.kdroidfilter.composemediaplayer.windows.WindowsVideoPlayerState::processOneFrame@85 (line 779)
  0x000002072453884c: d0b8 ceff 

  0x0000020724538850: ;   {other}
  0x0000020724538850: 0f1f 8400 | c009 0002 | 4885 c074 | 1f48 8bd0 | 4c8b 4424 | 6848 b8ff | ffff ffff 

  0x000002072453886c: ;   {virtual_call}
  0x000002072453886c: ffff ffe8 

  0x0000020724538870: ; ImmutableOopMap {rbp=NarrowOop [32]=Oop [64]=Oop [72]=Oop [80]=Oop [88]=Oop [104]=Oop [112]=Oop }
                      ;*invokeinterface invoke {reexecute=0 rethrow=0 return_oop=1}
                      ; - androidx.compose.runtime.snapshots.SnapshotKt::readable@16 (line 2123)
                      ; - androidx.compose.runtime.SnapshotMutableStateImpl::getValue@11 (line 142)
                      ; - io.github.kdroidfilter.composemediaplayer.windows.WindowsVideoPlayerState::getVideoHeight@16 (line 1447)
                      ; - io.github.kdroidfilter.composemediaplayer.windows.WindowsVideoPlayerState::processOneFrame@85 (line 779)
  0x0000020724538870: 0c6b 4aff 

  0x0000020724538874: ;   {other}
  0x0000020724538874: 0f1f 8400 | e409 0003 | 488b 5424 | 7048 b8c0 | ba11 4407 

  0x0000020724538888: ;   {virtual_call}
  0x0000020724538888: 0200 00e8 

  0x000002072453888c: ; ImmutableOopMap {rbp=NarrowOop [32]=Oop [64]=Oop [72]=Oop [80]=Oop [88]=Oop [104]=Oop [112]=Oop }
                      ;*invokevirtual getSnapshotId {reexecute=0 rethrow=0 return_oop=0}
                      ; - androidx.compose.runtime.snapshots.SnapshotKt::readable@28 (line 2124)
                      ; - androidx.compose.runtime.SnapshotMutableStateImpl::getValue@11 (line 142)
                      ; - io.github.kdroidfilter.composemediaplayer.windows.WindowsVideoPlayerState::getVideoHeight@16 (line 1447)
                      ; - io.github.kdroidfilter.composemediaplayer.windows.WindowsVideoPlayerState::processOneFrame@85 (line 779)
  0x000002072453888c: 9072 b2ff 

  0x0000020724538890: ;   {other}
  0x0000020724538890: 0f1f 8400 | 000a 0004 | 4889 4424 | 7848 8b54 | 2470 6666 | 9048 b8c0 | ba11 4407 

  0x00000207245388ac: ;   {virtual_call}
  0x00000207245388ac: 0200 00e8 

  0x00000207245388b0: ; ImmutableOopMap {rbp=NarrowOop [32]=Oop [64]=Oop [72]=Oop [80]=Oop [88]=Oop [104]=Oop [112]=Oop }
                      ;*invokevirtual getInvalid$runtime {reexecute=0 rethrow=0 return_oop=1}
                      ; - androidx.compose.runtime.snapshots.SnapshotKt::readable@32 (line 2124)
                      ; - androidx.compose.runtime.SnapshotMutableStateImpl::getValue@11 (line 142)
                      ; - io.github.kdroidfilter.composemediaplayer.windows.WindowsVideoPlayerState::getVideoHeight@16 (line 1447)
                      ; - io.github.kdroidfilter.composemediaplayer.windows.WindowsVideoPlayerState::processOneFrame@85 (line 779)
  0x00000207245388b0: ec72 b5ff 

  0x00000207245388b4: ;   {other}
  0x00000207245388b4: 0f1f 8400 | 240a 0005 | 4c8b c044 | 8bdd 4585 | db0f 84dd | 2000 0048 | 85c0 0f84 | 3421 0000 
  0x00000207245388d4: 4b8d 3cdc | 488b df45 | 33c9 e97b | 0500 0048 | c1e1 03e9 | 9002 0000 | 4c8b 5424 | 3041 8b6a 
  0x00000207245388f4: 1085 ed0f | 8cf7 2900 | 0049 8b87 | b801 0000 | 4c8b d049 | 83c2 184d | 3b97 c801 | 0000 0f83 
  0x0000020724538914: 331d 0000 | 4d89 97b8 | 0100 004c | 8bd8 4983 | c310 48c7 | 0001 0000 | 0041 0f18 | 8200 0100 
  0x0000020724538934: ;   {metadata({type array int})}
  0x0000020724538934: 00c7 4008 | a026 0000 | 410f 1882 | 4001 0000 | c740 0c02 | 0000 0041 | 0f18 8280 | 0100 00c5 
  0x0000020724538954: fdef c0c4 | c179 d603 | 4c8b d04c | 8b5c 2428 | 418b 6b48 | 85ed 0f84 | 191f 0000 | 4c89 5424 
  0x0000020724538974: 5048 ff74 | 2458 488f | 4424 304c | 895c 2420 

  0x0000020724538984: ;   {oop("outSize"{0x000000040f239340})}
  0x0000020724538984: 49b8 4093 | 230f 0400 | 0000 498b | d248 ff74 | 2438 488f 

  0x0000020724538998: ;   {static_call}
  0x0000020724538998: 4424 28e8 

  0x000002072453899c: ; ImmutableOopMap {rbp=NarrowOop [32]=Oop [48]=Oop [64]=Oop [72]=Oop [80]=Oop }
                      ;*invokestatic checkNotNullParameter {reexecute=0 rethrow=0 return_oop=0}
                      ; - io.github.kdroidfilter.composemediaplayer.windows.WindowsNativeBridge::GetVideoSize@3
                      ; - io.github.kdroidfilter.composemediaplayer.windows.WindowsVideoPlayerState::processOneFrame@52 (line 777)
  0x000002072453899c: 806b a8ff 

  0x00000207245389a0: ;   {other}
  0x00000207245389a0: 0f1f 8400 | 100b 0006 | 488b 5424 | 284c 8b44 

  0x00000207245389b0: ;   {static_call}
  0x00000207245389b0: 2450 90e8 

  0x00000207245389b4: ; ImmutableOopMap {rbp=NarrowOop [32]=Oop [48]=Oop [64]=Oop [72]=Oop [80]=Oop }
                      ;*invokestatic nGetVideoSize {reexecute=0 rethrow=0 return_oop=0}
                      ; - io.github.kdroidfilter.composemediaplayer.windows.WindowsNativeBridge::GetVideoSize@8 (line 201)
                      ; - io.github.kdroidfilter.composemediaplayer.windows.WindowsVideoPlayerState::processOneFrame@52 (line 777)
  0x00000207245389b4: a8be fcff 

  0x00000207245389b8: ;   {other}
  0x00000207245389b8: 0f1f 8400 | 280b 0007 | 4c8b 4c24 | 5041 8b41 | 1085 c00f | 8e67 2800 | 0041 8b69 | 1485 ed0f 
  0x00000207245389d8: 8e8b 2800 | 0048 8b7c | 2420 448b | 97b0 0000 | 0047 8b44 

  0x00000207245389ec: ;   {metadata('androidx/compose/runtime/SnapshotMutableStateImpl')}
  0x00000207245389ec: d408 4181 | f830 8812 | 010f 85e9 | 3400 0048 | 8b74 2430 | 4c8b 4618 | 49c1 e203 | 4d8b da45 
  0x0000020724538a0c: 8b53 1449 | 83f8 ff0f | 8403 2900 

  0x0000020724538a18: ;   {oop(a 'androidx/compose/runtime/internal/SnapshotThreadLocal'{0x000000040ebb7860})}
  0x0000020724538a18: 0048 b960 | 78bb 0e04 | 0000 008b | 590c 418b | 6cdc 0c41 | 8b54 ec08 

  0x0000020724538a30: ;   {metadata('androidx/compose/runtime/internal/ThreadMap')}
  0x0000020724538a30: 81fa 58a2 | 1101 0f85 | e834 0000 | 498d 1cec | 8b53 0c8d | 4aff 83fa | 010f 8561 | 1600 008b 
  0x0000020724538a50: 6b10 418b | 54ec 0c85 | d20f 86d1 | 2100 0049 | 8b4c ec10 | 493b c80f | 854c 1600 | 008b 6b14 
  0x0000020724538a70: ; implicit exception: dispatches to 0x000002072453ca0c
  0x0000020724538a70: 418b 54ec | 0c85 d20f | 8667 2300 | 0041 8b6c | ec10 85ed | 0f84 2f16 | 0000 458b | 44ec 0848 
  0x0000020724538a90: b900 0000 | 4307 0200 | 0049 03c8 | 4c8b 4138 

  0x0000020724538aa0: ;   {metadata('androidx/compose/runtime/snapshots/Snapshot')}
  0x0000020724538aa0: 48b9 1891 | 1144 0702 | 0000 4c3b | c10f 85ad | 2400 004d | 8d04 ec4c | 8944 2478 | 418b ea4c 
  0x0000020724538ac0: 895c 2470 | 8944 2468 | 4c89 4c24 | 6048 8974 | 2458 4889 | 7c24 5049 | 8bd0 6666 | 9048 b8c0 
  0x0000020724538ae0: ba11 4407 

  0x0000020724538ae4: ;   {virtual_call}
  0x0000020724538ae4: 0200 00e8 

  0x0000020724538ae8: ; ImmutableOopMap {rbp=NarrowOop [32]=Oop [64]=Oop [72]=Oop [80]=Oop [88]=Oop [96]=Oop [112]=Oop [120]=Oop }
                      ;*invokevirtual getReadObserver {reexecute=0 rethrow=0 return_oop=1}
                      ; - androidx.compose.runtime.snapshots.SnapshotKt::readable@8 (line 2123)
                      ; - androidx.compose.runtime.SnapshotMutableStateImpl::getValue@11 (line 142)
                      ; - io.github.kdroidfilter.composemediaplayer.windows.WindowsVideoPlayerState::getVideoWidth@16 (line 1444)
                      ; - io.github.kdroidfilter.composemediaplayer.windows.WindowsVideoPlayerState::processOneFrame@74 (line 779)
  0x0000020724538ae8: 34b6 ceff 

  0x0000020724538aec: ;   {other}
  0x0000020724538aec: 0f1f 8400 | 5c0c 0008 | 4885 c074 | 1f48 8bd0 | 4c8b 4424 | 7048 b8ff | ffff ffff 

  0x0000020724538b08: ;   {virtual_call}
  0x0000020724538b08: ffff ffe8 

  0x0000020724538b0c: ; ImmutableOopMap {rbp=NarrowOop [32]=Oop [64]=Oop [72]=Oop [80]=Oop [88]=Oop [96]=Oop [112]=Oop [120]=Oop }
                      ;*invokeinterface invoke {reexecute=0 rethrow=0 return_oop=1}
                      ; - androidx.compose.runtime.snapshots.SnapshotKt::readable@16 (line 2123)
                      ; - androidx.compose.runtime.SnapshotMutableStateImpl::getValue@11 (line 142)
                      ; - io.github.kdroidfilter.composemediaplayer.windows.WindowsVideoPlayerState::getVideoWidth@16 (line 1444)
                      ; - io.github.kdroidfilter.composemediaplayer.windows.WindowsVideoPlayerState::processOneFrame@74 (line 779)
  0x0000020724538b0c: 7068 4aff 

  0x0000020724538b10: ;   {other}
  0x0000020724538b10: 0f1f 8400 | 800c 0009 | 488b 5424 | 7848 b8c0 | ba11 4407 

  0x0000020724538b24: ;   {virtual_call}
  0x0000020724538b24: 0200 00e8 

  0x0000020724538b28: ; ImmutableOopMap {rbp=NarrowOop [32]=Oop [64]=Oop [72]=Oop [80]=Oop [88]=Oop [96]=Oop [112]=Oop [120]=Oop }
                      ;*invokevirtual getSnapshotId {reexecute=0 rethrow=0 return_oop=0}
                      ; - androidx.compose.runtime.snapshots.SnapshotKt::readable@28 (line 2124)
                      ; - androidx.compose.runtime.SnapshotMutableStateImpl::getValue@11 (line 142)
                      ; - io.github.kdroidfilter.composemediaplayer.windows.WindowsVideoPlayerState::getVideoWidth@16 (line 1444)
                      ; - io.github.kdroidfilter.composemediaplayer.windows.WindowsVideoPlayerState::processOneFrame@74 (line 779)
  0x0000020724538b28: f46f b2ff 

  0x0000020724538b2c: ;   {other}
  0x0000020724538b2c: 0f1f 8400 | 9c0c 000a | 4889 8424 | 8000 0000 | 488b 5424 | 7848 b8c0 | ba11 4407 

  0x0000020724538b48: ;   {virtual_call}
  0x0000020724538b48: 0200 00e8 

  0x0000020724538b4c: ; ImmutableOopMap {rbp=NarrowOop [32]=Oop [64]=Oop [72]=Oop [80]=Oop [88]=Oop [96]=Oop [112]=Oop [120]=Oop }
                      ;*invokevirtual getInvalid$runtime {reexecute=0 rethrow=0 return_oop=1}
                      ; - androidx.compose.runtime.snapshots.SnapshotKt::readable@32 (line 2124)
                      ; - androidx.compose.runtime.SnapshotMutableStateImpl::getValue@11 (line 142)
                      ; - io.github.kdroidfilter.composemediaplayer.windows.WindowsVideoPlayerState::getVideoWidth@16 (line 1444)
                      ; - io.github.kdroidfilter.composemediaplayer.windows.WindowsVideoPlayerState::processOneFrame@74 (line 779)
  0x0000020724538b4c: 5070 b5ff 

  0x0000020724538b50: ;   {other}
  0x0000020724538b50: 0f1f 8400 | c00c 000b | 448b dd45 | 85db 0f84 | 541d 0000 | 4c8b c848 | 85c0 0f84 | c41d 0000 
  0x0000020724538b70: 4b8d 1cdc | 488b cb33 | ff45 33d2 | 4c8b 4110 | 4d85 c00f | 845e fbff | ff4c 3b84 | 2480 0000 
  0x0000020724538b90: 007c 0e4c | 3b84 2480 | 0000 000f | 8546 fbff | ff4c 8994 | 24a8 0000 | 0048 898c | 24a0 0000 
  0x0000020724538bb0: 0048 89bc | 2498 0000 | 0048 899c | 2490 0000 | 0044 895c | 246c 4d8b | d04d 2b51 | 204c 898c 
  0x0000020724538bd0: 2488 0000 | 0045 8bda | 4d85 d27c | 5049 83fa | 407d 4a4d | 8b51 1841 | b901 0000 | 00c4 42a1 
  0x0000020724538bf0: f7d9 4d85 | da0f 84b1 | faff ff44 | 8b5c 246c | 4c8b 8c24 | 8800 0000 | 488b 9c24 | 9000 0000 
  0x0000020724538c10: 488b bc24 | 9800 0000 | 488b 8c24 | a000 0000 | 4c8b 9424 | a800 0000 | e9ba faff | ff49 83fa 
  0x0000020724538c30: 407c 2749 | 81fa 8000 | 0000 7d1e | 4d8b 5110 | 4183 c3c0 | 41b9 0100 | 0000 c442 

  0x0000020724538c4c: ;   {no_reloc}
  0x0000020724538c4c: a1f7 d94d | 85da 0f84 | 54fa ffff | eba1 4d85 | d20f 8c3d | faff ff4d | 85d2 0f85 | 40fa ffff 
  0x0000020724538c6c: e92f faff | ff48 3b54 | 2478 0f84 | fa01 0000 | 4d8b 9758 | 0400 008b 

  0x0000020724538c84: ; ImmutableOopMap {r11=NarrowOop r8=Oop r9=Oop rcx=NarrowOop rdi=Oop [32]=Oop [64]=Oop [72]=Oop [80]=Oop [88]=Oop [104]=Oop [112]=Oop }
                      ;*goto {reexecute=1 rethrow=0 return_oop=0}
                      ; - (reexecute) androidx.compose.runtime.snapshots.SnapshotKt::readable@74 (line 2108)
                      ; - androidx.compose.runtime.snapshots.SnapshotKt::readable@35 (line 2124)
                      ; - androidx.compose.runtime.SnapshotMutableStateImpl::getValue@11 (line 142)
                      ; - io.github.kdroidfilter.composemediaplayer.windows.WindowsVideoPlayerState::getVideoHeight@16 (line 1447)
                      ; - io.github.kdroidfilter.composemediaplayer.windows.WindowsVideoPlayerState::processOneFrame@85 (line 779)
                      ;   {poll}
  0x0000020724538c84: 4b0c 4185 | 0285 c90f | 85c9 0100 | 0045 8b51 

  0x0000020724538c94: ;   {metadata('androidx/compose/runtime/SnapshotMutableStateImpl$StateStateRecord')}
  0x0000020724538c94: 0841 81fa | 2891 1201 | 0f85 f633 | 0000 418b | 6918 458b 

  0x0000020724538ca8: ;   {metadata('java/lang/Integer')}
  0x0000020724538ca8: 54ec 0841 | 81fa 885c | 0200 0f85 | 3834 0000 | 4d8d 14ec | 418b 6a0c | 448b 5424 | 6044 3bd5 
  0x0000020724538cc8: 0f85 1a27 | 0000 4c8b | 4c24 5045 | 8b91 b000 | 0000 478b 

  0x0000020724538cdc: ;   {metadata('androidx/compose/runtime/SnapshotMutableStateImpl')}
  0x0000020724538cdc: 5cd4 0841 | 81fb 3088 | 1201 0f85 | 5434 0000 | 488b 5424 | 204c 8b42 | 1849 c1e2 | 034d 8bda 
  0x0000020724538cfc: 458b 5314 | 4983 f8ff | 0f84 0e27 

  0x0000020724538d08: ;   {oop(a 'androidx/compose/runtime/internal/SnapshotThreadLocal'{0x000000040ebb7860})}
  0x0000020724538d08: 0000 48b9 | 6078 bb0e | 0400 0000 | 8b49 0c41 | 8b6c cc0c 

  0x0000020724538d1c: ; implicit exception: dispatches to 0x000002072453c678
  0x0000020724538d1c: 418b 5cec 

  0x0000020724538d20: ;   {metadata('androidx/compose/runtime/internal/ThreadMap')}
  0x0000020724538d20: 0881 fb58 | a211 010f | 854f 3400 | 0049 8d1c | ec8b 4b0c | 8d79 ff83 | f901 0f85 | a013 0000 
  0x0000020724538d40: 8b6b 1041 | 8b4c ec0c | 85c9 0f86 | ac1f 0000 | 498b 4cec | 1049 3bc8 | 0f85 8b13 | 0000 8b6b 
  0x0000020724538d60: 1441 8b7c | ec0c 85ff | 0f86 2621 | 0000 418b | 6cec 1085 | ed0f 846e | 1300 0045 | 8b44 ec08 
  0x0000020724538d80: 48b9 0000 | 0043 0702 | 0000 4903 | c84c 8b41 

  0x0000020724538d90: ;   {metadata('androidx/compose/runtime/snapshots/Snapshot')}
  0x0000020724538d90: 3848 b918 | 9111 4407 | 0200 004c | 3bc1 0f85 | 4c22 0000 | 4d8d 04ec | 4c89 4424 | 6841 8bea 
  0x0000020724538db0: 4c89 5c24 | 6049 8bd0 | 9048 b8c0 | ba11 4407 

  0x0000020724538dc0: ;   {virtual_call}
  0x0000020724538dc0: 0200 00e8 

  0x0000020724538dc4: ; ImmutableOopMap {rbp=NarrowOop [32]=Oop [64]=Oop [72]=Oop [80]=Oop [88]=Oop [96]=Oop [104]=Oop }
                      ;*invokevirtual getReadObserver {reexecute=0 rethrow=0 return_oop=1}
                      ; - androidx.compose.runtime.snapshots.SnapshotKt::readable@8 (line 2123)
                      ; - androidx.compose.runtime.SnapshotMutableStateImpl::getValue@11 (line 142)
                      ; - io.github.kdroidfilter.composemediaplayer.windows.WindowsVideoPlayerState::getVideoWidth@16 (line 1444)
                      ; - io.github.kdroidfilter.composemediaplayer.windows.WindowsVideoPlayerState::processOneFrame@108 (line 785)
  0x0000020724538dc4: 58b3 ceff 

  0x0000020724538dc8: ;   {other}
  0x0000020724538dc8: 0f1f 8400 | 380f 000d | 4885 c074 | 1f48 8bd0 | 4c8b 4424 | 6048 b8ff | ffff ffff 

  0x0000020724538de4: ;   {virtual_call}
  0x0000020724538de4: ffff ffe8 

  0x0000020724538de8: ; ImmutableOopMap {rbp=NarrowOop [32]=Oop [64]=Oop [72]=Oop [80]=Oop [88]=Oop [96]=Oop [104]=Oop }
                      ;*invokeinterface invoke {reexecute=0 rethrow=0 return_oop=1}
                      ; - androidx.compose.runtime.snapshots.SnapshotKt::readable@16 (line 2123)
                      ; - androidx.compose.runtime.SnapshotMutableStateImpl::getValue@11 (line 142)
                      ; - io.github.kdroidfilter.composemediaplayer.windows.WindowsVideoPlayerState::getVideoWidth@16 (line 1444)
                      ; - io.github.kdroidfilter.composemediaplayer.windows.WindowsVideoPlayerState::processOneFrame@108 (line 785)
  0x0000020724538de8: 9465 4aff 

  0x0000020724538dec: ;   {other}
  0x0000020724538dec: 0f1f 8400 | 5c0f 000e | 488b 5424 | 6848 b8c0 | ba11 4407 

  0x0000020724538e00: ;   {virtual_call}
  0x0000020724538e00: 0200 00e8 

  0x0000020724538e04: ; ImmutableOopMap {rbp=NarrowOop [32]=Oop [64]=Oop [72]=Oop [80]=Oop [88]=Oop [96]=Oop [104]=Oop }
                      ;*invokevirtual getSnapshotId {reexecute=0 rethrow=0 return_oop=0}
                      ; - androidx.compose.runtime.snapshots.SnapshotKt::readable@28 (line 2124)
                      ; - androidx.compose.runtime.SnapshotMutableStateImpl::getValue@11 (line 142)
                      ; - io.github.kdroidfilter.composemediaplayer.windows.WindowsVideoPlayerState::getVideoWidth@16 (line 1444)
                      ; - io.github.kdroidfilter.composemediaplayer.windows.WindowsVideoPlayerState::processOneFrame@108 (line 785)
  0x0000020724538e04: 186d b2ff 

  0x0000020724538e08: ;   {other}
  0x0000020724538e08: 0f1f 8400 | 780f 000f | 4889 4424 | 7048 8b54 | 2468 6666 | 9048 b8c0 | ba11 4407 

  0x0000020724538e24: ;   {virtual_call}
  0x0000020724538e24: 0200 00e8 

  0x0000020724538e28: ; ImmutableOopMap {rbp=NarrowOop [32]=Oop [64]=Oop [72]=Oop [80]=Oop [88]=Oop [96]=Oop [104]=Oop }
                      ;*invokevirtual getInvalid$runtime {reexecute=0 rethrow=0 return_oop=1}
                      ; - androidx.compose.runtime.snapshots.SnapshotKt::readable@32 (line 2124)
                      ; - androidx.compose.runtime.SnapshotMutableStateImpl::getValue@11 (line 142)
                      ; - io.github.kdroidfilter.composemediaplayer.windows.WindowsVideoPlayerState::getVideoWidth@16 (line 1444)
                      ; - io.github.kdroidfilter.composemediaplayer.windows.WindowsVideoPlayerState::processOneFrame@108 (line 785)
  0x0000020724538e28: 746d b5ff 

  0x0000020724538e2c: ;   {other}
  0x0000020724538e2c: 0f1f 8400 | 9c0f 0010 | 448b dd45 | 85db 0f84 | 341c 0000 | 488b c848 | 85c0 0f84 | 801c 0000 
  0x0000020724538e4c: 4b8d 3cdc | 4c8b cf33 | dbe9 a602 | 0000 498d | 1ccc 488b | 5310 4885 | d20f 8411 | feff ff48 
  0x0000020724538e6c: 3b54 2478 | 0f8d fbfd | ffff 488b | ca49 2b48 | 2044 8bd1 | 4885 c97c | 1e48 83f9 | 407d 1849 
  0x0000020724538e8c: 8b48 18be | 0100 0000 | c462 a9f7 | d64c 85d1 | 7446 e9d9 | fdff ff48 | 83f9 407c | 2548 81f9 
  0x0000020724538eac: 8000 0000 | 7d1c 498b | 4810 4183 | c2c0 be01 | 0000 00c4 | 62a9 f7d6 | 4c85 d174 | 1be9 aefd 
  0x0000020724538ecc: ffff 4885 | c97c 0548 | 85c9 750c | 418b 680c | 85ed 0f85 | 1d13 0000 | 4d85 c974 | 154d 8b51 
  0x0000020724538eec: 104c 3bd2 | 0f8d 86fd | ffff 4c8b | cbe9 7efd | ffff 4c8b | cbe9 76fd | ffff 483b | 5424 700f 
  0x0000020724538f0c: 8407 0200 | 004d 8b87 | 5804 0000 

  0x0000020724538f18: ; ImmutableOopMap {r10=NarrowOop r11=NarrowOop rcx=Oop rbx=Oop rdi=Oop [32]=Oop [64]=Oop [72]=Oop [80]=Oop [88]=Oop [96]=Oop [104]=Oop }
                      ;*goto {reexecute=1 rethrow=0 return_oop=0}
                      ; - (reexecute) androidx.compose.runtime.snapshots.SnapshotKt::readable@74 (line 2108)
                      ; - androidx.compose.runtime.snapshots.SnapshotKt::readable@35 (line 2124)
                      ; - androidx.compose.runtime.SnapshotMutableStateImpl::getValue@11 (line 142)
                      ; - io.github.kdroidfilter.composemediaplayer.windows.WindowsVideoPlayerState::getVideoWidth@16 (line 1444)
                      ; - io.github.kdroidfilter.composemediaplayer.windows.WindowsVideoPlayerState::processOneFrame@108 (line 785)
  0x0000020724538f18: 458b 510c 

  0x0000020724538f1c: ;   {poll}
  0x0000020724538f1c: 4185 0045 | 85d2 0f85 | d401 0000 

  0x0000020724538f28: ; implicit exception: dispatches to 0x000002072453ccbc
  0x0000020724538f28: 448b 4308 

  0x0000020724538f2c: ;   {metadata('androidx/compose/runtime/SnapshotMutableStateImpl$StateStateRecord')}
  0x0000020724538f2c: 4181 f828 | 9112 010f | 859b 3200 | 0044 8b5b | 1847 8b44 

  0x0000020724538f40: ;   {metadata('java/lang/Integer')}
  0x0000020724538f40: dc08 4181 | f888 5c02 | 000f 85d5 | 3200 004c | 8b4c 2450 | 458b 91b4 | 0000 0049 | c1e3 0341 
  0x0000020724538f60: 8b4b 0c47 | 8b5c d408 

  0x0000020724538f68: ;   {metadata('androidx/compose/runtime/SnapshotMutableStateImpl')}
  0x0000020724538f68: 4181 fb30 | 8812 010f | 85f3 3200 | 004c 8b5c | 2420 4d8b | 4318 49c1 | e203 4d8b | da45 8b53 
  0x0000020724538f88: 1449 83f8 | ff0f 84f9 

  0x0000020724538f90: ;   {oop(a 'androidx/compose/runtime/internal/SnapshotThreadLocal'{0x000000040ebb7860})}
  0x0000020724538f90: 2400 0048 | bb60 78bb | 0e04 0000 | 008b 5b0c 

  0x0000020724538fa0: ; implicit exception: dispatches to 0x000002072453c744
  0x0000020724538fa0: 418b 6cdc | 0c41 8b7c 

  0x0000020724538fa8: ;   {metadata('androidx/compose/runtime/internal/ThreadMap')}
  0x0000020724538fa8: ec08 81ff | 58a2 1101 | 0f85 f232 | 0000 498d | 3cec 8b57 | 0c8d 5aff | 83fa 010f | 852f 1100 
  0x0000020724538fc8: 008b 6f10 

  0x0000020724538fcc: ; implicit exception: dispatches to 0x000002072453c994
  0x0000020724538fcc: 418b 74ec | 0c85 f60f | 8693 1d00 | 0049 8b5c | ec10 493b | d80f 851a | 1100 008b | 6f14 418b 
  0x0000020724538fec: 5cec 0c85 | db0f 8601 | 1f00 0041 | 8b6c ec10 | 85ed 0f84 | fd10 0000 | 418b 5cec | 0849 b800 
  0x000002072453900c: 0000 4307 | 0200 004c | 03c3 4d8b 

  0x0000020724539018: ;   {metadata('androidx/compose/runtime/snapshots/Snapshot')}
  0x0000020724539018: 4038 48bb | 1891 1144 | 0702 0000 | 4c3b c30f | 8517 2000 | 004d 8d04 | ec4c 8944 | 2470 418b 
  0x0000020724539038: ea4c 895c | 2468 894c | 2460 498b | d048 b8c0 | ba11 4407 

  0x000002072453904c: ;   {virtual_call}
  0x000002072453904c: 0200 00e8 

  0x0000020724539050: ; ImmutableOopMap {rbp=NarrowOop [64]=Oop [72]=Oop [80]=Oop [88]=Oop [104]=Oop [112]=Oop }
                      ;*invokevirtual getReadObserver {reexecute=0 rethrow=0 return_oop=1}
                      ; - androidx.compose.runtime.snapshots.SnapshotKt::readable@8 (line 2123)
                      ; - androidx.compose.runtime.SnapshotMutableStateImpl::getValue@11 (line 142)
                      ; - io.github.kdroidfilter.composemediaplayer.windows.WindowsVideoPlayerState::getVideoHeight@16 (line 1447)
                      ; - io.github.kdroidfilter.composemediaplayer.windows.WindowsVideoPlayerState::processOneFrame@114 (line 786)
  0x0000020724539050: ccb0 ceff 

  0x0000020724539054: ;   {other}
  0x0000020724539054: 0f1f 8400 | c411 0012 | 4885 c074 | 2b48 8bd0 | 4c8b 4424 | 684c 8b54 | 2450 4c89 | 5424 2066 
  0x0000020724539074: 9048 b8ff | ffff ffff 

  0x000002072453907c: ;   {virtual_call}
  0x000002072453907c: ffff ffe8 

  0x0000020724539080: ; ImmutableOopMap {rbp=NarrowOop [32]=Oop [64]=Oop [72]=Oop [80]=Oop [88]=Oop [104]=Oop [112]=Oop }
                      ;*invokeinterface invoke {reexecute=0 rethrow=0 return_oop=1}
                      ; - androidx.compose.runtime.snapshots.SnapshotKt::readable@16 (line 2123)
                      ; - androidx.compose.runtime.SnapshotMutableStateImpl::getValue@11 (line 142)
                      ; - io.github.kdroidfilter.composemediaplayer.windows.WindowsVideoPlayerState::getVideoHeight@16 (line 1447)
                      ; - io.github.kdroidfilter.composemediaplayer.windows.WindowsVideoPlayerState::processOneFrame@114 (line 786)
  0x0000020724539080: fc62 4aff 

  0x0000020724539084: ;   {other}
  0x0000020724539084: 0f1f 8400 | f411 0013 | 488b 5424 | 704c 8b54 | 2450 4c89 | 5424 2066 | 9048 b8c0 | ba11 4407 
  0x00000207245390a4: ;   {virtual_call}
  0x00000207245390a4: 0200 00e8 

  0x00000207245390a8: ; ImmutableOopMap {rbp=NarrowOop [32]=Oop [64]=Oop [72]=Oop [80]=Oop [88]=Oop [104]=Oop [112]=Oop }
                      ;*invokevirtual getSnapshotId {reexecute=0 rethrow=0 return_oop=0}
                      ; - androidx.compose.runtime.snapshots.SnapshotKt::readable@28 (line 2124)
                      ; - androidx.compose.runtime.SnapshotMutableStateImpl::getValue@11 (line 142)
                      ; - io.github.kdroidfilter.composemediaplayer.windows.WindowsVideoPlayerState::getVideoHeight@16 (line 1447)
                      ; - io.github.kdroidfilter.composemediaplayer.windows.WindowsVideoPlayerState::processOneFrame@114 (line 786)
  0x00000207245390a8: 746a b2ff 

  0x00000207245390ac: ;   {other}
  0x00000207245390ac: 0f1f 8400 | 1c12 0014 | 4889 4424 | 7848 8b54 | 2470 6666 | 9048 b8c0 | ba11 4407 

  0x00000207245390c8: ;   {virtual_call}
  0x00000207245390c8: 0200 00e8 

  0x00000207245390cc: ; ImmutableOopMap {rbp=NarrowOop [32]=Oop [64]=Oop [72]=Oop [80]=Oop [88]=Oop [104]=Oop [112]=Oop }
                      ;*invokevirtual getInvalid$runtime {reexecute=0 rethrow=0 return_oop=1}
                      ; - androidx.compose.runtime.snapshots.SnapshotKt::readable@32 (line 2124)
                      ; - androidx.compose.runtime.SnapshotMutableStateImpl::getValue@11 (line 142)
                      ; - io.github.kdroidfilter.composemediaplayer.windows.WindowsVideoPlayerState::getVideoHeight@16 (line 1447)
                      ; - io.github.kdroidfilter.composemediaplayer.windows.WindowsVideoPlayerState::processOneFrame@114 (line 786)
  0x00000207245390cc: d06a b5ff 

  0x00000207245390d0: ;   {other}
  0x00000207245390d0: 0f1f 8400 | 4012 0015 | 448b d545 | 85d2 0f84 | 481a 0000 | 4c8b c848 | 85c0 0f84 | 9c1a 0000 
  0x00000207245390f0: 4b8d 1cd4 | 488b cbe9 | 7906 0000 | 4f8d 0cd4 | 498b 5110 | 4885 d20f | 8404 feff | ff48 3b54 
  0x0000020724539110: 2470 0f8d | eefd ffff | 4c8b c24c | 2b41 2045 | 8bd0 4d85 | c07c 1e49 | 83f8 407d | 184c 8b41 
  0x0000020724539130: 18be 0100 | 0000 c462 | a9f7 d64d | 85d0 7445 | e9cc fdff | ff49 83f8 | 407c 2549 | 81f8 8000 
  0x0000020724539150: 0000 7d1c | 4c8b 4110 | 4183 c2c0 | be01 0000 | 00c4 62a9 | f7d6 4d85 | d074 1ae9 | a1fd ffff 
  0x0000020724539170: 4d85 c07c | 054d 85c0 | 750b 8b69 | 0c85 ed0f | 8509 1100 | 0048 85db | 7415 4c8b | 5310 4c3b 
  0x0000020724539190: d20f 8d7a | fdff ff49 | 8bd9 e972 | fdff ff49 | 8bd9 e96a | fdff ff48 | 3b7c 2478 | 0f84 db05 
  0x00000207245391b0: 0000 4c8b | 5c24 284d | 8b87 5804 | 0000 8b49 

  0x00000207245391c0: ; ImmutableOopMap {r10=NarrowOop r11=Oop r9=Oop rcx=NarrowOop rbx=Oop [64]=Oop [72]=Oop [80]=Oop [88]=Oop [104]=Oop [112]=Oop }
                      ;*goto {reexecute=1 rethrow=0 return_oop=0}
                      ; - (reexecute) androidx.compose.runtime.snapshots.SnapshotKt::readable@74 (line 2108)
                      ; - androidx.compose.runtime.snapshots.SnapshotKt::readable@35 (line 2124)
                      ; - androidx.compose.runtime.SnapshotMutableStateImpl::getValue@11 (line 142)
                      ; - io.github.kdroidfilter.composemediaplayer.windows.WindowsVideoPlayerState::getVideoHeight@16 (line 1447)
                      ; - io.github.kdroidfilter.composemediaplayer.windows.WindowsVideoPlayerState::processOneFrame@114 (line 786)
                      ;   {poll}
  0x00000207245391c0: 0c41 8500 | 85c9 0f85 | a005 0000 

  0x00000207245391cc: ; implicit exception: dispatches to 0x000002072453cd1c
  0x00000207245391cc: 418b 4b08 

  0x00000207245391d0: ;   {metadata('androidx/compose/runtime/SnapshotMutableStateImpl$StateStateRecord')}
  0x00000207245391d0: 81f9 2891 | 1201 0f85 | 2831 0000 | 418b 6b18 

  0x00000207245391e0: ; implicit exception: dispatches to 0x000002072453c7fc
  0x00000207245391e0: 458b 5cec 

  0x00000207245391e4: ;   {metadata('java/lang/Integer')}
  0x00000207245391e4: 0841 81fb | 885c 0200 | 0f85 6231 | 0000 4d8d | 14ec 458b | 520c 4889 | 4424 f88b | 4424 6089 
  0x0000020724539204: 8424 8400 | 0000 488b | 4424 f844 | 8b44 2460 | 4585 c00f | 8e97 2000 | 0045 85d2 | 0f8e de22 
  0x0000020724539224: 0000 4c8b | 4424 4845 

  0x000002072453922c: ;   {metadata('java/nio/DirectByteBuffer')}
  0x000002072453922c: 8b58 0841 | 81fb 2021 | 1c00 0f85 | bc19 0000 | 4d8b d84c | 895c 2470 | 448b 4424 | 6045 0faf 
  0x000002072453924c: c244 8944 | 246c 4c8b | 5c24 7041 | c743 0cff | ffff ff45 | 8963 1849 | 8bd3 488b | 6c24 5044 
  0x000002072453926c: 8994 2480 

  0x0000020724539270: ;   {static_call}
  0x0000020724539270: 0000 00e8 

  0x0000020724539274: ; ImmutableOopMap {rbp=Oop [64]=Oop [88]=Oop [112]=Oop }
                      ;*invokestatic calculateFrameHash {reexecute=0 rethrow=0 return_oop=0}
                      ; - io.github.kdroidfilter.composemediaplayer.windows.WindowsVideoPlayerState::processOneFrame@162 (line 794)
  0x0000020724539274: 28c9 fcff 

  0x0000020724539278: ;   {other}
  0x0000020724539278: 0f1f 8400 | e813 0017 | 4c8b c541 | 8b48 3044 | 8bc8 3bc1 | 7555 418b | 6848 85ed | 0f84 aa26 
  0x0000020724539298: 0000 4c89 | 4424 204c | 8b54 2438 | 4c89 5424 | 284c 8b54 | 2440 4c89 | 5424 3048 | 8b54 2428 
  0x00000207245392b8: 4c8b 5424 | 584c 8954 | 2448 8944 

  0x00000207245392c4: ;   {static_call}
  0x00000207245392c4: 245c 90e8 

  0x00000207245392c8: ; ImmutableOopMap {rbp=NarrowOop [32]=Oop [48]=Oop [72]=Oop [112]=Oop }
                      ;*invokestatic nUnlockVideoFrame {reexecute=0 rethrow=0 return_oop=0}
                      ; - io.github.kdroidfilter.composemediaplayer.windows.WindowsNativeBridge::UnlockVideoFrame@1 (line 170)
                      ; - io.github.kdroidfilter.composemediaplayer.windows.WindowsVideoPlayerState::processOneFrame@181 (line 796)
  0x00000207245392c8: 14c9 faff 

  0x00000207245392cc: ;   {other}
  0x00000207245392cc: 0f1f 8400 | 3c14 0018 

  0x00000207245392d4: ;   {oop(a 'io/github/kdroidfilter/composemediaplayer/windows/WindowsVideoPlayerState$ProduceOutcome$SkipIteration'{0x000000040f1da928})}
  0x00000207245392d4: 48b8 28a9 | 1d0f 0400 | 0000 e9a5 | f3ff ff41 | 8940 30f0 | 8344 24c0 | 0041 8ba8 | dc00 0000 
  0x00000207245392f4: ; implicit exception: dispatches to 0x000002072453cb90
  0x00000207245392f4: 458b 54ec | 0c45 85d2 | 0f86 c61e | 0000 453b | 64ec 100f | 8435 0500 | 0041 8b48 | 3444 8b54 
  0x0000020724539314: 2460 413b | ca0f 8523 | 0500 0041 | 8b68 3844 | 8b9c 2480 | 0000 0041 | 3beb 0f85 | d025 0000 
  0x0000020724539334: 49ba 0000 | 212c 0702 | 0000 4c89 | 5424 7844 | 894c 2464 | 4889 4424 | f88b 4424 | 6c89 4424 
  0x0000020724539354: 6048 8b44 | 24f8 48ff | 7424 7048 | 8f44 2450 | 4889 4424 | f88b 8424 | 8000 0000 | 8944 244c 
  0x0000020724539374: 488b 4424 | f848 8944 | 24f8 8b84 | 2484 0000 | 0089 4424 | 4848 8b44 | 24f8 498b | e849 8bd0 
  0x0000020724539394: ;   {optimized virtual_call}
  0x0000020724539394: 6666 90e8 

  0x0000020724539398: ; ImmutableOopMap {rbp=Oop [64]=Oop [80]=Oop [88]=Oop [112]=Oop }
                      ;*invokespecial drainPendingCloseBitmaps {reexecute=0 rethrow=0 return_oop=0}
                      ; - io.github.kdroidfilter.composemediaplayer.windows.WindowsVideoPlayerState::processOneFrame@526 (line 822)
  0x0000020724539398: a4ff e7f8 

  0x000002072453939c: ;   {other}
  0x000002072453939c: 0f1f 8400 | 0c15 0019 | 4c8b cd41 | 8ba9 dc00 | 0000 458b | 412c 458b | 54ec 0c45 | 3bc2 0f83 
  0x00000207245393bc: dc1c 0000 | 4d8d 1cec | 438b 4c83 | 1085 c90f | 8408 2200 | 0041 ffc0 | 4585 d20f | 861b 1e00 
  0x00000207245393dc: 004c 894c | 2420 418b | c03d 0000 | 0080 7508 | 33d2 4183 | faff 7404 | 9941 f7fa | 4189 512c 
  0x00000207245393fc: 4d8d 14cc | 4c89 5424 | 7089 4c24 | 6849 8bd2 

  0x000002072453940c: ;   {optimized virtual_call}
  0x000002072453940c: 498b e9e8 

  0x0000020724539410: ; ImmutableOopMap {rbp=Oop [32]=Oop [64]=Oop [80]=Oop [88]=Oop [104]=NarrowOop [112]=Oop }
                      ;*invokevirtual peekPixels {reexecute=0 rethrow=0 return_oop=1}
                      ; - io.github.kdroidfilter.composemediaplayer.windows.WindowsVideoPlayerState::processOneFrame@562 (line 827)
  0x0000020724539410: ac5a e8f8 

  0x0000020724539414: ;   {other}
  0x0000020724539414: 0f1f 8400 | 8415 001a | 4885 c00f | 84ef 2100 | 0048 8984 | 2480 0000 

  0x000002072453942c: ;   {oop(a 'org/jetbrains/skia/impl/Stats'{0x000000040e155bb8})}
  0x000002072453942c: 0048 bab8 | 5b15 0e04 

  0x0000020724539434: ;   {optimized virtual_call}
  0x0000020724539434: 0000 00e8 

  0x0000020724539438: ; ImmutableOopMap {rbp=Oop [32]=Oop [64]=Oop [80]=Oop [88]=Oop [104]=NarrowOop [112]=Oop [128]=Oop }
                      ;*invokevirtual onNativeCall {reexecute=0 rethrow=0 return_oop=0}
                      ; - org.jetbrains.skia.Pixmap::getAddr@3 (line 110)
                      ; - io.github.kdroidfilter.composemediaplayer.windows.WindowsVideoPlayerState::processOneFrame@601 (line 833)
  0x0000020724539438: 0452 bfff 

  0x000002072453943c: ;   {other}
  0x000002072453943c: 0f1f 8400 | ac15 001b | 4c8b 9424 | 8000 0000 | 4d8b 5210 | 498b d24c | 8994 2490 

  0x0000020724539458: ;   {static_call}
  0x0000020724539458: 0000 00e8 

  0x000002072453945c: ; ImmutableOopMap {rbp=Oop [32]=Oop [64]=Oop [80]=Oop [88]=Oop [104]=NarrowOop [112]=Oop [128]=Oop }
                      ;*invokestatic _nGetAddr {reexecute=0 rethrow=0 return_oop=0}
                      ; - org.jetbrains.skia.PixmapKt::access$_nGetAddr@1 (line 1)
                      ; - org.jetbrains.skia.Pixmap::getAddr@11 (line 112)
                      ; - io.github.kdroidfilter.composemediaplayer.windows.WindowsVideoPlayerState::processOneFrame@601 (line 833)
  0x000002072453945c: 80ee 0000 

  0x0000020724539460: ;   {other}
  0x0000020724539460: 0f1f 8400 | d015 001c | 4885 c00f | 84ef 2100 | 0048 8984 | 2488 0000 

  0x0000020724539478: ;   {oop(a 'org/jetbrains/skia/impl/Stats'{0x000000040e155bb8})}
  0x0000020724539478: 0048 bab8 | 5b15 0e04 

  0x0000020724539480: ;   {optimized virtual_call}
  0x0000020724539480: 0000 00e8 

  0x0000020724539484: ; ImmutableOopMap {rbp=Oop [32]=Oop [64]=Oop [80]=Oop [88]=Oop [104]=NarrowOop [112]=Oop [128]=Oop }
                      ;*invokevirtual onNativeCall {reexecute=0 rethrow=0 return_oop=0}
                      ; - org.jetbrains.skia.Pixmap::getRowBytes@3 (line 101)
                      ; - io.github.kdroidfilter.composemediaplayer.windows.WindowsVideoPlayerState::processOneFrame@642 (line 840)
  0x0000020724539484: b851 bfff 

  0x0000020724539488: ;   {other}
  0x0000020724539488: 0f1f 8400 | f815 001d | 4c8b 9424 | 8000 0000 | 4d8b 5210 | 498b d24c | 8994 2498 

  0x00000207245394a4: ;   {static_call}
  0x00000207245394a4: 0000 00e8 

  0x00000207245394a8: ; ImmutableOopMap {rbp=Oop [32]=Oop [64]=Oop [80]=Oop [88]=Oop [104]=NarrowOop [112]=Oop [128]=Oop }
                      ;*invokestatic Pixmap_nGetRowBytes {reexecute=0 rethrow=0 return_oop=0}
                      ; - org.jetbrains.skia.PixmapKt::access$Pixmap_nGetRowBytes@1 (line 1)
                      ; - org.jetbrains.skia.Pixmap::getRowBytes@11 (line 103)
                      ; - io.github.kdroidfilter.composemediaplayer.windows.WindowsVideoPlayerState::processOneFrame@642 (line 840)
  0x00000207245394a8: b467 feff 

  0x00000207245394ac: ;   {other}
  0x00000207245394ac: 0f1f 8400 | 1c16 001e | 8944 246c | 4c63 d04c | 635c 244c | 4d0f afd3 | 4c89 9424 | 9000 0000 
  0x00000207245394cc: 488b 9424 | 8800 0000 

  0x00000207245394d4: ;   {static_call}
  0x00000207245394d4: 4d8b c2e8 

  0x00000207245394d8: ; ImmutableOopMap {rbp=Oop [32]=Oop [64]=Oop [80]=Oop [88]=Oop [104]=NarrowOop [112]=Oop [128]=Oop }
                      ;*invokestatic nWrapPointer {reexecute=0 rethrow=0 return_oop=1}
                      ; - io.github.kdroidfilter.composemediaplayer.windows.WindowsVideoPlayerState::processOneFrame@660 (line 842)
  0x00000207245394d8: 846b feff 

  0x00000207245394dc: ;   {other}
  0x00000207245394dc: 0f1f 8400 | 4c16 001f | 4c8b c048 | 85c0 0f84 | e421 0000 | 4889 8424 | 9800 0000 | 4c8b 5424 
  0x00000207245394fc: 5041 c742 | 0cff ffff | ff45 8962 | 1849 8bd2 | 448b 4c24 | 488b 7c24 | 4c8b 7424 

  0x0000020724539518: ;   {static_call}
  0x0000020724539518: 6c66 90e8 

  0x000002072453951c: ; ImmutableOopMap {rbp=Oop [32]=Oop [64]=Oop [80]=Oop [88]=Oop [104]=NarrowOop [112]=Oop [128]=Oop [152]=Oop }
                      ;*invokestatic copyBgraFrame {reexecute=0 rethrow=0 return_oop=0}
                      ; - io.github.kdroidfilter.composemediaplayer.windows.WindowsVideoPlayerState::processOneFrame@702 (line 849)
  0x000002072453951c: 8024 e8f8 

  0x0000020724539520: ;   {other}
  0x0000020724539520: 0f1f 8400 | 9016 0020 | 4c8b d541 | 8b6a 4885 | ed0f 84a1 | 1b00 0048 | 8b54 2438 

  0x000002072453953c: ;   {static_call}
  0x000002072453953c: 6666 90e8 

  0x0000020724539540: ; ImmutableOopMap {rbp=NarrowOop [32]=Oop [64]=Oop [80]=Oop [88]=Oop [104]=NarrowOop [112]=Oop [128]=Oop [152]=Oop }
                      ;*invokestatic nUnlockVideoFrame {reexecute=0 rethrow=0 return_oop=0}
                      ; - io.github.kdroidfilter.composemediaplayer.windows.WindowsNativeBridge::UnlockVideoFrame@1 (line 170)
                      ; - io.github.kdroidfilter.composemediaplayer.windows.WindowsVideoPlayerState::processOneFrame@710 (line 850)
  0x0000020724539540: 9cc6 faff 

  0x0000020724539544: ;   {other}
  0x0000020724539544: 0f1f 8400 | b416 0021 | 498b 87b8 | 0100 004c | 8bd0 4983 | c218 4d3b | 97c8 0100 | 000f 830e 
  0x0000020724539564: 1100 004d | 8997 b801 | 0000 410f | 1882 0001 | 0000 48c7 | 0001 0000 | 0041 0f18 | 8240 0100 
  0x0000020724539584: ;   {metadata({type array long})}
  0x0000020724539584: 00c7 4008 | 802a 0000 | 410f 1882 | 8001 0000 | c740 0c01 | 0000 004c | 8bd0 4983 | c210 c5fd 
  0x00000207245395a4: efc0 c4c1 | 79d6 024c | 8bc0 4c8b | 5424 2041 | 8b6a 4885 | ed0f 8481 | 1b00 004c | 8944 2430 
  0x00000207245395c4: ;   {oop("outPosition"{0x000000040f2392d0})}
  0x00000207245395c4: 49b8 d092 | 230f 0400 | 0000 488b 

  0x00000207245395d0: ;   {static_call}
  0x00000207245395d0: 5424 30e8 

  0x00000207245395d4: ; ImmutableOopMap {rbp=NarrowOop [32]=Oop [48]=Oop [64]=Oop [80]=Oop [88]=Oop [104]=NarrowOop [112]=Oop [128]=Oop [152]=Oop }
                      ;*invokestatic checkNotNullParameter {reexecute=0 rethrow=0 return_oop=0}
                      ; - io.github.kdroidfilter.composemediaplayer.windows.WindowsNativeBridge::GetMediaPosition@3
                      ; - io.github.kdroidfilter.composemediaplayer.windows.WindowsVideoPlayerState::processOneFrame@726 (line 854)
  0x00000207245395d4: 485f a8ff 

  0x00000207245395d8: ;   {other}
  0x00000207245395d8: 0f1f 8400 | 4817 0022 | 488b 5424 | 384c 8b44 

  0x00000207245395e8: ;   {static_call}
  0x00000207245395e8: 2430 90e8 

  0x00000207245395ec: ; ImmutableOopMap {rbp=NarrowOop [32]=Oop [48]=Oop [64]=Oop [80]=Oop [88]=Oop [104]=NarrowOop [112]=Oop [128]=Oop [152]=Oop }
                      ;*invokestatic nGetMediaPosition {reexecute=0 rethrow=0 return_oop=0}
                      ; - io.github.kdroidfilter.composemediaplayer.windows.WindowsNativeBridge::GetMediaPosition@8 (line 211)
                      ; - io.github.kdroidfilter.composemediaplayer.windows.WindowsVideoPlayerState::processOneFrame@726 (line 854)
  0x00000207245395ec: f071 feff 

  0x00000207245395f0: ;   {other}
  0x00000207245395f0: 0f1f 8400 | 6017 0023 | 85c0 0f8c | 401f 0000 | 4c8b 5c24 | 30c4 c1fb | 2a43 1049 | 8baf b801 
  0x0000020724539610: 0000 4c8b | d549 83c2 

  0x0000020724539618: ;   {section_word}
  0x0000020724539618: 18c5 fb5e | 0d3f efff | ff4d 3b97 | c801 0000 | 0f83 6f10 | 0000 4d89 | 97b8 0100 | 0041 0f18 
  0x0000020724539638: 8200 0100 | 0048 c745 | 0001 0000 | 004c 8bd5 | 4983 c210 

  0x000002072453964c: ;   {metadata('io/github/kdroidfilter/composemediaplayer/windows/WindowsVideoPlayerState$ProduceOutcome$Frame')}
  0x000002072453964c: c745 08e8 | 2c46 0144 | 8965 0cc5 | fdef c0c4 | c179 d602 | 4c89 9c24 | a000 0000 | c5fb 118c 
  0x000002072453966c: 24a8 0000 | 004c 8b54 | 2438 4c89 | 5424 284c | 8b54 2440 | 4c89 5424 | 3048 8b54 

  0x0000020724539688: ;   {oop("bitmap"{0x000000040f1d8710})}
  0x0000020724539688: 2470 49b8 | 1087 1d0f | 0400 0000 | 4c8b 5424 | 504c 8954 | 2438 4c8b | 5424 584c | 8954 2440 
  0x00000207245396a8: 448b 5c24 | 6044 895c | 2450 448b | 5424 6444 | 8954 2454 | 4c8b 9424 | 8000 0000 | 4c89 5424 
  0x00000207245396c8: 604c 8b94 | 2488 0000 | 004c 8994 | 2480 0000 | 004c 8b94 | 2490 0000 | 004c 8994 | 2488 0000 
  0x00000207245396e8: 004c 8b94 | 2498 0000 | 004c 8994 | 2490 0000 | 004c 8b94 | 24a0 0000 | 004c 8994 | 2498 0000 
  0x0000020724539708: ;   {static_call}
  0x0000020724539708: 0066 90e8 

  0x000002072453970c: ; ImmutableOopMap {rbp=Oop [32]=Oop [48]=Oop [56]=Oop [64]=Oop [96]=Oop [104]=NarrowOop [112]=Oop [144]=Oop [152]=Oop }
                      ;*invokestatic checkNotNullParameter {reexecute=0 rethrow=0 return_oop=0}
                      ; - io.github.kdroidfilter.composemediaplayer.windows.WindowsVideoPlayerState$ProduceOutcome$Frame::<init>@3
                      ; - io.github.kdroidfilter.composemediaplayer.windows.WindowsVideoPlayerState::processOneFrame@755 (line 857)
  0x000002072453970c: 105e a8ff 

  0x0000020724539710: ;   {other}
  0x0000020724539710: 0f1f 8400 | 8018 0024 | 4180 7f40 | 000f 8516 | 0a00 0044 | 8b54 2468 | 4489 550c | 4c8b 5424 
  0x0000020724539730: 704c 8bdd | 4d33 d349 | c1ea 174d | 85d2 7416 | 49c1 eb09 | 4c8b 4424 | 784d 03c3 | 4180 3802 
  0x0000020724539750: 0f85 1a0a | 0000 c5fb | 1084 24a8 | 0000 00c5 | fb11 4510 | 488b c5e9 | 1cef ffff | 48c1 e103 
  0x0000020724539770: 4c89 5c24 | 2848 8b79 | 1048 85ff | 0f84 30fa | ffff 483b | 7c24 780f | 8d1a faff | ff4c 8bdf 
  0x0000020724539790: 4d2b 5920 | 458b c34d | 85db 7c1f | 4983 fb40 | 7d19 498b | 5118 41bb | 0100 0000 | c442 b9f7 
  0x00000207245397b0: db4c 85da | 7447 e9f7 | f9ff ff49 | 83fb 407c | 2649 81fb | 8000 0000 | 7d1d 498b | 5110 4183 
  0x00000207245397d0: c0c0 41bb | 0100 0000 | c442 b9f7 | db4c 85da | 741b e9cb | f9ff ff4d | 85db 7c05 | 4d85 db75 
  0x00000207245397f0: 0c41 8b69 | 0c85 ed0f | 851a 0b00 | 004c 8b5c | 2428 4d85 | db74 154d | 8b43 104c 

  0x000002072453980c: ;   {no_reloc}
  0x000002072453980c: 3bc7 0f8d | a3f9 ffff | 4c8b d9e9 | 9bf9 ffff | 4c8b d9e9 | 93f9 ffff | 660f 1f44 | 0000 660f 
  0x000002072453982c: 1f44 0000 | 488b 4c24 | 3044 8994 | 2480 0000 | 00e9 8004 | 0000 458b | 988c 0000 | 0043 8b4c 
  0x000002072453984c: dc14 478b | 54dc 0c85 | c90f 845b | 2100 0044 | 8954 2468 | 8944 2464 | 4889 4424 | f88b 4424 
  0x000002072453986c: 6c89 4424 | 6048 8b44 | 24f8 48ff | 7424 7048 | 8f44 2450 | 4889 4424 | f88b 8424 | 8000 0000 
  0x000002072453988c: 8944 244c | 488b 4424 | f848 8944 | 24f8 8b84 | 2484 0000 | 0089 4424 | 4848 8b44 | 24f8 498b 
  0x00000207245398ac: e849 8d14 | cc4f 8d14 | dc4c 8954 | 2420 4489 

  0x00000207245398bc: ;   {optimized virtual_call}
  0x00000207245398bc: 5c24 30e8 

  0x00000207245398c0: ; ImmutableOopMap {rbp=Oop [32]=Oop [48]=NarrowOop [64]=Oop [80]=Oop [88]=Oop [104]=NarrowOop }
                      ;*invokevirtual getWriteHoldCount {reexecute=0 rethrow=0 return_oop=0}
                      ; - java.util.concurrent.locks.ReentrantReadWriteLock::getWriteHoldCount@4 (line 1309)
                      ; - io.github.kdroidfilter.composemediaplayer.windows.WindowsVideoPlayerState::processOneFrame@240 (line 802)
  0x00000207245398c0: bc92 ddf8 

  0x00000207245398c4: ;   {other}
  0x00000207245398c4: 0f1f 8400 | 341a 0025 | 85c0 0f85 | 2022 0000 | 448b 5424 | 3047 8b5c | d414 4585 | db0f 8411 
  0x00000207245398e4: 2100 004b 

  0x00000207245398e8: ;   {optimized virtual_call}
  0x00000207245398e8: 8d14 dce8 

  0x00000207245398ec: ; ImmutableOopMap {rbp=Oop [32]=Oop [48]=NarrowOop [64]=Oop [80]=Oop [88]=Oop [104]=NarrowOop }
                      ;*invokevirtual getReadHoldCount {reexecute=0 rethrow=0 return_oop=0}
                      ; - java.util.concurrent.locks.ReentrantReadWriteLock::getReadHoldCount@4 (line 1322)
                      ; - io.github.kdroidfilter.composemediaplayer.windows.WindowsVideoPlayerState::processOneFrame@248 (line 802)
  0x00000207245398ec: 90a0 ddf8 

  0x00000207245398f0: ;   {other}
  0x00000207245398f0: 0f1f 8400 | 601a 0026 | 85c0 0f8f | b122 0000 | 448b 5424 | 3047 8b44 | d410 478b | 4cc4 0c45 
  0x0000020724539910: 85c9 0f84 | 2021 0000 | 8944 2470 | 4489 5424 | 6c4f 8d14 | c44c 8954 | 2428 4489 | 4424 744b 
  0x0000020724539930: 8d14 cc41 | b801 0000 

  0x0000020724539938: ;   {optimized virtual_call}
  0x0000020724539938: 0066 90e8 

  0x000002072453993c: ; ImmutableOopMap {rbp=Oop [32]=Oop [40]=Oop [64]=Oop [80]=Oop [88]=Oop [104]=NarrowOop [108]=NarrowOop [116]=NarrowOop }
                      ;*invokevirtual acquire {reexecute=0 rethrow=0 return_oop=0}
                      ; - java.util.concurrent.locks.ReentrantReadWriteLock$WriteLock::lock@5 (line 959)
                      ; - io.github.kdroidfilter.composemediaplayer.windows.WindowsVideoPlayerState::processOneFrame@287 (line 802)
  0x000002072453993c: 0063 faff 

  0x0000020724539940: ;   {other}
  0x0000020724539940: 0f1f 8400 | b01a 0027 | 488b dd44 | 8b93 dc00 | 0000 478b | 4cd4 0c45 | 85c9 7711 | 48bf 0000 
  0x0000020724539960: 212c 0702 | 0000 33d2 | 4533 c0eb | 6448 bf00 | 0021 2c07 | 0200 0033 | d245 33c0 | 0f1f 4000 
  0x0000020724539980: 448b 9bdc | 0000 0047 | 8b54 dc0c | 453b c20f | 83bb 1d00 | 004f 8d14 | dc47 8b54 | 8210 4585 
  0x00000207245399a0: d20f 8580 | 0500 0047 | 8b54 dc0c | 453b c20f | 831f 1e00 | 004b 8d34 | dc41 807f | 4000 0f85 
  0x00000207245399c0: c709 0000 | 4689 6486 | 1041 ffc0 | 453b c17c | af49 8b87 | b801 0000 | 4c8b d049 | 83c2 184d 
  0x00000207245399e0: 3b97 c801 | 0000 0f83 | b80d 0000 | 4489 8424 | 8400 0000 | 8994 2480 | 0000 0041 | 8be9 4889 
  0x0000020724539a00: 7c24 7848 | 895c 2430 | 4d89 97b8 | 0100 0041 | 0f18 8200 | 0100 0048 | c700 0100 | 0000 4c8b 
  0x0000020724539a20: d049 83c2 

  0x0000020724539a24: ;   {metadata('org/jetbrains/skia/ImageInfo')}
  0x0000020724539a24: 10c7 4008 | 0078 1001 | 4489 600c | c5fd efc0 | c4c1 79d6 | 024c 8bd0 | 4c89 9424 | 8800 0000 
  0x0000020724539a44: 488b 5424 

  0x0000020724539a48: ;   {optimized virtual_call}
  0x0000020724539a48: 3066 90e8 

  0x0000020724539a4c: ; ImmutableOopMap {[32]=Oop [40]=Oop [48]=Oop [64]=Oop [80]=Oop [88]=Oop [104]=NarrowOop [108]=NarrowOop [116]=NarrowOop [136]=Oop }
                      ;*invokevirtual getVideoWidth {reexecute=0 rethrow=0 return_oop=0}
                      ; - io.github.kdroidfilter.composemediaplayer.windows.WindowsVideoPlayerState::createVideoImageInfo@5 (line 1216)
                      ; - io.github.kdroidfilter.composemediaplayer.windows.WindowsVideoPlayerState::processOneFrame@368 (line 812)
  0x0000020724539a4c: 30fd bff8 

  0x0000020724539a50: ;   {other}
  0x0000020724539a50: 0f1f 8400 | c01b 0028 | 8984 2490 | 0000 0048 | 8b54 2430 

  0x0000020724539a64: ;   {optimized virtual_call}
  0x0000020724539a64: 6666 90e8 

  0x0000020724539a68: ; ImmutableOopMap {[32]=Oop [40]=Oop [48]=Oop [64]=Oop [80]=Oop [88]=Oop [104]=NarrowOop [108]=NarrowOop [116]=NarrowOop [136]=Oop }
                      ;*invokevirtual getVideoHeight {reexecute=0 rethrow=0 return_oop=0}
                      ; - io.github.kdroidfilter.composemediaplayer.windows.WindowsVideoPlayerState::createVideoImageInfo@9 (line 1216)
                      ; - io.github.kdroidfilter.composemediaplayer.windows.WindowsVideoPlayerState::processOneFrame@368 (line 812)
  0x0000020724539a68: 1405 c0f8 

  0x0000020724539a6c: ;   {other}
  0x0000020724539a6c: 0f1f 8400 | dc1b 0029 | 8984 2494 

  0x0000020724539a78: ;   {oop(a 'org/jetbrains/skia/ColorType'{0x000000040ebaff58})}
  0x0000020724539a78: 0000 0048 | ba58 ffba | 0e04 0000 

  0x0000020724539a84: ;   {oop("colorType"{0x000000040ebc2708})}
  0x0000020724539a84: 0049 b808 | 27bc 0e04 

  0x0000020724539a8c: ;   {static_call}
  0x0000020724539a8c: 0000 00e8 

  0x0000020724539a90: ; ImmutableOopMap {[32]=Oop [40]=Oop [48]=Oop [64]=Oop [80]=Oop [88]=Oop [104]=NarrowOop [108]=NarrowOop [116]=NarrowOop [136]=Oop }
                      ;*invokestatic checkNotNullParameter {reexecute=0 rethrow=0 return_oop=0}
                      ; - org.jetbrains.skia.ImageInfo::<init>@3
                      ; - io.github.kdroidfilter.composemediaplayer.windows.WindowsVideoPlayerState::createVideoImageInfo@18 (line 1216)
                      ; - io.github.kdroidfilter.composemediaplayer.windows.WindowsVideoPlayerState::processOneFrame@368 (line 812)
  0x0000020724539a90: 8c5a a8ff 

  0x0000020724539a94: ;   {other}
  0x0000020724539a94: 0f1f 8400 | 041c 002a 

  0x0000020724539a9c: ;   {oop(a 'org/jetbrains/skia/ColorAlphaType'{0x000000040ebaf790})}
  0x0000020724539a9c: 48ba 90f7 | ba0e 0400 

  0x0000020724539aa4: ;   {oop("alphaType"{0x000000040ebc2740})}
  0x0000020724539aa4: 0000 49b8 | 4027 bc0e | 0400 0000 

  0x0000020724539ab0: ;   {static_call}
  0x0000020724539ab0: 6666 90e8 

  0x0000020724539ab4: ; ImmutableOopMap {[32]=Oop [40]=Oop [48]=Oop [64]=Oop [80]=Oop [88]=Oop [104]=NarrowOop [108]=NarrowOop [116]=NarrowOop [136]=Oop }
                      ;*invokestatic checkNotNullParameter {reexecute=0 rethrow=0 return_oop=0}
                      ; - org.jetbrains.skia.ImageInfo::<init>@10
                      ; - io.github.kdroidfilter.composemediaplayer.windows.WindowsVideoPlayerState::createVideoImageInfo@18 (line 1216)
                      ; - io.github.kdroidfilter.composemediaplayer.windows.WindowsVideoPlayerState::processOneFrame@368 (line 812)
  0x0000020724539ab4: 685a a8ff 

  0x0000020724539ab8: ;   {other}
  0x0000020724539ab8: 0f1f 8400 | 281c 002b | 498b 87b8 | 0100 004c | 8bd0 4983 | c218 4d3b | 97c8 0100 | 000f 8302 
  0x0000020724539ad8: 0d00 004d | 8997 b801 | 0000 410f | 1882 0001 | 0000 48c7 | 0001 0000 | 004c 8bd0 | 4983 c210 
  0x0000020724539af8: ;   {metadata('org/jetbrains/skia/ColorInfo')}
  0x0000020724539af8: c740 0808 | 7c10 0144 | 8960 0cc5 | fdef c0c4 | c179 d602 | 4c8b d04c | 8994 2498 

  0x0000020724539b14: ;   {oop(a 'org/jetbrains/skia/ColorType'{0x000000040ebaff58})}
  0x0000020724539b14: 0000 0048 | ba58 ffba | 0e04 0000 

  0x0000020724539b20: ;   {oop("colorType"{0x000000040ebc2708})}
  0x0000020724539b20: 0049 b808 | 27bc 0e04 

  0x0000020724539b28: ;   {static_call}
  0x0000020724539b28: 0000 00e8 

  0x0000020724539b2c: ; ImmutableOopMap {[32]=Oop [40]=Oop [48]=Oop [64]=Oop [80]=Oop [88]=Oop [104]=NarrowOop [108]=NarrowOop [116]=NarrowOop [136]=Oop [152]=Oop }
                      ;*invokestatic checkNotNullParameter {reexecute=0 rethrow=0 return_oop=0}
                      ; - org.jetbrains.skia.ColorInfo::<init>@3
                      ; - org.jetbrains.skia.ImageInfo::<init>@22 (line 25)
                      ; - io.github.kdroidfilter.composemediaplayer.windows.WindowsVideoPlayerState::createVideoImageInfo@18 (line 1216)
                      ; - io.github.kdroidfilter.composemediaplayer.windows.WindowsVideoPlayerState::processOneFrame@368 (line 812)
  0x0000020724539b2c: f059 a8ff 

  0x0000020724539b30: ;   {other}
  0x0000020724539b30: 0f1f 8400 | a01c 002c 

  0x0000020724539b38: ;   {oop(a 'org/jetbrains/skia/ColorAlphaType'{0x000000040ebaf790})}
  0x0000020724539b38: 48ba 90f7 | ba0e 0400 

  0x0000020724539b40: ;   {oop("alphaType"{0x000000040ebc2740})}
  0x0000020724539b40: 0000 49b8 | 4027 bc0e | 0400 0000 

  0x0000020724539b4c: ;   {static_call}
  0x0000020724539b4c: 6666 90e8 

  0x0000020724539b50: ; ImmutableOopMap {[32]=Oop [40]=Oop [48]=Oop [64]=Oop [80]=Oop [88]=Oop [104]=NarrowOop [108]=NarrowOop [116]=NarrowOop [136]=Oop [152]=Oop }
                      ;*invokestatic checkNotNullParameter {reexecute=0 rethrow=0 return_oop=0}
                      ; - org.jetbrains.skia.ColorInfo::<init>@9
                      ; - org.jetbrains.skia.ImageInfo::<init>@22 (line 25)
                      ; - io.github.kdroidfilter.composemediaplayer.windows.WindowsVideoPlayerState::createVideoImageInfo@18 (line 1216)
                      ; - io.github.kdroidfilter.composemediaplayer.windows.WindowsVideoPlayerState::processOneFrame@368 (line 812)
  0x0000020724539b50: cc59 a8ff 

  0x0000020724539b54: ;   {other}
  0x0000020724539b54: 0f1f 8400 | c41c 002d | 4180 7f40 | 000f 8534 | 0900 004c | 8b9c 2498 

  0x0000020724539b6c: ;   {oop(a 'org/jetbrains/skia/ColorType'{0x000000040ebaff58})}
  0x0000020724539b6c: 0000 0041 | c743 0ceb | 5fd7 814d | 8bd3 498b 

  0x0000020724539b7c: ;   {oop(a 'org/jetbrains/skia/ColorType'{0x000000040ebaff58})}
  0x0000020724539b7c: db49 bb58 | ffba 0e04 | 0000 004d | 33da 49c1 | eb17 4d85 | db74 1a49 | c1ea 0948 | b900 0021 
  0x0000020724539b9c: 2c07 0200 | 0049 03ca | 8039 020f | 85fc 0900 | 0041 807f | 4000 0f85 | a608 0000 

  0x0000020724539bb8: ;   {oop(a 'org/jetbrains/skia/ColorAlphaType'{0x000000040ebaf790})}
  0x0000020724539bb8: 4c8b c341 | c740 10f2 

  0x0000020724539bc0: ;   {oop(a 'org/jetbrains/skia/ColorAlphaType'{0x000000040ebaf790})}
  0x0000020724539bc0: 5ed7 8149 | ba90 f7ba | 0e04 0000 | 004d 8bd8 | 4d33 d349 | c1ea 174d | 85d2 741a | 49c1 eb09 
  0x0000020724539be0: 48b9 0000 | 212c 0702 | 0000 4903 | cb80 3902 | 0f85 6609 | 0000 4180 | 7f40 000f | 85df 0800 
  0x0000020724539c00: 0045 8960 | 144c 8984 | 2498 0000 | 0049 8bd0 

  0x0000020724539c10: ;   {oop("colorInfo"{0x000000040ebc26d0})}
  0x0000020724539c10: 49b8 d026 | bc0e 0400 

  0x0000020724539c18: ;   {static_call}
  0x0000020724539c18: 0000 90e8 

  0x0000020724539c1c: ; ImmutableOopMap {[32]=Oop [40]=Oop [48]=Oop [64]=Oop [80]=Oop [88]=Oop [104]=NarrowOop [108]=NarrowOop [116]=NarrowOop [136]=Oop [152]=Oop }
                      ;*invokestatic checkNotNullParameter {reexecute=0 rethrow=0 return_oop=0}
                      ; - org.jetbrains.skia.ImageInfo::<init>@3
                      ; - org.jetbrains.skia.ImageInfo::<init>@27 (line 24)
                      ; - io.github.kdroidfilter.composemediaplayer.windows.WindowsVideoPlayerState::createVideoImageInfo@18 (line 1216)
                      ; - io.github.kdroidfilter.composemediaplayer.windows.WindowsVideoPlayerState::processOneFrame@368 (line 812)
  0x0000020724539c1c: 0059 a8ff 

  0x0000020724539c20: ;   {other}
  0x0000020724539c20: 0f1f 8400 | 901d 002e | 4180 7f40 | 000f 85ea | 0800 004c | 8b84 2488 | 0000 004d | 8bd0 4c8b 
  0x0000020724539c40: 9c24 9800 | 0000 4d8b | cb49 c1e9 | 0345 8948 | 144d 33da | 49c1 eb17 | 4d85 db74 | 1a49 c1ea 
  0x0000020724539c60: 0948 b900 | 0021 2c07 | 0200 0049 | 03ca 8039 | 020f 8580 | 0900 0044 | 8b94 2494 | 0000 0045 
  0x0000020724539c80: 8950 1044 | 8b9c 2490 | 0000 0045 | 8958 0c48 | 8b4c 2430 | 448b 99dc | 0000 0047 | 8b4c dc0c 
  0x0000020724539ca0: 4585 c977 | 0d44 8b94 | 2480 0000 | 00e9 c001 | 0000 4c89 | 8424 c800 | 0000 4489 | 8c24 8400 
  0x0000020724539cc0: 0000 8ba9 | dc00 0000 | 4889 4c24 | 3049 8b87 | b801 0000 | 4c8b d049 | 83c2 204d | 3b97 c801 
  0x0000020724539ce0: 0000 0f83 | 790a 0000 | 4d89 97b8 | 0100 0041 | 0f18 8200 | 0100 0048 | c700 0100 | 0000 4c8b 
  0x0000020724539d00: d049 83c2 

  0x0000020724539d04: ;   {metadata('org/jetbrains/skia/Bitmap')}
  0x0000020724539d04: 10c7 4008 | 2867 2101 | 4489 600c | c5fd efc0 | 62d1 fe08 | 7f02 4c8b | d04c 8994 | 2488 0000 
  0x0000020724539d24: ;   {static_call}
  0x0000020724539d24: 0066 90e8 

  0x0000020724539d28: ; ImmutableOopMap {rbp=NarrowOop [32]=Oop [40]=Oop [48]=Oop [64]=Oop [80]=Oop [88]=Oop [104]=NarrowOop [108]=NarrowOop [116]=NarrowOop [136]=Oop [200]=Oop }
                      ;*invokestatic _nMake {reexecute=0 rethrow=0 return_oop=0}
                      ; - org.jetbrains.skia.BitmapKt::access$_nMake@0 (line 1)
                      ; - org.jetbrains.skia.Bitmap::<init>@1 (line 43)
                      ; - io.github.kdroidfilter.composemediaplayer.windows.WindowsVideoPlayerState::processOneFrame@400 (line 814)
  0x0000020724539d28: b452 feff 

  0x0000020724539d2c: ;   {other}
  0x0000020724539d2c: 0f1f 8400 | 9c1e 002f | 488b 9424 | 8800 0000 | 4c8b c049 | b910 24ab | 74fa 7f00 | 00bf 0100 
  0x0000020724539d4c: 0000 4889 | 8424 c000 

  0x0000020724539d54: ;   {optimized virtual_call}
  0x0000020724539d54: 0000 90e8 

  0x0000020724539d58: ; ImmutableOopMap {rbp=NarrowOop [32]=Oop [40]=Oop [48]=Oop [64]=Oop [80]=Oop [88]=Oop [104]=NarrowOop [108]=NarrowOop [116]=NarrowOop [136]=Oop [200]=Oop }
                      ;*invokespecial <init> {reexecute=0 rethrow=0 return_oop=0}
                      ; - org.jetbrains.skia.impl.Managed::<init>@15 (line 10)
                      ; - org.jetbrains.skia.Bitmap::<init>@11 (line 7)
                      ; - org.jetbrains.skia.Bitmap::<init>@4 (line 43)
                      ; - io.github.kdroidfilter.composemediaplayer.windows.WindowsVideoPlayerState::processOneFrame@400 (line 814)
  0x0000020724539d58: a4d6 fbff 

  0x0000020724539d5c: ;   {other}
  0x0000020724539d5c: 0f1f 8400 | cc1e 0030 

  0x0000020724539d64: ;   {oop(a 'org/jetbrains/skia/impl/Stats'{0x000000040e155bb8})}
  0x0000020724539d64: 48ba b85b | 150e 0400 

  0x0000020724539d6c: ;   {optimized virtual_call}
  0x0000020724539d6c: 0000 90e8 

  0x0000020724539d70: ; ImmutableOopMap {rbp=NarrowOop [32]=Oop [40]=Oop [48]=Oop [64]=Oop [80]=Oop [88]=Oop [104]=NarrowOop [108]=NarrowOop [116]=NarrowOop [136]=Oop [200]=Oop }
                      ;*invokevirtual onNativeCall {reexecute=0 rethrow=0 return_oop=0}
                      ; - org.jetbrains.skia.Bitmap::<init>@10 (line 44)
                      ; - io.github.kdroidfilter.composemediaplayer.windows.WindowsVideoPlayerState::processOneFrame@400 (line 814)
  0x0000020724539d70: cc48 bfff 

  0x0000020724539d74: ;   {other}
  0x0000020724539d74: 0f1f 8400 | e41e 0031 | 488b 9424 | c800 0000 

  0x0000020724539d84: ;   {oop("imageInfo"{0x000000040f30f548})}
  0x0000020724539d84: 49b8 48f5 | 300f 0400 | 0000 4889 | 9424 b000 

  0x0000020724539d94: ;   {static_call}
  0x0000020724539d94: 0000 90e8 

  0x0000020724539d98: ; ImmutableOopMap {rbp=NarrowOop [32]=Oop [40]=Oop [48]=Oop [64]=Oop [80]=Oop [88]=Oop [104]=NarrowOop [108]=NarrowOop [116]=NarrowOop [136]=Oop [176]=Oop [200]=Oop }
                      ;*invokestatic checkNotNullParameter {reexecute=0 rethrow=0 return_oop=0}
                      ; - org.jetbrains.skia.Bitmap::allocPixels@3
                      ; - io.github.kdroidfilter.composemediaplayer.windows.WindowsVideoPlayerState::processOneFrame@420 (line 814)
  0x0000020724539d98: 8457 a8ff 

  0x0000020724539d9c: ;   {other}
  0x0000020724539d9c: 0f1f 8400 | 0c1f 0032 | 488b 9424 | b000 0000 

  0x0000020724539dac: ;   {optimized virtual_call}
  0x0000020724539dac: 6666 90e8 

  0x0000020724539db0: ; ImmutableOopMap {rbp=NarrowOop [32]=Oop [40]=Oop [48]=Oop [64]=Oop [80]=Oop [88]=Oop [104]=NarrowOop [108]=NarrowOop [116]=NarrowOop [136]=Oop [176]=Oop [200]=Oop }
                      ;*invokevirtual getMinRowBytes {reexecute=0 rethrow=0 return_oop=0}
                      ; - org.jetbrains.skia.Bitmap::allocPixels@9 (line 505)
                      ; - io.github.kdroidfilter.composemediaplayer.windows.WindowsVideoPlayerState::processOneFrame@420 (line 814)
  0x0000020724539db0: 2cf5 fef8 

  0x0000020724539db4: ;   {other}
  0x0000020724539db4: 0f1f 8400 | 241f 0033 | 488b 9424 | 8800 0000 | 4c8b 8424 | b000 0000 

  0x0000020724539dcc: ;   {optimized virtual_call}
  0x0000020724539dcc: 448b c8e8 

  0x0000020724539dd0: ; ImmutableOopMap {rbp=NarrowOop [32]=Oop [40]=Oop [48]=Oop [64]=Oop [80]=Oop [88]=Oop [104]=NarrowOop [108]=NarrowOop [116]=NarrowOop [136]=Oop [176]=Oop [200]=Oop }
                      ;*invokevirtual allocPixels {reexecute=0 rethrow=0 return_oop=0}
                      ; - org.jetbrains.skia.Bitmap::allocPixels@12 (line 505)
                      ; - io.github.kdroidfilter.composemediaplayer.windows.WindowsVideoPlayerState::processOneFrame@420 (line 814)
  0x0000020724539dd0: ac2e e7f8 

  0x0000020724539dd4: ;   {other}
  0x0000020724539dd4: 0f1f 8400 | 441f 0034 

  0x0000020724539ddc: ; implicit exception: dispatches to 0x000002072453cde4
  0x0000020724539ddc: 458b 5cec | 0c44 8b94 | 2480 0000 | 0045 3bd3 | 0f83 661a | 0000 4d8d | 1cec 4b8d | 7493 1041 
  0x0000020724539dfc: 807f 4000 | 0f85 cd05 | 0000 448b | 9c24 8000 | 0000 4c8b | 9424 8800 | 0000 41ff | c341 8bdb 
  0x0000020724539e1c: 4c8b 9c24 | 8800 0000 | 49c1 eb03 | 4489 1e4c | 8bde 4d33 | d349 c1ea | 174d 85d2 | 741a 49c1 
  0x0000020724539e3c: eb09 48b9 | 0000 212c | 0702 0000 | 4903 cb80 | 3902 0f85 | bc05 0000 | 448b d344 | 3b94 2484 
  0x0000020724539e5c: 0000 000f | 8ccb f9ff | ff48 8b4c | 2430 448b | 8c24 8400 | 0000 8b5c | 244c 8959 | 3844 8b5c 
  0x0000020724539e7c: 2448 4489 | 5934 4489 | 612c 448b | 4424 7443 | 8b7c c40c | 85ff 0f84 | e81b 0000 | 418b c145 
  0x0000020724539e9c: 8bca 895c | 2434 4489 | 5c24 3048 | 8be9 498d | 14fc 41b8 | 0100 0000 | 448b 5424 | 7044 8954 
  0x0000020724539ebc: 246c 4489 | 4c24 7089 

  0x0000020724539ec4: ;   {optimized virtual_call}
  0x0000020724539ec4: 4424 74e8 

  0x0000020724539ec8: ; ImmutableOopMap {rbp=Oop [32]=Oop [40]=Oop [64]=Oop [80]=Oop [88]=Oop [104]=NarrowOop }
                      ;*invokevirtual release {reexecute=0 rethrow=0 return_oop=0}
                      ; - java.util.concurrent.locks.ReentrantReadWriteLock$WriteLock::unlock@5 (line 1147)
                      ; - io.github.kdroidfilter.composemediaplayer.windows.WindowsVideoPlayerState::processOneFrame@488 (line 802)
  0x0000020724539ec8: 14f1 bfff 

  0x0000020724539ecc: ;   {other}
  0x0000020724539ecc: 0f1f 8400 | 3c20 0035 | 4c8b c548 | 8944 24f8 | 8b44 2430 | 8984 2484 | 0000 0048 | 8b44 24f8 
  0x0000020724539eec: 4889 4424 | f88b 4424 | 3489 8424 | 8000 0000 | 488b 4424 | f848 ff74 | 2450 488f | 4424 7048 
  0x0000020724539f0c: 8944 24f8 | 8b44 2460 | 8944 246c | 488b 4424 | f844 8b4c | 2464 e91c | f4ff ff44 | 8994 248c 
  0x0000020724539f2c: 0000 0044 | 8984 2488 | 0000 0089 | 9424 8400 | 0000 4489 | 8c24 8000 | 0000 4889 | 7c24 7849 
  0x0000020724539f4c: 8b87 b801 | 0000 448b | 93e0 0000 | 0044 8994 | 2490 0000 | 0048 895c | 2430 4c8b | d849 83c3 
  0x0000020724539f6c: 1844 8b94 | 248c 0000 | 0049 c1e2 | 034c 8994 | 2498 0000 | 004d 3b9f | c801 0000 | 0f83 6b08 
  0x0000020724539f8c: 0000 4d89 | 9fb8 0100 | 0041 0f18 | 8300 0100 | 0048 c700 | 0100 0000 | 4c8b d049 

  0x0000020724539fa8: ;   {metadata('io/github/kdroidfilter/composemediaplayer/windows/WindowsVideoPlayerState$PendingCloseBitmap')}
  0x0000020724539fa8: 83c2 10c7 | 4008 80ed | 4601 4489 | 600c c5fd | efc0 c4c1 | 79d6 024c | 8bd0 4c89 | 9424 a000 
  0x0000020724539fc8: 0000 4c8b | 5424 3041 | 8b6a 3c48 | 8b94 2498 

  0x0000020724539fd8: ;   {oop("bitmap"{0x000000040f1d8710})}
  0x0000020724539fd8: 0000 0049 | b810 871d | 0f04 0000 

  0x0000020724539fe4: ;   {static_call}
  0x0000020724539fe4: 0066 90e8 

  0x0000020724539fe8: ; ImmutableOopMap {[32]=Oop [40]=Oop [48]=Oop [64]=Oop [80]=Oop [88]=Oop [104]=NarrowOop [108]=NarrowOop [116]=NarrowOop [140]=NarrowOop [144]=NarrowOop [152]=Oop [160]=Oop }
                      ;*invokestatic checkNotNullParameter {reexecute=0 rethrow=0 return_oop=0}
                      ; - io.github.kdroidfilter.composemediaplayer.windows.WindowsVideoPlayerState$PendingCloseBitmap::<init>@3
                      ; - io.github.kdroidfilter.composemediaplayer.windows.WindowsVideoPlayerState::processOneFrame@341 (line 808)
  0x0000020724539fe8: 3455 a8ff 

  0x0000020724539fec: ;   {other}
  0x0000020724539fec: 0f1f 8400 | 5c21 0036 | 4180 7f40 | 000f 85d5 | 0600 004c | 8b94 24a0 | 0000 0044 | 8b9c 248c 
  0x000002072453a00c: 0000 0045 | 895a 104c | 8b94 2498 | 0000 004c | 8b9c 24a0 | 0000 004d | 33d3 49c1 | ea17 4d85 
  0x000002072453a02c: d274 1a49 | c1eb 0948 | b900 0021 | 2c07 0200 | 0049 03cb | 8039 020f | 85ca 0600 | 004c 8b84 
  0x000002072453a04c: 24a0 0000 | 0041 8968 | 0c44 8b8c | 2490 0000 | 0045 85c9 | 0f84 8a1b | 0000 4b8d | 14cc 488b 
  0x000002072453a06c: ;   {optimized virtual_call}
  0x000002072453a06c: 6c24 30e8 

  0x000002072453a070: ; ImmutableOopMap {rbp=Oop [32]=Oop [40]=Oop [48]=Oop [64]=Oop [80]=Oop [88]=Oop [104]=NarrowOop [108]=NarrowOop [116]=NarrowOop [152]=Oop }
                      ;*invokevirtual addLast {reexecute=0 rethrow=0 return_oop=0}
                      ; - io.github.kdroidfilter.composemediaplayer.windows.WindowsVideoPlayerState::processOneFrame@344 (line 808)
  0x000002072453a070: 2c7e 69f8 

  0x000002072453a074: ;   {other}
  0x000002072453a074: 0f1f 8400 | e421 0037 | 488b dd44 | 8b9b dc00 | 0000 4585 | db0f 84e9 | 1b00 0048 | 8b7c 2478 
  0x000002072453a094: 448b 8c24 | 8000 0000 | 8b94 2484 | 0000 0044 | 8b84 2488 | 0000 00e9 | f7f8 ffff | 83fa 010f 
  0x000002072453a0b4: 8758 1c00 

  0x000002072453a0b8: ;   {oop(a 'androidx/compose/runtime/snapshots/GlobalSnapshot'{0x000000040ebb75c8})}
  0x000002072453a0b8: 0049 b8c8 | 75bb 0e04 | 0000 00e9 | efe9 ffff | 83fa 010f | 87b3 1c00 

  0x000002072453a0d0: ;   {oop(a 'androidx/compose/runtime/snapshots/GlobalSnapshot'{0x000000040ebb75c8})}
  0x000002072453a0d0: 0049 b8c8 | 75bb 0e04 | 0000 00e9 | 3ce7 ffff | 83f9 010f | 870f 1d00 

  0x000002072453a0e8: ;   {oop(a 'androidx/compose/runtime/snapshots/GlobalSnapshot'{0x000000040ebb75c8})}
  0x000002072453a0e8: 0049 b8c8 | 75bb 0e04 | 0000 00e9 | b0ec ffff | 83fa 010f | 876b 1d00 

  0x000002072453a100: ;   {oop(a 'androidx/compose/runtime/snapshots/GlobalSnapshot'{0x000000040ebb75c8})}
  0x000002072453a100: 0049 b8c8 | 75bb 0e04 | 0000 00e9 | 21ef ffff 

  0x000002072453a110: ;   {metadata({type array int})}
  0x000002072453a110: 48ba a026 | 0043 0702 | 0000 41b8 | 0100 0000 | 488b 6c24 

  0x000002072453a124: ;   {runtime_call _new_array_Java}
  0x000002072453a124: 2866 90e8 

  0x000002072453a128: ; ImmutableOopMap {rbp=Oop [40]=Oop [88]=Oop }
                      ;*newarray {reexecute=0 rethrow=0 return_oop=1}
                      ; - io.github.kdroidfilter.composemediaplayer.windows.WindowsVideoPlayerState::processOneFrame@1 (line 771)
  0x000002072453a128: d469 59ff 

  0x000002072453a12c: ;   {other}
  0x000002072453a12c: 0f1f 8400 | 9c22 0038 | e9fd e4ff | ff44 8b55 | 0c45 85d2 | 0f84 ddf5 | ffff 4d8b | 5f28 498b 
  0x000002072453a14c: ca48 c1e1 | 034d 85db | 0f84 6214 | 0000 4d8b | 5738 4b89 | 4c1a f849 | 83c3 f84d | 895f 28e9 
  0x000002072453a16c: b3f5 ffff | 4d8b 5758 | 4d8b 5f48 | f083 4424 | c000 4180 | 3800 0f84 | cef5 ffff | 4588 204d 
  0x000002072453a18c: 85db 7520 | 498b c849 | 8bd7 49ba | 100c 027a | fa7f 0000 

  0x000002072453a1a0: ;   {other}
  0x000002072453a1a0: 41ff d20f | 1f84 0000 | 0000 00e9 | a6f5 ffff | 4f89 441a | f849 83c3 | f84d 895f | 48e9 94f5 
  0x000002072453a1c0: ffff 498d | 14ec 4c89 | 4424 284c | 8944 2430 | 4c89 9424 | 1001 0000 

  0x000002072453a1d8: ;   {static_call}
  0x000002072453a1d8: 6666 90e8 

  0x000002072453a1dc: ; ImmutableOopMap {rbp=NarrowOop [64]=Oop [72]=Oop [80]=Oop [88]=Oop [96]=Oop [108]=NarrowOop [112]=Oop [120]=Oop [136]=Oop [144]=Oop [160]=Oop [168]=Oop }
                      ;*invokestatic binarySearch {reexecute=0 rethrow=0 return_oop=0}
                      ; - androidx.compose.runtime.snapshots.SnapshotIdSet::get@203 (line 62)
                      ; - androidx.compose.runtime.snapshots.SnapshotKt::valid@30 (line 2090)
                      ; - androidx.compose.runtime.snapshots.SnapshotKt::valid@6 (line 2095)
                      ; - androidx.compose.runtime.snapshots.SnapshotKt::readable@15 (line 2103)
                      ; - androidx.compose.runtime.snapshots.SnapshotKt::readable@35 (line 2124)
                      ; - androidx.compose.runtime.SnapshotMutableStateImpl::getValue@11 (line 142)
                      ; - io.github.kdroidfilter.composemediaplayer.windows.WindowsVideoPlayerState::getVideoWidth@16 (line 1444)
                      ; - io.github.kdroidfilter.composemediaplayer.windows.WindowsVideoPlayerState::processOneFrame@74 (line 779)
  0x000002072453a1dc: a056 4aff 

  0x000002072453a1e0: ;   {other}
  0x000002072453a1e0: 0f1f 8400 | 5023 0039 | 85c0 0f8d | 0bea ffff | 488b 8c24 | a000 0000 | 4c8b 4110 | e9ab e4ff 
  0x000002072453a200: ff48 8bf1 | 488b ca4c | 898c 2498 | 0000 0048 | 899c 2490 | 0000 0048 | 89bc 2488 | 0000 004c 
  0x000002072453a220: 8984 2480 | 0000 0044 | 895c 2430 | 498d 14ec | 4c8b c14c | 8984 24f0 | 0000 004c | 8984 2408 
  0x000002072453a240: 0100 0048 | 89b4 2418 

  0x000002072453a248: ;   {static_call}
  0x000002072453a248: 0100 00e8 

  0x000002072453a24c: ; ImmutableOopMap {rbp=NarrowOop [32]=Oop [48]=NarrowOop [64]=Oop [72]=Oop [80]=Oop [88]=Oop [104]=Oop [112]=Oop [128]=Oop [136]=Oop [144]=Oop [152]=Oop }
                      ;*invokestatic binarySearch {reexecute=0 rethrow=0 return_oop=0}
                      ; - androidx.compose.runtime.snapshots.SnapshotIdSet::get@203 (line 62)
                      ; - androidx.compose.runtime.snapshots.SnapshotKt::valid@30 (line 2090)
                      ; - androidx.compose.runtime.snapshots.SnapshotKt::valid@6 (line 2095)
                      ; - androidx.compose.runtime.snapshots.SnapshotKt::readable@15 (line 2103)
                      ; - androidx.compose.runtime.snapshots.SnapshotKt::readable@35 (line 2124)
                      ; - androidx.compose.runtime.SnapshotMutableStateImpl::getValue@11 (line 142)
                      ; - io.github.kdroidfilter.composemediaplayer.windows.WindowsVideoPlayerState::getVideoHeight@16 (line 1447)
                      ; - io.github.kdroidfilter.composemediaplayer.windows.WindowsVideoPlayerState::processOneFrame@85 (line 779)
  0x000002072453a24c: 3056 4aff 

  0x000002072453a250: ;   {other}
  0x000002072453a250: 0f1f 8400 | c023 003a | 85c0 0f8d | b905 0000 | 488b 9c24 | 9000 0000 | 488b 5310 | 448b 5c24 
  0x000002072453a270: 304c 8b84 | 2480 0000 | 0048 8bbc | 2488 0000 | 004c 8b8c | 2498 0000 | 00e9 56ec | ffff 498b 
  0x000002072453a290: f04c 8bd2 | 4889 9c24 | 9000 0000 | 4c89 8c24 | 8800 0000 | 4889 bc24 | 8000 0000 | 4889 4c24 
  0x000002072453a2b0: 7844 895c | 2430 498d | 14ec 4d8b | c24c 8994 | 24e8 0000 | 004c 8994 | 2400 0100 | 0048 89b4 
  0x000002072453a2d0: 2410 0100 

  0x000002072453a2d4: ;   {static_call}
  0x000002072453a2d4: 0066 90e8 

  0x000002072453a2d8: ; ImmutableOopMap {rbp=NarrowOop [32]=Oop [48]=NarrowOop [64]=Oop [72]=Oop [80]=Oop [88]=Oop [96]=Oop [104]=Oop [120]=Oop [128]=Oop [136]=Oop [144]=Oop }
                      ;*invokestatic binarySearch {reexecute=0 rethrow=0 return_oop=0}
                      ; - androidx.compose.runtime.snapshots.SnapshotIdSet::get@203 (line 62)
                      ; - androidx.compose.runtime.snapshots.SnapshotKt::valid@30 (line 2090)
                      ; - androidx.compose.runtime.snapshots.SnapshotKt::valid@6 (line 2095)
                      ; - androidx.compose.runtime.snapshots.SnapshotKt::readable@15 (line 2103)
                      ; - androidx.compose.runtime.snapshots.SnapshotKt::readable@35 (line 2124)
                      ; - androidx.compose.runtime.SnapshotMutableStateImpl::getValue@11 (line 142)
                      ; - io.github.kdroidfilter.composemediaplayer.windows.WindowsVideoPlayerState::getVideoWidth@16 (line 1444)
                      ; - io.github.kdroidfilter.composemediaplayer.windows.WindowsVideoPlayerState::processOneFrame@108 (line 785)
  0x000002072453a2d8: a455 4aff 

  0x000002072453a2dc: ;   {other}
  0x000002072453a2dc: 0f1f 8400 | 4c24 003b | 85c0 0f8d | 5705 0000 | 4c8b 8c24 | 8800 0000 | 498b 5110 | 448b 5c24 
  0x000002072453a2fc: 3048 8b4c | 2478 488b | bc24 8000 | 0000 488b | 9c24 9000 | 0000 e96e | eeff ff49 | 8bf3 4889 
  0x000002072453a31c: 8c24 8800 | 0000 4889 | 9c24 8000 | 0000 4c89 | 4c24 3044 | 8954 2420 | 498d 14ec | 4c8b c748 
  0x000002072453a33c: 89bc 24e0 | 0000 0048 | 89bc 24f8 | 0000 0048 | 89b4 2408 

  0x000002072453a350: ;   {static_call}
  0x000002072453a350: 0100 00e8 

  0x000002072453a354: ; ImmutableOopMap {rbp=NarrowOop [32]=NarrowOop [40]=Oop [48]=Oop [64]=Oop [72]=Oop [80]=Oop [88]=Oop [104]=Oop [112]=Oop [128]=Oop [136]=Oop }
                      ;*invokestatic binarySearch {reexecute=0 rethrow=0 return_oop=0}
                      ; - androidx.compose.runtime.snapshots.SnapshotIdSet::get@203 (line 62)
                      ; - androidx.compose.runtime.snapshots.SnapshotKt::valid@30 (line 2090)
                      ; - androidx.compose.runtime.snapshots.SnapshotKt::valid@6 (line 2095)
                      ; - androidx.compose.runtime.snapshots.SnapshotKt::readable@15 (line 2103)
                      ; - androidx.compose.runtime.snapshots.SnapshotKt::readable@35 (line 2124)
                      ; - androidx.compose.runtime.SnapshotMutableStateImpl::getValue@11 (line 142)
                      ; - io.github.kdroidfilter.composemediaplayer.windows.WindowsVideoPlayerState::getVideoHeight@16 (line 1447)
                      ; - io.github.kdroidfilter.composemediaplayer.windows.WindowsVideoPlayerState::processOneFrame@114 (line 786)
  0x000002072453a354: 2855 4aff 

  0x000002072453a358: ;   {other}
  0x000002072453a358: 0f1f 8400 | c824 003c | 85c0 0f8d | 0205 0000 | 488b 8c24 | 8800 0000 | 488b 7910 | 448b 5424 
  0x000002072453a378: 204c 8b4c | 2430 488b | 9c24 8000 | 0000 e972 | f4ff ff46 | 8b5c 8610 | 4585 db0f | 842b f6ff 
  0x000002072453a398: ff4d 8b57 | 2849 8bcb | 48c1 e103 | 4d85 d20f | 84c7 1500 | 0045 8bf0 | 8bea 458b | e94d 8b5f 
  0x000002072453a3b8: 384b 894c | 13f8 4983 | c2f8 4d89 | 5728 458b | cd8b d545 | 8bc6 e9f1 | f5ff ff44 | 8b1e 4585 
  0x000002072453a3d8: db74 2d4d | 8b57 2849 | 8bcb 48c1 | e103 4d85 | d20f 84aa | 1500 004d | 8b5f 384b | 894c 13f8 
  0x000002072453a3f8: 4983 c2f8 | 4d89 5728 | 448b 9424 | 8000 0000 | 458b dae9 | fef9 ffff | 4d8b 5758 | 4d8b 5f48 
  0x000002072453a418: f083 4424 | c000 8039 | 000f 842d | faff ff44 | 8821 4d85 | db75 1d49 | 8bd7 49ba | 100c 027a 
  0x000002072453a438: fa7f 0000 

  0x000002072453a43c: ;   {other}
  0x000002072453a43c: 41ff d20f | 1f84 0000 | 0000 00e9 | 08fa ffff | 4b89 4c1a | f849 83c3 | f84d 895f | 48e9 f6f9 
  0x000002072453a45c: ffff 4c8b | c345 8b58 | 1045 85db | 0f84 4df7 | ffff 4d8b | 5728 498b | cb48 c1e1 | 034d 85d2 
  0x000002072453a47c: 0f84 ef16 | 0000 4d8b | 5f38 4b89 | 4c13 f849 | 83c2 f84d | 8957 284c | 8bc3 e920 | f7ff ff4c 
  0x000002072453a49c: 8b9c 2498 | 0000 0045 | 8b53 0c45 | 85d2 0f84 | bff6 ffff | 498b db4d | 8b5f 2849 | 8bca 48c1 
  0x000002072453a4bc: e103 4d85 | db0f 848d | 1600 004d | 8b57 384b | 894c 1af8 | 4983 c3f8 | 4d89 5f28 | 4c8b dbe9 
  0x000002072453a4dc: 8ff6 ffff | 458b 5014 | 4585 d20f | 8414 f7ff | ff4d 8b5f | 2849 8bca | 48c1 e103 | 4d85 db0f 
  0x000002072453a4fc: 8433 1600 | 0049 8bd8 | 4d8b 5738 | 4b89 4c1a | f849 83c3 | f84d 895f | 284c 8bc3 | e9e4 f6ff 
  0x000002072453a51c: ff4c 8b84 | 2488 0000 | 0045 8b50 | 1445 85d2 | 0f84 09f7 | ffff 4d8b | 5f28 498b | ca48 c1e1 
  0x000002072453a53c: ;   {no_reloc}
  0x000002072453a53c: 034d 85db | 0f84 4816 | 0000 4d8b | 5738 4b89 | 4c1a f849 | 83c3 f84d | 895f 28e9 | dff6 ffff 
  0x000002072453a55c: 498b d84d | 8b57 484d | 8b5f 58f0 | 8344 24c0 | 0080 3900 | 742f 4488 | 214d 85d2 | 740f 4b89 
  0x000002072453a57c: 4c13 f849 | 83c2 f84d | 8957 48eb | 1849 8bd7 | 49ba 100c | 027a fa7f | 0000 41ff 

  0x000002072453a598: ;   {other}
  0x000002072453a598: d20f 1f84 | 0000 0000 | 004c 8bc3 | e94d f6ff | ff4d 8b57 | 484d 8b5f | 58f0 8344 | 24c0 0080 
  0x000002072453a5b8: 3900 0f84 | edf5 ffff | 4488 214d | 85d2 751d | 498b d749 | ba10 0c02 | 7afa 7f00 | 0041 ffd2 
  0x000002072453a5d8: ;   {other}
  0x000002072453a5d8: 0f1f 8400 | 0000 0000 | e9c8 f5ff | ff4b 894c | 13f8 4983 | c2f8 4d89 | 5748 e9b6 | f5ff ff4d 
  0x000002072453a5f8: 8b57 484d | 8b5f 58f0 | 8344 24c0 | 0080 3900 | 0f84 69f6 | ffff 4488 | 214d 85d2 | 7523 498b 
  0x000002072453a618: d849 8bd7 | 49ba 100c | 027a fa7f | 0000 41ff 

  0x000002072453a628: ;   {other}
  0x000002072453a628: d20f 1f84 | 0000 0000 | 004c 8bc3 | e93e f6ff | ff4b 894c | 13f8 4983 | c2f8 4d89 | 5748 e92c 
  0x000002072453a648: ;   {metadata({type array int})}
  0x000002072453a648: f6ff ff48 | baa0 2600 | 4307 0200 | 0041 b802 | 0000 0048 | 8b6c 2428 

  0x000002072453a660: ;   {runtime_call _new_array_Java}
  0x000002072453a660: 6666 90e8 

  0x000002072453a664: ; ImmutableOopMap {rbp=Oop [40]=Oop [48]=Oop [64]=Oop [72]=Oop [88]=Oop }
                      ;*newarray {reexecute=0 rethrow=0 return_oop=1}
                      ; - io.github.kdroidfilter.composemediaplayer.windows.WindowsVideoPlayerState::processOneFrame@41 (line 776)
  0x000002072453a664: 9864 59ff 

  0x000002072453a668: ;   {other}
  0x000002072453a668: 0f1f 8400 | d827 003d | e9e7 e2ff 

  0x000002072453a674: ;   {metadata({type array long})}
  0x000002072453a674: ff48 ba80 | 2a00 4307 | 0200 0041 | b801 0000 | 0048 8b6c 

  0x000002072453a688: ;   {runtime_call _new_array_Java}
  0x000002072453a688: 2420 90e8 

  0x000002072453a68c: ; ImmutableOopMap {rbp=Oop [32]=Oop [64]=Oop [80]=Oop [88]=Oop [104]=NarrowOop [112]=Oop [128]=Oop [152]=Oop }
                      ;*newarray {reexecute=0 rethrow=0 return_oop=1}
                      ; - io.github.kdroidfilter.composemediaplayer.windows.WindowsVideoPlayerState::processOneFrame@715 (line 852)
  0x000002072453a68c: 7064 59ff 

  0x000002072453a690: ;   {other}
  0x000002072453a690: 0f1f 8400 | 0028 003e | e90e efff | ffc5 fb11 | 8c24 a800 | 0000 4c89 | 9c24 a000 

  0x000002072453a6ac: ;   {metadata('io/github/kdroidfilter/composemediaplayer/windows/WindowsVideoPlayerState$ProduceOutcome$Frame')}
  0x000002072453a6ac: 0000 48ba | e82c 4644 | 0702 0000 | 488b 6c24 

  0x000002072453a6bc: ;   {runtime_call _new_instance_Java}
  0x000002072453a6bc: 2066 90e8 

  0x000002072453a6c0: ; ImmutableOopMap {rbp=Oop [32]=Oop [64]=Oop [80]=Oop [88]=Oop [104]=NarrowOop [112]=Oop [128]=Oop [152]=Oop [160]=Oop }
                      ;*new {reexecute=0 rethrow=0 return_oop=1}
                      ; - io.github.kdroidfilter.composemediaplayer.windows.WindowsVideoPlayerState::processOneFrame@747 (line 857)
  0x000002072453a6c0: bc39 59ff 

  0x000002072453a6c4: ;   {other}
  0x000002072453a6c4: 0f1f 8400 | 3428 003f | 488b e8e9 | 9def ffff | 4c8b 9424 | a000 0000 | 458b 5210 | 4585 d20f 
  0x000002072453a6e4: 8416 f9ff | ff4d 8b5f | 2849 8bca | 48c1 e103 | 4d85 db0f | 84f7 1500 | 004d 8b57 | 384b 894c 
  0x000002072453a704: 1af8 4983 | c3f8 4d89 | 5f28 e9ec | f8ff ff4d | 8b57 484d | 8b5f 58f0 | 8344 24c0 | 0080 3900 
  0x000002072453a724: 0f84 1ff9 | ffff 4488 | 214d 85d2 | 751d 498b | d749 ba10 | 0c02 7afa | 7f00 0041 

  0x000002072453a740: ;   {other}
  0x000002072453a740: ffd2 0f1f | 8400 0000 | 0000 e9fa | f8ff ff4b | 894c 13f8 | 4983 c2f8 | 4d89 5748 | e9e8 f8ff 
  0x000002072453a760: ;   {metadata('org/jetbrains/skia/Bitmap')}
  0x000002072453a760: ff48 ba28 | 6721 4407 

  0x000002072453a768: ;   {runtime_call _new_instance_Java}
  0x000002072453a768: 0200 00e8 

  0x000002072453a76c: ; ImmutableOopMap {rbp=NarrowOop [32]=Oop [40]=Oop [48]=Oop [64]=Oop [80]=Oop [88]=Oop [104]=NarrowOop [108]=NarrowOop [116]=NarrowOop [200]=Oop }
                      ;*new {reexecute=0 rethrow=0 return_oop=1}
                      ; - io.github.kdroidfilter.composemediaplayer.windows.WindowsVideoPlayerState::processOneFrame@396 (line 814)
  0x000002072453a76c: 1039 59ff 

  0x000002072453a770: ;   {other}
  0x000002072453a770: 0f1f 8400 | e028 0040 | e99d f5ff | ffba f6ff | ffff 498b | ea4c 8b54 | 2438 4c89 | 5424 3048 
  0x000002072453a790: 8944 2438 

  0x000002072453a794: ;   {runtime_call UncommonTrapBlob}
  0x000002072453a794: 6666 90e8 

  0x000002072453a798: ; ImmutableOopMap {rbp=Oop [56]=Oop [64]=Oop }
                      ;*invokevirtual ReadVideoFrame {reexecute=0 rethrow=0 return_oop=0}
                      ; - io.github.kdroidfilter.composemediaplayer.windows.WindowsVideoPlayerState::processOneFrame@10 (line 772)
  0x000002072453a798: 64d5 4aff 

  0x000002072453a79c: ;   {other}
  0x000002072453a79c: 0f1f 8400 | 0c29 0041 | 4489 8424 | 8400 0000 | 8994 2480 | 0000 0041 | 8be9 4889 | 7c24 7848 
  0x000002072453a7bc: 895c 2430 

  0x000002072453a7c0: ;   {metadata('org/jetbrains/skia/ImageInfo')}
  0x000002072453a7c0: 48ba 0078 | 1044 0702 

  0x000002072453a7c8: ;   {runtime_call _new_instance_Java}
  0x000002072453a7c8: 0000 90e8 

  0x000002072453a7cc: ; ImmutableOopMap {[32]=Oop [40]=Oop [48]=Oop [64]=Oop [80]=Oop [88]=Oop [104]=NarrowOop [108]=NarrowOop [116]=NarrowOop }
                      ;*new {reexecute=0 rethrow=0 return_oop=1}
                      ; - io.github.kdroidfilter.composemediaplayer.windows.WindowsVideoPlayerState::createVideoImageInfo@0 (line 1216)
                      ; - io.github.kdroidfilter.composemediaplayer.windows.WindowsVideoPlayerState::processOneFrame@368 (line 812)
  0x000002072453a7cc: b038 59ff 

  0x000002072453a7d0: ;   {other}
  0x000002072453a7d0: 0f1f 8400 | 4029 0042 | e95c f2ff 

  0x000002072453a7dc: ;   {metadata('org/jetbrains/skia/ColorInfo')}
  0x000002072453a7dc: ff48 ba08 | 7c10 4407 

  0x000002072453a7e4: ;   {runtime_call _new_instance_Java}
  0x000002072453a7e4: 0200 00e8 

  0x000002072453a7e8: ; ImmutableOopMap {[32]=Oop [40]=Oop [48]=Oop [64]=Oop [80]=Oop [88]=Oop [104]=NarrowOop [108]=NarrowOop [116]=NarrowOop [136]=Oop }
                      ;*new {reexecute=0 rethrow=0 return_oop=1}
                      ; - org.jetbrains.skia.ImageInfo::<init>@14 (line 25)
                      ; - io.github.kdroidfilter.composemediaplayer.windows.WindowsVideoPlayerState::createVideoImageInfo@18 (line 1216)
                      ; - io.github.kdroidfilter.composemediaplayer.windows.WindowsVideoPlayerState::processOneFrame@368 (line 812)
  0x000002072453a7e8: 9438 59ff 

  0x000002072453a7ec: ;   {other}
  0x000002072453a7ec: 0f1f 8400 | 5c29 0043 | e913 f3ff 

  0x000002072453a7f8: ;   {metadata('io/github/kdroidfilter/composemediaplayer/windows/WindowsVideoPlayerState$PendingCloseBitmap')}
  0x000002072453a7f8: ff48 ba80 | ed46 4407 | 0200 0048 

  0x000002072453a804: ;   {runtime_call _new_instance_Java}
  0x000002072453a804: 8beb 90e8 

  0x000002072453a808: ; ImmutableOopMap {rbp=Oop [32]=Oop [40]=Oop [48]=Oop [64]=Oop [80]=Oop [88]=Oop [104]=NarrowOop [108]=NarrowOop [116]=NarrowOop [140]=NarrowOop [144]=NarrowOop [152]=Oop }
                      ;*new {reexecute=0 rethrow=0 return_oop=1}
                      ; - io.github.kdroidfilter.composemediaplayer.windows.WindowsVideoPlayerState::processOneFrame@331 (line 808)
  0x000002072453a808: 7438 59ff 

  0x000002072453a80c: ;   {other}
  0x000002072453a80c: 0f1f 8400 | 7c29 0044 | e9a6 f7ff | ff44 8b5c | 2430 4c8b | 8424 8000 | 0000 488b | bc24 8800 
  0x000002072453a82c: 0000 488b | 9c24 9000 | 0000 4c8b | 8c24 9800 | 0000 e939 | e4ff ff44 | 8b5c 2430 | 488b 4c24 
  0x000002072453a84c: 7848 8bbc | 2480 0000 | 004c 8b8c | 2488 0000 | 0048 8b9c | 2490 0000 | 00e9 a7e6 | ffff 448b 
  0x000002072453a86c: 5424 204c | 8b4c 2430 | 488b 9c24 | 8000 0000 | 488b 8c24 | 8800 0000 | e929 e9ff | ffba f6ff 
  0x000002072453a88c: ffff 498b | eb48 ff74 | 2430 488f | 4424 2848 | ff74 2448 | 488f 4424 | 304c 8954 

  0x000002072453a8a8: ;   {runtime_call UncommonTrapBlob}
  0x000002072453a8a8: 2448 90e8 

  0x000002072453a8ac: ; ImmutableOopMap {rbp=Oop [40]=Oop [48]=Oop [72]=Oop }
                      ;*invokevirtual GetVideoSize {reexecute=0 rethrow=0 return_oop=0}
                      ; - io.github.kdroidfilter.composemediaplayer.windows.WindowsVideoPlayerState::processOneFrame@52 (line 777)
  0x000002072453a8ac: 50d4 4aff 

  0x000002072453a8b0: ;   {other}
  0x000002072453a8b0: 0f1f 8400 | 202a 0045 | ba5c ffff | ff48 8b6c | 2420 4c8b | 5424 284c | 8954 2420 | 4c8b 5424 
  0x000002072453a8d0: 404c 8954 | 2428 4c8b | 5424 484c | 8954 2430 | 4c8b 5424 | 604c 8954 | 2448 448b | 5424 6844 
  0x000002072453a8f0: 8954 2450 | 4c8b 5424 | 704c 8954 | 2460 4489 | 5c24 544c | 8954 2468 | 4c8b 5424 | 784c 8954 
  0x000002072453a910: 2470 4c8b | 9424 8000 | 0000 4c89 | 5424 7848 | 8984 2480 

  0x000002072453a924: ;   {runtime_call UncommonTrapBlob}
  0x000002072453a924: 0000 00e8 

  0x000002072453a928: ; ImmutableOopMap {rbp=Oop [40]=Oop [48]=Oop [72]=Oop [84]=NarrowOop [96]=Oop [104]=Oop [112]=Oop [128]=Oop }
                      ;*ifnull {reexecute=1 rethrow=0 return_oop=0}
                      ; - (reexecute) androidx.compose.runtime.snapshots.SnapshotKt::readable@8 (line 2102)
                      ; - androidx.compose.runtime.snapshots.SnapshotKt::readable@35 (line 2124)
                      ; - androidx.compose.runtime.SnapshotMutableStateImpl::getValue@11 (line 142)
                      ; - io.github.kdroidfilter.composemediaplayer.windows.WindowsVideoPlayerState::getVideoWidth@16 (line 1444)
                      ; - io.github.kdroidfilter.composemediaplayer.windows.WindowsVideoPlayerState::processOneFrame@74 (line 779)
  0x000002072453a928: d4d3 4aff 

  0x000002072453a92c: ;   {other}
  0x000002072453a92c: 0f1f 8400 | 9c2a 0046 | babe ffff | ff48 8b6c | 2420 4c8b | 5424 284c | 8954 2420 | 4c8b 5424 
  0x000002072453a94c: 404c 8954 | 2428 4c8b | 5424 484c | 8954 2430 | 4c8b 5424 | 604c 8954 | 2448 448b | 4424 6844 
  0x000002072453a96c: 8944 2450 | 4c8b 5424 | 704c 8954 | 2460 4c89 | 5424 684c | 8b54 2478 | 4c89 5424 | 7044 895c 
  0x000002072453a98c: 2478 4889 | 8424 8800 | 0000 4489 

  0x000002072453a998: ;   {runtime_call UncommonTrapBlob}
  0x000002072453a998: 5c24 7ce8 

  0x000002072453a99c: ; ImmutableOopMap {rbp=Oop [40]=Oop [48]=Oop [72]=Oop [96]=Oop [104]=Oop [112]=Oop [120]=NarrowOop [124]=NarrowOop [136]=Oop }
                      ;*ifnull {reexecute=1 rethrow=0 return_oop=0}
                      ; - (reexecute) androidx.compose.runtime.snapshots.SnapshotKt::readable@8 (line 2102)
                      ; - androidx.compose.runtime.snapshots.SnapshotKt::readable@35 (line 2124)
                      ; - androidx.compose.runtime.SnapshotMutableStateImpl::getValue@11 (line 142)
                      ; - io.github.kdroidfilter.composemediaplayer.windows.WindowsVideoPlayerState::getVideoWidth@16 (line 1444)
                      ; - io.github.kdroidfilter.composemediaplayer.windows.WindowsVideoPlayerState::processOneFrame@74 (line 779)
  0x000002072453a99c: 60d3 4aff 

  0x000002072453a9a0: ;   {other}
  0x000002072453a9a0: 0f1f 8400 | 102b 0047 | ba5c ffff | ff48 8b6c | 2450 4c8b | 5424 384c | 8954 2420 | 4c8b 5424 
  0x000002072453a9c0: 404c 8954 | 2428 4c8b | 5424 484c | 8954 2430 | 4c8b 5424 | 584c 8954 | 2448 448b | 5424 6044 
  0x000002072453a9e0: 8954 2450 | 4c8b 5424 | 684c 8954 | 2460 4489 | 5c24 5448 | 8984 2480 

  0x000002072453a9f8: ;   {runtime_call UncommonTrapBlob}
  0x000002072453a9f8: 0000 00e8 

  0x000002072453a9fc: ; ImmutableOopMap {rbp=Oop [40]=Oop [48]=Oop [72]=Oop [84]=NarrowOop [96]=Oop [104]=Oop [112]=Oop [128]=Oop }
                      ;*ifnull {reexecute=1 rethrow=0 return_oop=0}
                      ; - (reexecute) androidx.compose.runtime.snapshots.SnapshotKt::readable@8 (line 2102)
                      ; - androidx.compose.runtime.snapshots.SnapshotKt::readable@35 (line 2124)
                      ; - androidx.compose.runtime.SnapshotMutableStateImpl::getValue@11 (line 142)
                      ; - io.github.kdroidfilter.composemediaplayer.windows.WindowsVideoPlayerState::getVideoHeight@16 (line 1447)
                      ; - io.github.kdroidfilter.composemediaplayer.windows.WindowsVideoPlayerState::processOneFrame@85 (line 779)
  0x000002072453a9fc: 00d3 4aff 

  0x000002072453aa00: ;   {other}
  0x000002072453aa00: 0f1f 8400 | 702b 0048 | babe ffff | ff48 8b6c | 2450 4c8b | 5424 384c | 8954 2420 | 4c8b 5424 
  0x000002072453aa20: 404c 8954 | 2428 4c8b | 5424 484c | 8954 2430 | 4c8b 5424 | 584c 8954 | 2448 448b | 5424 6044 
  0x000002072453aa40: 8954 2450 | 4c8b 5424 | 684c 8954 | 2460 4489 | 9c24 8000 | 0000 4889 | 8424 8800 | 0000 4489 
  0x000002072453aa60: 9c24 8400 

  0x000002072453aa64: ;   {runtime_call UncommonTrapBlob}
  0x000002072453aa64: 0000 90e8 

  0x000002072453aa68: ; ImmutableOopMap {rbp=Oop [40]=Oop [48]=Oop [72]=Oop [96]=Oop [104]=Oop [112]=Oop [128]=NarrowOop [132]=NarrowOop [136]=Oop }
                      ;*ifnull {reexecute=1 rethrow=0 return_oop=0}
                      ; - (reexecute) androidx.compose.runtime.snapshots.SnapshotKt::readable@8 (line 2102)
                      ; - androidx.compose.runtime.snapshots.SnapshotKt::readable@35 (line 2124)
                      ; - androidx.compose.runtime.SnapshotMutableStateImpl::getValue@11 (line 142)
                      ; - io.github.kdroidfilter.composemediaplayer.windows.WindowsVideoPlayerState::getVideoHeight@16 (line 1447)
                      ; - io.github.kdroidfilter.composemediaplayer.windows.WindowsVideoPlayerState::processOneFrame@85 (line 779)
  0x000002072453aa68: 94d2 4aff 

  0x000002072453aa6c: ;   {other}
  0x000002072453aa6c: 0f1f 8400 | dc2b 0049 | ba5c ffff | ff48 8b6c | 2450 4c8b | 4424 384c | 8944 2420 | 4c8b 4424 
  0x000002072453aa8c: 404c 8944 | 2428 4c8b | 4424 484c | 8944 2430 | 4c8b 4424 | 584c 8944 | 2448 4c8b | 4424 604c 
  0x000002072453aaac: 8944 2458 | 4489 5c24 | 7848 8984 | 2480 0000 

  0x000002072453aabc: ;   {runtime_call UncommonTrapBlob}
  0x000002072453aabc: 0066 90e8 

  0x000002072453aac0: ; ImmutableOopMap {rbp=Oop [40]=Oop [48]=Oop [72]=Oop [88]=Oop [96]=Oop [104]=Oop [120]=NarrowOop [128]=Oop }
                      ;*ifnull {reexecute=1 rethrow=0 return_oop=0}
                      ; - (reexecute) androidx.compose.runtime.snapshots.SnapshotKt::readable@8 (line 2102)
                      ; - androidx.compose.runtime.snapshots.SnapshotKt::readable@35 (line 2124)
                      ; - androidx.compose.runtime.SnapshotMutableStateImpl::getValue@11 (line 142)
                      ; - io.github.kdroidfilter.composemediaplayer.windows.WindowsVideoPlayerState::getVideoWidth@16 (line 1444)
                      ; - io.github.kdroidfilter.composemediaplayer.windows.WindowsVideoPlayerState::processOneFrame@108 (line 785)
  0x000002072453aac0: 3cd2 4aff 

  0x000002072453aac4: ;   {other}
  0x000002072453aac4: 0f1f 8400 | 342c 004a | babe ffff | ff48 8b6c | 2450 4c8b | 5424 384c | 8954 2420 | 4c8b 5424 
  0x000002072453aae4: 404c 8954 | 2428 4c8b | 5424 484c | 8954 2430 | 4c8b 5424 | 584c 8954 | 2448 4c8b | 5424 604c 
  0x000002072453ab04: 8954 2458 | 4489 5c24 | 7c48 8984 | 2480 0000 | 0044 899c | 2488 0000 

  0x000002072453ab1c: ;   {runtime_call UncommonTrapBlob}
  0x000002072453ab1c: 0066 90e8 

  0x000002072453ab20: ; ImmutableOopMap {rbp=Oop [40]=Oop [48]=Oop [72]=Oop [88]=Oop [96]=Oop [104]=Oop [124]=NarrowOop [128]=Oop [136]=NarrowOop }
                      ;*ifnull {reexecute=1 rethrow=0 return_oop=0}
                      ; - (reexecute) androidx.compose.runtime.snapshots.SnapshotKt::readable@8 (line 2102)
                      ; - androidx.compose.runtime.snapshots.SnapshotKt::readable@35 (line 2124)
                      ; - androidx.compose.runtime.SnapshotMutableStateImpl::getValue@11 (line 142)
                      ; - io.github.kdroidfilter.composemediaplayer.windows.WindowsVideoPlayerState::getVideoWidth@16 (line 1444)
                      ; - io.github.kdroidfilter.composemediaplayer.windows.WindowsVideoPlayerState::processOneFrame@108 (line 785)
  0x000002072453ab20: dcd1 4aff 

  0x000002072453ab24: ;   {other}
  0x000002072453ab24: 0f1f 8400 | 942c 004b | ba5c ffff | ff48 8b6c | 2420 4c8b | 4424 384c | 8944 2420 | 4c8b 4424 
  0x000002072453ab44: 404c 8944 | 2428 4c8b | 4424 484c | 8944 2430 | 4c8b 4424 | 584c 8944 | 2448 448b | 4424 6044 
  0x000002072453ab64: 8944 2450 | 4c8b 4424 | 684c 8944 | 2460 4489 | 5424 5448 | 8984 2480 

  0x000002072453ab7c: ;   {runtime_call UncommonTrapBlob}
  0x000002072453ab7c: 0000 00e8 

  0x000002072453ab80: ; ImmutableOopMap {rbp=Oop [40]=Oop [48]=Oop [72]=Oop [84]=NarrowOop [96]=Oop [104]=Oop [112]=Oop [128]=Oop }
                      ;*ifnull {reexecute=1 rethrow=0 return_oop=0}
                      ; - (reexecute) androidx.compose.runtime.snapshots.SnapshotKt::readable@8 (line 2102)
                      ; - androidx.compose.runtime.snapshots.SnapshotKt::readable@35 (line 2124)
                      ; - androidx.compose.runtime.SnapshotMutableStateImpl::getValue@11 (line 142)
                      ; - io.github.kdroidfilter.composemediaplayer.windows.WindowsVideoPlayerState::getVideoHeight@16 (line 1447)
                      ; - io.github.kdroidfilter.composemediaplayer.windows.WindowsVideoPlayerState::processOneFrame@114 (line 786)
  0x000002072453ab80: 7cd1 4aff 

  0x000002072453ab84: ;   {other}
  0x000002072453ab84: 0f1f 8400 | f42c 004c | babe ffff | ff48 8b6c | 2420 4c8b | 5c24 384c | 895c 2420 | 4c8b 5c24 
  0x000002072453aba4: 404c 895c | 2428 4c8b | 5c24 484c | 895c 2430 | 4c8b 5c24 | 584c 895c | 2448 448b | 5c24 6044 
  0x000002072453abc4: 895c 2450 | 4c8b 5c24 | 684c 895c | 2460 4489 | 9424 8000 | 0000 4889 | 8424 8800 | 0000 4489 
  0x000002072453abe4: 9424 8400 

  0x000002072453abe8: ;   {runtime_call UncommonTrapBlob}
  0x000002072453abe8: 0000 90e8 

  0x000002072453abec: ; ImmutableOopMap {rbp=Oop [40]=Oop [48]=Oop [72]=Oop [96]=Oop [104]=Oop [112]=Oop [128]=NarrowOop [132]=NarrowOop [136]=Oop }
                      ;*ifnull {reexecute=1 rethrow=0 return_oop=0}
                      ; - (reexecute) androidx.compose.runtime.snapshots.SnapshotKt::readable@8 (line 2102)
                      ; - androidx.compose.runtime.snapshots.SnapshotKt::readable@35 (line 2124)
                      ; - androidx.compose.runtime.SnapshotMutableStateImpl::getValue@11 (line 142)
                      ; - io.github.kdroidfilter.composemediaplayer.windows.WindowsVideoPlayerState::getVideoHeight@16 (line 1447)
                      ; - io.github.kdroidfilter.composemediaplayer.windows.WindowsVideoPlayerState::processOneFrame@114 (line 786)
  0x000002072453abec: 10d1 4aff 

  0x000002072453abf0: ;   {other}
  0x000002072453abf0: 0f1f 8400 | 602d 004d | bade ffff | ff48 8b6c | 2450 4c8b | 5c24 384c | 895c 2420 | 4c8b 5c24 
  0x000002072453ac10: 404c 895c | 2428 4c89 | 4424 3844 | 8954 244c 

  0x000002072453ac20: ;   {runtime_call UncommonTrapBlob}
  0x000002072453ac20: 6666 90e8 

  0x000002072453ac24: ; ImmutableOopMap {rbp=Oop [40]=Oop [56]=Oop [88]=Oop }
                      ;*invokevirtual rewind {reexecute=0 rethrow=0 return_oop=0}
                      ; - io.github.kdroidfilter.composemediaplayer.windows.WindowsVideoPlayerState::processOneFrame@147 (line 792)
  0x000002072453ac24: d8d0 4aff 

  0x000002072453ac28: ;   {other}
  0x000002072453ac28: 0f1f 8400 | 982d 004e | bae4 ffff | ff48 8b74 | 2440 4889 | 7424 3048 | 8b74 2448 | 4889 7424 
  0x000002072453ac48: 3889 4424 | 584c 895c | 2468 4489 | 5424 5c4c | 895c 2470 | 4c89 8424 | 8800 0000 | 4889 9c24 
  0x000002072453ac68: 9000 0000 | 4c89 8424 | 9800 0000 | 898c 24a0 

  0x000002072453ac78: ;   {runtime_call UncommonTrapBlob}
  0x000002072453ac78: 0000 00e8 

  0x000002072453ac7c: ; ImmutableOopMap {rbp=NarrowOop [32]=Oop [48]=Oop [56]=Oop [80]=Oop [92]=NarrowOop [104]=Oop [112]=Oop [144]=Oop }
                      ;*laload {reexecute=0 rethrow=0 return_oop=0}
                      ; - androidx.compose.runtime.internal.ThreadMap::find@39 (line 137)
                      ; - androidx.compose.runtime.internal.ThreadMap::get@2 (line 69)
                      ; - androidx.compose.runtime.internal.SnapshotThreadLocal::get@30 (line 45)
                      ; - androidx.compose.runtime.snapshots.SnapshotKt::currentSnapshot@3 (line 1284)
                      ; - androidx.compose.runtime.snapshots.Snapshot$Companion::getCurrent@0 (line 294)
                      ; - androidx.compose.runtime.snapshots.SnapshotKt::readable@3 (line 2122)
                      ; - androidx.compose.runtime.SnapshotMutableStateImpl::getValue@11 (line 142)
                      ; - io.github.kdroidfilter.composemediaplayer.windows.WindowsVideoPlayerState::getVideoWidth@16 (line 1444)
                      ; - io.github.kdroidfilter.composemediaplayer.windows.WindowsVideoPlayerState::processOneFrame@74 (line 779)
  0x000002072453ac7c: 80d0 4aff 

  0x000002072453ac80: ;   {other}
  0x000002072453ac80: 0f1f 8400 | f02d 004f | bae4 ffff | ff48 8b7c | 2438 4889 | 7c24 2848 | 8b7c 2440 | 4889 7c24 
  0x000002072453aca0: 3048 8b7c | 2448 4889 | 7c24 384c | 894c 2440 | 4c89 4c24 | 4848 8944 | 2450 4489 | 6c24 584c 
  0x000002072453acc0: 895c 2468 | 4489 5424 | 5c4c 895c | 2470 4c89 | 8424 8800 | 0000 4889 | 9c24 9000 | 0000 4c89 
  0x000002072453ace0: 8424 9800 | 0000 898c | 24a0 0000 

  0x000002072453acec: ;   {runtime_call UncommonTrapBlob}
  0x000002072453acec: 0066 90e8 

  0x000002072453acf0: ; ImmutableOopMap {rbp=NarrowOop [48]=Oop [56]=Oop [64]=Oop [72]=Oop [80]=Oop [92]=NarrowOop [104]=Oop [112]=Oop [144]=Oop }
                      ;*laload {reexecute=0 rethrow=0 return_oop=0}
                      ; - androidx.compose.runtime.internal.ThreadMap::find@39 (line 137)
                      ; - androidx.compose.runtime.internal.ThreadMap::get@2 (line 69)
                      ; - androidx.compose.runtime.internal.SnapshotThreadLocal::get@30 (line 45)
                      ; - androidx.compose.runtime.snapshots.SnapshotKt::currentSnapshot@3 (line 1284)
                      ; - androidx.compose.runtime.snapshots.Snapshot$Companion::getCurrent@0 (line 294)
                      ; - androidx.compose.runtime.snapshots.SnapshotKt::readable@3 (line 2122)
                      ; - androidx.compose.runtime.SnapshotMutableStateImpl::getValue@11 (line 142)
                      ; - io.github.kdroidfilter.composemediaplayer.windows.WindowsVideoPlayerState::getVideoHeight@16 (line 1447)
                      ; - io.github.kdroidfilter.composemediaplayer.windows.WindowsVideoPlayerState::processOneFrame@85 (line 779)
  0x000002072453acf0: 0cd0 4aff 

  0x000002072453acf4: ;   {other}
  0x000002072453acf4: 0f1f 8400 | 642e 0050 | bae4 ffff | ff48 8b4c | 2438 4889 | 4c24 2848 | 8b4c 2440 | 4889 4c24 
  0x000002072453ad14: 3048 8b4c | 2448 4889 | 4c24 384c | 894c 2440 | 4c89 4c24 | 484c 8b4c | 2458 4c89 | 4c24 504c 
  0x000002072453ad34: 895c 2460 | 4489 5424 | 684c 895c | 2470 4c89 | 8424 8800 | 0000 4889 | 9c24 9000 | 0000 4c89 
  0x000002072453ad54: 8424 9800 | 0000 897c 

  0x000002072453ad5c: ;   {runtime_call UncommonTrapBlob}
  0x000002072453ad5c: 246c 90e8 

  0x000002072453ad60: ; ImmutableOopMap {rbp=NarrowOop [48]=Oop [56]=Oop [64]=Oop [72]=Oop [80]=Oop [96]=Oop [104]=NarrowOop [112]=Oop [144]=Oop }
                      ;*laload {reexecute=0 rethrow=0 return_oop=0}
                      ; - androidx.compose.runtime.internal.ThreadMap::find@39 (line 137)
                      ; - androidx.compose.runtime.internal.ThreadMap::get@2 (line 69)
                      ; - androidx.compose.runtime.internal.SnapshotThreadLocal::get@30 (line 45)
                      ; - androidx.compose.runtime.snapshots.SnapshotKt::currentSnapshot@3 (line 1284)
                      ; - androidx.compose.runtime.snapshots.Snapshot$Companion::getCurrent@0 (line 294)
                      ; - androidx.compose.runtime.snapshots.SnapshotKt::readable@3 (line 2122)
                      ; - androidx.compose.runtime.SnapshotMutableStateImpl::getValue@11 (line 142)
                      ; - io.github.kdroidfilter.composemediaplayer.windows.WindowsVideoPlayerState::getVideoWidth@16 (line 1444)
                      ; - io.github.kdroidfilter.composemediaplayer.windows.WindowsVideoPlayerState::processOneFrame@108 (line 785)
  0x000002072453ad60: 9ccf 4aff 

  0x000002072453ad64: ;   {other}
  0x000002072453ad64: 0f1f 8400 | d42e 0051 | bae4 ffff | ff48 8b74 | 2438 4889 | 7424 2848 | 8b74 2440 | 4889 7424 
  0x000002072453ad84: 3048 8b74 | 2448 4889 | 7424 384c | 894c 2440 | 4c89 4c24 | 484c 8b4c | 2458 4c89 | 4c24 5089 
  0x000002072453ada4: 4c24 584c | 895c 2468 | 4489 5424 | 5c4c 895c | 2470 4c89 | 8424 8800 | 0000 4889 | bc24 9000 
  0x000002072453adc4: 0000 4c89 | 8424 9800 | 0000 899c | 24a0 0000 

  0x000002072453add4: ;   {runtime_call UncommonTrapBlob}
  0x000002072453add4: 0066 90e8 

  0x000002072453add8: ; ImmutableOopMap {rbp=NarrowOop [48]=Oop [56]=Oop [64]=Oop [72]=Oop [80]=Oop [92]=NarrowOop [104]=Oop [112]=Oop [144]=Oop }
                      ;*laload {reexecute=0 rethrow=0 return_oop=0}
                      ; - androidx.compose.runtime.internal.ThreadMap::find@39 (line 137)
                      ; - androidx.compose.runtime.internal.ThreadMap::get@2 (line 69)
                      ; - androidx.compose.runtime.internal.SnapshotThreadLocal::get@30 (line 45)
                      ; - androidx.compose.runtime.snapshots.SnapshotKt::currentSnapshot@3 (line 1284)
                      ; - androidx.compose.runtime.snapshots.Snapshot$Companion::getCurrent@0 (line 294)
                      ; - androidx.compose.runtime.snapshots.SnapshotKt::readable@3 (line 2122)
                      ; - androidx.compose.runtime.SnapshotMutableStateImpl::getValue@11 (line 142)
                      ; - io.github.kdroidfilter.composemediaplayer.windows.WindowsVideoPlayerState::getVideoHeight@16 (line 1447)
                      ; - io.github.kdroidfilter.composemediaplayer.windows.WindowsVideoPlayerState::processOneFrame@114 (line 786)
  0x000002072453add8: 24cf 4aff 

  0x000002072453addc: ;   {other}
  0x000002072453addc: 0f1f 8400 | 4c2f 0052 | bae4 ffff | ff48 8b4c | 2440 4889 | 4c24 3048 | 8b4c 2448 | 4889 4c24 
  0x000002072453adfc: 3889 4424 | 584c 895c | 2468 4489 | 5424 5c4c | 895c 2470 | 4889 9c24 | 8000 0000 | 4c89 8424 
  0x000002072453ae1c: 8800 0000 

  0x000002072453ae20: ;   {runtime_call UncommonTrapBlob}
  0x000002072453ae20: 6666 90e8 

  0x000002072453ae24: ; ImmutableOopMap {rbp=NarrowOop [32]=Oop [48]=Oop [56]=Oop [80]=Oop [92]=NarrowOop [104]=Oop [112]=Oop [128]=Oop }
                      ;*aaload {reexecute=0 rethrow=0 return_oop=0}
                      ; - androidx.compose.runtime.internal.ThreadMap::get@15 (line 70)
                      ; - androidx.compose.runtime.internal.SnapshotThreadLocal::get@30 (line 45)
                      ; - androidx.compose.runtime.snapshots.SnapshotKt::currentSnapshot@3 (line 1284)
                      ; - androidx.compose.runtime.snapshots.Snapshot$Companion::getCurrent@0 (line 294)
                      ; - androidx.compose.runtime.snapshots.SnapshotKt::readable@3 (line 2122)
                      ; - androidx.compose.runtime.SnapshotMutableStateImpl::getValue@11 (line 142)
                      ; - io.github.kdroidfilter.composemediaplayer.windows.WindowsVideoPlayerState::getVideoWidth@16 (line 1444)
                      ; - io.github.kdroidfilter.composemediaplayer.windows.WindowsVideoPlayerState::processOneFrame@74 (line 779)
  0x000002072453ae24: d8ce 4aff 

  0x000002072453ae28: ;   {other}
  0x000002072453ae28: 0f1f 8400 | 982f 0053 | bae4 ffff | ff48 8b4c | 2438 4889 | 4c24 2848 | 8b4c 2440 | 4889 4c24 
  0x000002072453ae48: 3048 8b4c | 2448 4889 | 4c24 384c | 894c 2440 | 4c89 4c24 | 4848 8944 | 2450 4489 | 6c24 584c 
  0x000002072453ae68: 895c 2468 | 4489 5424 | 5c4c 895c | 2470 4889 | 9c24 8000 | 0000 4c89 | 8424 8800 

  0x000002072453ae84: ;   {runtime_call UncommonTrapBlob}
  0x000002072453ae84: 0000 90e8 

  0x000002072453ae88: ; ImmutableOopMap {rbp=NarrowOop [48]=Oop [56]=Oop [64]=Oop [72]=Oop [80]=Oop [92]=NarrowOop [104]=Oop [112]=Oop [128]=Oop }
                      ;*aaload {reexecute=0 rethrow=0 return_oop=0}
                      ; - androidx.compose.runtime.internal.ThreadMap::get@15 (line 70)
                      ; - androidx.compose.runtime.internal.SnapshotThreadLocal::get@30 (line 45)
                      ; - androidx.compose.runtime.snapshots.SnapshotKt::currentSnapshot@3 (line 1284)
                      ; - androidx.compose.runtime.snapshots.Snapshot$Companion::getCurrent@0 (line 294)
                      ; - androidx.compose.runtime.snapshots.SnapshotKt::readable@3 (line 2122)
                      ; - androidx.compose.runtime.SnapshotMutableStateImpl::getValue@11 (line 142)
                      ; - io.github.kdroidfilter.composemediaplayer.windows.WindowsVideoPlayerState::getVideoHeight@16 (line 1447)
                      ; - io.github.kdroidfilter.composemediaplayer.windows.WindowsVideoPlayerState::processOneFrame@85 (line 779)
  0x000002072453ae88: 74ce 4aff 

  0x000002072453ae8c: ;   {other}
  0x000002072453ae8c: 0f1f 8400 | fc2f 0054 | bae4 ffff | ff48 8b4c | 2438 4889 | 4c24 2848 | 8b4c 2440 | 4889 4c24 
  0x000002072453aeac: 3048 8b4c | 2448 4889 | 4c24 384c | 894c 2440 | 4c89 4c24 | 484c 8b4c | 2458 4c89 | 4c24 504c 
  0x000002072453aecc: 895c 2460 | 4489 5424 | 684c 895c | 2470 4889 | 9c24 8000 | 0000 4c89 | 8424 8800 

  0x000002072453aee8: ;   {runtime_call UncommonTrapBlob}
  0x000002072453aee8: 0000 90e8 

  0x000002072453aeec: ; ImmutableOopMap {rbp=NarrowOop [48]=Oop [56]=Oop [64]=Oop [72]=Oop [80]=Oop [96]=Oop [104]=NarrowOop [112]=Oop [128]=Oop }
                      ;*aaload {reexecute=0 rethrow=0 return_oop=0}
                      ; - androidx.compose.runtime.internal.ThreadMap::get@15 (line 70)
                      ; - androidx.compose.runtime.internal.SnapshotThreadLocal::get@30 (line 45)
                      ; - androidx.compose.runtime.snapshots.SnapshotKt::currentSnapshot@3 (line 1284)
                      ; - androidx.compose.runtime.snapshots.Snapshot$Companion::getCurrent@0 (line 294)
                      ; - androidx.compose.runtime.snapshots.SnapshotKt::readable@3 (line 2122)
                      ; - androidx.compose.runtime.SnapshotMutableStateImpl::getValue@11 (line 142)
                      ; - io.github.kdroidfilter.composemediaplayer.windows.WindowsVideoPlayerState::getVideoWidth@16 (line 1444)
                      ; - io.github.kdroidfilter.composemediaplayer.windows.WindowsVideoPlayerState::processOneFrame@108 (line 785)
  0x000002072453aeec: 10ce 4aff 

  0x000002072453aef0: ;   {other}
  0x000002072453aef0: 0f1f 8400 | 6030 0055 | bae4 ffff | ff48 8b5c | 2438 4889 | 5c24 2848 | 8b5c 2440 | 4889 5c24 
  0x000002072453af10: 3048 8b5c | 2448 4889 | 5c24 384c | 894c 2440 | 4c89 4c24 | 484c 8b4c | 2458 4c89 | 4c24 5089 
  0x000002072453af30: 4c24 584c | 895c 2468 | 4489 5424 | 5c4c 895c | 2470 4889 | bc24 8000 | 0000 4c89 | 8424 8800 
  0x000002072453af50: ;   {runtime_call UncommonTrapBlob}
  0x000002072453af50: 0000 90e8 

  0x000002072453af54: ; ImmutableOopMap {rbp=NarrowOop [48]=Oop [56]=Oop [64]=Oop [72]=Oop [80]=Oop [92]=NarrowOop [104]=Oop [112]=Oop [128]=Oop }
                      ;*aaload {reexecute=0 rethrow=0 return_oop=0}
                      ; - androidx.compose.runtime.internal.ThreadMap::get@15 (line 70)
                      ; - androidx.compose.runtime.internal.SnapshotThreadLocal::get@30 (line 45)
                      ; - androidx.compose.runtime.snapshots.SnapshotKt::currentSnapshot@3 (line 1284)
                      ; - androidx.compose.runtime.snapshots.Snapshot$Companion::getCurrent@0 (line 294)
                      ; - androidx.compose.runtime.snapshots.SnapshotKt::readable@3 (line 2122)
                      ; - androidx.compose.runtime.SnapshotMutableStateImpl::getValue@11 (line 142)
                      ; - io.github.kdroidfilter.composemediaplayer.windows.WindowsVideoPlayerState::getVideoHeight@16 (line 1447)
                      ; - io.github.kdroidfilter.composemediaplayer.windows.WindowsVideoPlayerState::processOneFrame@114 (line 786)
  0x000002072453af54: a8cd 4aff 

  0x000002072453af58: ;   {other}
  0x000002072453af58: 0f1f 8400 | c830 0056 | bade ffff | ff4c 8b44 | 2440 4c89 | 4424 304c | 8b44 2448 | 4c89 4424 
  0x000002072453af78: 3889 4424 | 584c 895c | 2468 4489 | 5424 5c4c | 895c 2470 

  0x000002072453af8c: ;   {runtime_call UncommonTrapBlob}
  0x000002072453af8c: 6666 90e8 

  0x000002072453af90: ; ImmutableOopMap {rbp=NarrowOop [32]=Oop [48]=Oop [56]=Oop [80]=Oop [92]=NarrowOop [104]=Oop [112]=Oop }
                      ;*checkcast {reexecute=0 rethrow=0 return_oop=0}
                      ; - androidx.compose.runtime.snapshots.SnapshotKt::currentSnapshot@6 (line 1284)
                      ; - androidx.compose.runtime.snapshots.Snapshot$Companion::getCurrent@0 (line 294)
                      ; - androidx.compose.runtime.snapshots.SnapshotKt::readable@3 (line 2122)
                      ; - androidx.compose.runtime.SnapshotMutableStateImpl::getValue@11 (line 142)
                      ; - io.github.kdroidfilter.composemediaplayer.windows.WindowsVideoPlayerState::getVideoWidth@16 (line 1444)
                      ; - io.github.kdroidfilter.composemediaplayer.windows.WindowsVideoPlayerState::processOneFrame@74 (line 779)
  0x000002072453af90: 6ccd 4aff 

  0x000002072453af94: ;   {other}
  0x000002072453af94: 0f1f 8400 | 0431 0057 | bade ffff | ff4c 8b44 | 2438 4c89 | 4424 284c | 8b44 2440 | 4c89 4424 
  0x000002072453afb4: 304c 8b44 | 2448 4c89 | 4424 384c | 894c 2440 | 4c89 4c24 | 4848 8944 | 2450 4489 | 6c24 584c 
  0x000002072453afd4: 895c 2468 | 4489 5424 | 5c4c 895c 

  0x000002072453afe0: ;   {runtime_call UncommonTrapBlob}
  0x000002072453afe0: 2470 90e8 

  0x000002072453afe4: ; ImmutableOopMap {rbp=NarrowOop [48]=Oop [56]=Oop [64]=Oop [72]=Oop [80]=Oop [92]=NarrowOop [104]=Oop [112]=Oop }
                      ;*checkcast {reexecute=0 rethrow=0 return_oop=0}
                      ; - androidx.compose.runtime.snapshots.SnapshotKt::currentSnapshot@6 (line 1284)
                      ; - androidx.compose.runtime.snapshots.Snapshot$Companion::getCurrent@0 (line 294)
                      ; - androidx.compose.runtime.snapshots.SnapshotKt::readable@3 (line 2122)
                      ; - androidx.compose.runtime.SnapshotMutableStateImpl::getValue@11 (line 142)
                      ; - io.github.kdroidfilter.composemediaplayer.windows.WindowsVideoPlayerState::getVideoHeight@16 (line 1447)
                      ; - io.github.kdroidfilter.composemediaplayer.windows.WindowsVideoPlayerState::processOneFrame@85 (line 779)
  0x000002072453afe4: 18cd 4aff 

  0x000002072453afe8: ;   {other}
  0x000002072453afe8: 0f1f 8400 | 5831 0058 | bade ffff | ff4c 8b44 | 2438 4c89 | 4424 284c | 8b44 2440 | 4c89 4424 
  0x000002072453b008: 304c 8b44 | 2448 4c89 | 4424 384c | 894c 2440 | 4c89 4c24 | 484c 8b44 | 2458 4c89 | 4424 504c 
  0x000002072453b028: 895c 2460 | 4489 5424 | 684c 895c 

  0x000002072453b034: ;   {runtime_call UncommonTrapBlob}
  0x000002072453b034: 2470 90e8 

  0x000002072453b038: ; ImmutableOopMap {rbp=NarrowOop [48]=Oop [56]=Oop [64]=Oop [72]=Oop [80]=Oop [96]=Oop [104]=NarrowOop [112]=Oop }
                      ;*checkcast {reexecute=0 rethrow=0 return_oop=0}
                      ; - androidx.compose.runtime.snapshots.SnapshotKt::currentSnapshot@6 (line 1284)
                      ; - androidx.compose.runtime.snapshots.Snapshot$Companion::getCurrent@0 (line 294)
                      ; - androidx.compose.runtime.snapshots.SnapshotKt::readable@3 (line 2122)
                      ; - androidx.compose.runtime.SnapshotMutableStateImpl::getValue@11 (line 142)
                      ; - io.github.kdroidfilter.composemediaplayer.windows.WindowsVideoPlayerState::getVideoWidth@16 (line 1444)
                      ; - io.github.kdroidfilter.composemediaplayer.windows.WindowsVideoPlayerState::processOneFrame@108 (line 785)
  0x000002072453b038: c4cc 4aff 

  0x000002072453b03c: ;   {other}
  0x000002072453b03c: 0f1f 8400 | ac31 0059 | bade ffff | ff4c 8b44 | 2438 4c89 | 4424 284c | 8b44 2440 | 4c89 4424 
  0x000002072453b05c: 304c 8b44 | 2448 4c89 | 4424 384c | 894c 2440 | 4c89 4c24 | 484c 8b44 | 2458 4c89 | 4424 5089 
  0x000002072453b07c: 4c24 584c | 895c 2468 | 4489 5424 | 5c4c 895c 

  0x000002072453b08c: ;   {runtime_call UncommonTrapBlob}
  0x000002072453b08c: 2470 90e8 

  0x000002072453b090: ; ImmutableOopMap {rbp=NarrowOop [48]=Oop [56]=Oop [64]=Oop [72]=Oop [80]=Oop [92]=NarrowOop [104]=Oop [112]=Oop }
                      ;*checkcast {reexecute=0 rethrow=0 return_oop=0}
                      ; - androidx.compose.runtime.snapshots.SnapshotKt::currentSnapshot@6 (line 1284)
                      ; - androidx.compose.runtime.snapshots.Snapshot$Companion::getCurrent@0 (line 294)
                      ; - androidx.compose.runtime.snapshots.SnapshotKt::readable@3 (line 2122)
                      ; - androidx.compose.runtime.SnapshotMutableStateImpl::getValue@11 (line 142)
                      ; - io.github.kdroidfilter.composemediaplayer.windows.WindowsVideoPlayerState::getVideoHeight@16 (line 1447)
                      ; - io.github.kdroidfilter.composemediaplayer.windows.WindowsVideoPlayerState::processOneFrame@114 (line 786)
  0x000002072453b090: 6ccc 4aff 

  0x000002072453b094: ;   {other}
  0x000002072453b094: 0f1f 8400 | 0432 005a | bae4 ffff | ff4c 894c | 2420 4c8b | 5424 384c | 8954 2428 | 4c8b 5424 
  0x000002072453b0b4: 404c 8954 | 2430 4c8b | 5424 584c | 8954 2440 | 4489 4424 

  0x000002072453b0c8: ;   {runtime_call UncommonTrapBlob}
  0x000002072453b0c8: 5866 90e8 

  0x000002072453b0cc: ; ImmutableOopMap {rbp=NarrowOop [32]=Oop [48]=Oop [64]=Oop [112]=Oop }
                      ;*aaload {reexecute=0 rethrow=0 return_oop=0}
                      ; - io.github.kdroidfilter.composemediaplayer.windows.WindowsVideoPlayerState::processOneFrame@537 (line 824)
  0x000002072453b0cc: 30cc 4aff 

  0x000002072453b0d0: ;   {other}
  0x000002072453b0d0: 0f1f 8400 | 4032 005b | baf6 ffff | ff49 8bea | 4c8b 5424 | 384c 8954 | 2420 4c8b | 5424 404c 
  0x000002072453b0f0: 8954 2428 | 4c8b 5424 | 504c 8954 | 2438 4c8b | 5424 584c | 8954 2440 | 448b 5c24 | 6044 895c 
  0x000002072453b110: 2450 448b | 5424 6444 | 8954 2454 | 448b 5c24 | 6844 895c | 2458 448b | 5424 6c44 | 8954 245c 
  0x000002072453b130: ;   {runtime_call UncommonTrapBlob}
  0x000002072453b130: 6666 90e8 

  0x000002072453b134: ; ImmutableOopMap {rbp=Oop [40]=Oop [56]=Oop [64]=Oop [88]=NarrowOop [128]=Oop [152]=Oop }
                      ;*invokevirtual UnlockVideoFrame {reexecute=0 rethrow=0 return_oop=0}
                      ; - io.github.kdroidfilter.composemediaplayer.windows.WindowsVideoPlayerState::processOneFrame@710 (line 850)
  0x000002072453b134: c8cb 4aff 

  0x000002072453b138: ;   {other}
  0x000002072453b138: 0f1f 8400 | a832 005c | baf6 ffff | ff49 8bea | 4c8b 5424 | 384c 8954 | 2420 4c8b | 5424 404c 
  0x000002072453b158: 8954 2428 | 4c8b 5424 | 504c 8954 | 2438 4c8b | 5424 584c | 8954 2440 | 448b 5424 | 6044 8954 
  0x000002072453b178: 2450 448b | 5c24 6444 | 895c 2454 | 448b 5424 | 6844 8954 | 2458 4c8b | 9424 8000 | 0000 4c89 
  0x000002072453b198: 5424 604c | 8b94 2488 | 0000 004c | 8954 2470 | 448b 5c24 | 6c44 895c | 245c 4c89 | 8424 8800 
  0x000002072453b1b8: ;   {runtime_call UncommonTrapBlob}
  0x000002072453b1b8: 0000 90e8 

  0x000002072453b1bc: ; ImmutableOopMap {rbp=Oop [40]=Oop [56]=Oop [64]=Oop [88]=NarrowOop [96]=Oop [136]=Oop [152]=Oop }
                      ;*invokevirtual GetMediaPosition {reexecute=0 rethrow=0 return_oop=0}
                      ; - io.github.kdroidfilter.composemediaplayer.windows.WindowsVideoPlayerState::processOneFrame@726 (line 854)
  0x000002072453b1bc: 40cb 4aff 

  0x000002072453b1c0: ;   {other}
  0x000002072453b1c0: 0f1f 8400 | 3033 005d | bae4 ffff | ff4c 8944 | 2420 4c8b | 5424 384c | 8954 2428 | 4c8b 5424 
  0x000002072453b1e0: 404c 8954 | 2430 8944 

  0x000002072453b1e8: ;   {runtime_call UncommonTrapBlob}
  0x000002072453b1e8: 2454 90e8 

  0x000002072453b1ec: ; ImmutableOopMap {rbp=NarrowOop [32]=Oop [48]=Oop [88]=Oop [112]=Oop }
                      ;*aaload {reexecute=0 rethrow=0 return_oop=0}
                      ; - io.github.kdroidfilter.composemediaplayer.windows.WindowsVideoPlayerState::processOneFrame@203 (line 801)
  0x000002072453b1ec: 10cb 4aff 

  0x000002072453b1f0: ;   {other}
  0x000002072453b1f0: 0f1f 8400 | 6033 005e | ba86 ffff | ff4c 8b54 | 2438 4c89 | 5424 204c | 8b54 2440 | 4c89 5424 
  0x000002072453b210: 284c 894c | 2430 4c8b | 5424 584c | 8954 2440 | 894c 2458 | 4489 4424 

  0x000002072453b228: ;   {runtime_call UncommonTrapBlob}
  0x000002072453b228: 5c66 90e8 

  0x000002072453b22c: ; ImmutableOopMap {[40]=Oop [48]=Oop [64]=Oop [88]=NarrowOop [112]=Oop }
                      ;*irem {reexecute=0 rethrow=0 return_oop=0}
                      ; - io.github.kdroidfilter.composemediaplayer.windows.WindowsVideoPlayerState::processOneFrame@556 (line 825)
  0x000002072453b22c: d0ca 4aff 

  0x000002072453b230: ;   {other}
  0x000002072453b230: 0f1f 8400 | a033 005f | ba45 ffff | ff48 8b6c | 2420 4c8b | 5424 284c | 8954 2420 | 4c8b 5424 
  0x000002072453b250: 404c 8954 | 2428 8944 

  0x000002072453b258: ;   {runtime_call UncommonTrapBlob}
  0x000002072453b258: 2440 90e8 

  0x000002072453b25c: ; ImmutableOopMap {rbp=Oop [40]=Oop [72]=Oop [80]=Oop }
                      ;*ifle {reexecute=1 rethrow=0 return_oop=0}
                      ; - (reexecute) io.github.kdroidfilter.composemediaplayer.windows.WindowsVideoPlayerState::processOneFrame@59 (line 778)
  0x000002072453b25c: a0ca 4aff 

  0x000002072453b260: ;   {other}
  0x000002072453b260: 0f1f 8400 | d033 0060 | ba45 ffff | ff4c 8b54 | 2440 4c89 

  0x000002072453b274: ;   {runtime_call UncommonTrapBlob}
  0x000002072453b274: 5424 30e8 

  0x000002072453b278: ; ImmutableOopMap {[32]=Oop [48]=Oop [72]=Oop [80]=Oop }
                      ;*ifle {reexecute=1 rethrow=0 return_oop=0}
                      ; - (reexecute) io.github.kdroidfilter.composemediaplayer.windows.WindowsVideoPlayerState::processOneFrame@66 (line 778)
  0x000002072453b278: 84ca 4aff 

  0x000002072453b27c: ;   {other}
  0x000002072453b27c: 0f1f 8400 | ec33 0061 | ba45 ffff | ff4c 8b5c | 2438 4c89 | 5c24 284c | 8b5c 2440 | 4c89 5c24 
  0x000002072453b29c: 304c 8b5c | 2448 4c89 

  0x000002072453b2a4: ;   {runtime_call UncommonTrapBlob}
  0x000002072453b2a4: 5c24 38e8 

  0x000002072453b2a8: ; ImmutableOopMap {[48]=Oop [56]=Oop [80]=Oop [96]=Oop }
                      ;*if_icmpne {reexecute=1 rethrow=0 return_oop=0}
                      ; - (reexecute) io.github.kdroidfilter.composemediaplayer.windows.WindowsVideoPlayerState::processOneFrame@77 (line 779)
  0x000002072453b2a8: 54ca 4aff 

  0x000002072453b2ac: ;   {other}
  0x000002072453b2ac: 0f1f 8400 | 1c34 0062 | ba45 ffff | ff48 8b6c | 2450 4c8b | 5c24 384c | 895c 2420 | 4c8b 5c24 
  0x000002072453b2cc: 404c 895c | 2428 4c8b | 5c24 484c | 895c 2430 | 4489 5424 | 4444 8944 

  0x000002072453b2e4: ;   {runtime_call UncommonTrapBlob}
  0x000002072453b2e4: 2448 90e8 

  0x000002072453b2e8: ; ImmutableOopMap {rbp=Oop [40]=Oop [48]=Oop [88]=Oop }
                      ;*ifle {reexecute=1 rethrow=0 return_oop=0}
                      ; - (reexecute) io.github.kdroidfilter.composemediaplayer.windows.WindowsVideoPlayerState::processOneFrame@121 (line 787)
  0x000002072453b2e8: 14ca 4aff 

  0x000002072453b2ec: ;   {other}
  0x000002072453b2ec: 0f1f 8400 | 5c34 0063 | ba45 ffff | ff48 ff74 | 2428 488f | 4424 204c | 8b54 2438 | 4c89 5424 
  0x000002072453b30c: ;   {runtime_call UncommonTrapBlob}
  0x000002072453b30c: 2866 90e8 

  0x000002072453b310: ; ImmutableOopMap {[32]=Oop [48]=Oop [72]=Oop }
                      ;*ifge {reexecute=1 rethrow=0 return_oop=0}
                      ; - (reexecute) io.github.kdroidfilter.composemediaplayer.windows.WindowsVideoPlayerState::processOneFrame@30 (line 773)
  0x000002072453b310: ecc9 4aff 

  0x000002072453b314: ;   {other}
  0x000002072453b314: 0f1f 8400 | 8434 0064 | 48c7 c1ff | ffff ff4c | 3bc1 bdff | ffff ff7c | 0840 0f95 | c540 0fb6 
  0x000002072453b334: edba 45ff | ffff 488b | 4c24 4048 | 894c 2430 | 488b 4c24 | 4848 894c | 2438 8944 | 2458 4c89 
  0x000002072453b354: 5c24 6844 | 8954 245c | 4c89 5c24 | 704c 8944 

  0x000002072453b364: ;   {runtime_call UncommonTrapBlob}
  0x000002072453b364: 2478 90e8 

  0x000002072453b368: ; ImmutableOopMap {[32]=Oop [48]=Oop [56]=Oop [80]=Oop [92]=NarrowOop [104]=Oop [112]=Oop }
                      ;*ifne {reexecute=1 rethrow=0 return_oop=0}
                      ; - (reexecute) androidx.compose.runtime.internal.SnapshotThreadLocal::get@9 (line 42)
                      ; - androidx.compose.runtime.snapshots.SnapshotKt::currentSnapshot@3 (line 1284)
                      ; - androidx.compose.runtime.snapshots.Snapshot$Companion::getCurrent@0 (line 294)
                      ; - androidx.compose.runtime.snapshots.SnapshotKt::readable@3 (line 2122)
                      ; - androidx.compose.runtime.SnapshotMutableStateImpl::getValue@11 (line 142)
                      ; - io.github.kdroidfilter.composemediaplayer.windows.WindowsVideoPlayerState::getVideoWidth@16 (line 1444)
                      ; - io.github.kdroidfilter.composemediaplayer.windows.WindowsVideoPlayerState::processOneFrame@74 (line 779)
  0x000002072453b368: 94c9 4aff 

  0x000002072453b36c: ;   {other}
  0x000002072453b36c: 0f1f 8400 | dc34 0065 | 48c7 c1ff | ffff ff4c | 3bc1 bdff | ffff ff7c | 0840 0f95 | c540 0fb6 
  0x000002072453b38c: edba 45ff | ffff 488b | 4c24 3848 | 894c 2428 | 488b 4c24 | 4048 894c | 2430 488b | 4c24 4848 
  0x000002072453b3ac: 894c 2438 | 4c89 4c24 | 404c 894c | 2448 4889 | 4424 5044 | 896c 2458 | 4c89 5c24 | 6844 8954 
  0x000002072453b3cc: 245c 4c89 | 5c24 704c | 8944 2478 

  0x000002072453b3d8: ;   {runtime_call UncommonTrapBlob}
  0x000002072453b3d8: 6666 90e8 

  0x000002072453b3dc: ; ImmutableOopMap {[48]=Oop [56]=Oop [64]=Oop [72]=Oop [80]=Oop [92]=NarrowOop [104]=Oop [112]=Oop }
                      ;*ifne {reexecute=1 rethrow=0 return_oop=0}
                      ; - (reexecute) androidx.compose.runtime.internal.SnapshotThreadLocal::get@9 (line 42)
                      ; - androidx.compose.runtime.snapshots.SnapshotKt::currentSnapshot@3 (line 1284)
                      ; - androidx.compose.runtime.snapshots.Snapshot$Companion::getCurrent@0 (line 294)
                      ; - androidx.compose.runtime.snapshots.SnapshotKt::readable@3 (line 2122)
                      ; - androidx.compose.runtime.SnapshotMutableStateImpl::getValue@11 (line 142)
                      ; - io.github.kdroidfilter.composemediaplayer.windows.WindowsVideoPlayerState::getVideoHeight@16 (line 1447)
                      ; - io.github.kdroidfilter.composemediaplayer.windows.WindowsVideoPlayerState::processOneFrame@85 (line 779)
  0x000002072453b3dc: 20c9 4aff 

  0x000002072453b3e0: ;   {other}
  0x000002072453b3e0: 0f1f 8400 | 5035 0066 | ba45 ffff | ff4c 8b5c | 2438 4c89 | 5c24 284c | 8b5c 2440 | 4c89 5c24 
  0x000002072453b400: 304c 8b5c | 2448 4c89 

  0x000002072453b408: ;   {runtime_call UncommonTrapBlob}
  0x000002072453b408: 5c24 38e8 

  0x000002072453b40c: ; ImmutableOopMap {[48]=Oop [56]=Oop [80]=Oop [88]=Oop }
                      ;*if_icmpeq {reexecute=1 rethrow=0 return_oop=0}
                      ; - (reexecute) io.github.kdroidfilter.composemediaplayer.windows.WindowsVideoPlayerState::processOneFrame@88 (line 779)
  0x000002072453b40c: f0c8 4aff 

  0x000002072453b410: ;   {other}
  0x000002072453b410: 0f1f 8400 | 8035 0067 | 48c7 c1ff | ffff ff4c | 3bc1 bdff | ffff ff7c | 0840 0f95 | c540 0fb6 
  0x000002072453b430: edba 45ff | ffff 488b | 4c24 3848 | 894c 2428 | 488b 4c24 | 4048 894c | 2430 488b | 4c24 4848 
  0x000002072453b450: 894c 2438 | 4c89 4c24 | 404c 894c | 2448 4c8b | 4c24 584c | 894c 2450 | 4c89 5c24 | 6044 8954 
  0x000002072453b470: 2468 4c89 | 5c24 704c | 8944 2478 

  0x000002072453b47c: ;   {runtime_call UncommonTrapBlob}
  0x000002072453b47c: 6666 90e8 

  0x000002072453b480: ; ImmutableOopMap {[48]=Oop [56]=Oop [64]=Oop [72]=Oop [80]=Oop [96]=Oop [104]=NarrowOop [112]=Oop }
                      ;*ifne {reexecute=1 rethrow=0 return_oop=0}
                      ; - (reexecute) androidx.compose.runtime.internal.SnapshotThreadLocal::get@9 (line 42)
                      ; - androidx.compose.runtime.snapshots.SnapshotKt::currentSnapshot@3 (line 1284)
                      ; - androidx.compose.runtime.snapshots.Snapshot$Companion::getCurrent@0 (line 294)
                      ; - androidx.compose.runtime.snapshots.SnapshotKt::readable@3 (line 2122)
                      ; - androidx.compose.runtime.SnapshotMutableStateImpl::getValue@11 (line 142)
                      ; - io.github.kdroidfilter.composemediaplayer.windows.WindowsVideoPlayerState::getVideoWidth@16 (line 1444)
                      ; - io.github.kdroidfilter.composemediaplayer.windows.WindowsVideoPlayerState::processOneFrame@108 (line 785)
  0x000002072453b480: 7cc8 4aff 

  0x000002072453b484: ;   {other}
  0x000002072453b484: 0f1f 8400 | f435 0068 | 48c7 c3ff | ffff ff4c | 3bc3 bdff | ffff ff7c | 0840 0f95 | c540 0fb6 
  0x000002072453b4a4: edba 45ff | ffff 488b | 5c24 3848 | 895c 2428 | 488b 5c24 | 4048 895c | 2430 488b | 5c24 4848 
  0x000002072453b4c4: 895c 2438 | 4c89 4c24 | 404c 894c | 2448 4c8b | 4c24 584c | 894c 2450 | 894c 2458 | 4c89 5c24 
  0x000002072453b4e4: 6844 8954 | 245c 4c89 | 5c24 704c | 8944 2478 

  0x000002072453b4f4: ;   {runtime_call UncommonTrapBlob}
  0x000002072453b4f4: 6666 90e8 

  0x000002072453b4f8: ; ImmutableOopMap {[48]=Oop [56]=Oop [64]=Oop [72]=Oop [80]=Oop [92]=NarrowOop [104]=Oop [112]=Oop }
                      ;*ifne {reexecute=1 rethrow=0 return_oop=0}
                      ; - (reexecute) androidx.compose.runtime.internal.SnapshotThreadLocal::get@9 (line 42)
                      ; - androidx.compose.runtime.snapshots.SnapshotKt::currentSnapshot@3 (line 1284)
                      ; - androidx.compose.runtime.snapshots.Snapshot$Companion::getCurrent@0 (line 294)
                      ; - androidx.compose.runtime.snapshots.SnapshotKt::readable@3 (line 2122)
                      ; - androidx.compose.runtime.SnapshotMutableStateImpl::getValue@11 (line 142)
                      ; - io.github.kdroidfilter.composemediaplayer.windows.WindowsVideoPlayerState::getVideoHeight@16 (line 1447)
                      ; - io.github.kdroidfilter.composemediaplayer.windows.WindowsVideoPlayerState::processOneFrame@114 (line 786)
  0x000002072453b4f8: 04c8 4aff 

  0x000002072453b4fc: ;   {other}
  0x000002072453b4fc: 0f1f 8400 | 6c36 0069 | ba45 ffff | ff48 8b6c | 2450 4c8b | 5c24 384c | 895c 2420 | 4c8b 5c24 
  0x000002072453b51c: 404c 895c | 2428 4c8b | 5c24 484c | 895c 2430 | 4489 5424 

  0x000002072453b530: ;   {runtime_call UncommonTrapBlob}
  0x000002072453b530: 4866 90e8 

  0x000002072453b534: ; ImmutableOopMap {rbp=Oop [40]=Oop [48]=Oop [88]=Oop }
                      ;*ifgt {reexecute=1 rethrow=0 return_oop=0}
                      ; - (reexecute) io.github.kdroidfilter.composemediaplayer.windows.WindowsVideoPlayerState::processOneFrame@126 (line 787)
  0x000002072453b534: c8c7 4aff 

  0x000002072453b538: ;   {other}
  0x000002072453b538: 0f1f 8400 | a836 006a | ba45 ffff | ff48 8b6c | 2420 4c8b | 5424 384c | 8954 2420 | 4c8b 5424 
  0x000002072453b558: 404c 8954 | 2428 4c8b | 5424 504c | 8954 2438 | 4c8b 5424 | 584c 8954 | 2440 448b | 5424 6044 
  0x000002072453b578: 8954 2450 | 448b 4424 | 6444 8944 | 2454 448b | 5424 6844 | 8954 2458 | 4c8b 9424 | 8000 0000 
  0x000002072453b598: 4c89 5424 | 6044 8b44 | 246c 4489 | 4424 5c89 | 8424 8000 

  0x000002072453b5ac: ;   {runtime_call UncommonTrapBlob}
  0x000002072453b5ac: 0000 90e8 

  0x000002072453b5b0: ; ImmutableOopMap {rbp=Oop [40]=Oop [48]=Oop [56]=Oop [64]=Oop [88]=NarrowOop [96]=Oop [152]=Oop }
                      ;*iflt {reexecute=1 rethrow=0 return_oop=0}
                      ; - (reexecute) io.github.kdroidfilter.composemediaplayer.windows.WindowsVideoPlayerState::processOneFrame@729 (line 854)
  0x000002072453b5b0: 4cc7 4aff 

  0x000002072453b5b4: ;   {other}
  0x000002072453b5b4: 0f1f 8400 | 2437 006b | 498b d749 | ba30 0c02 | 7afa 7f00 | 0041 ffd2 

  0x000002072453b5cc: ;   {other}
  0x000002072453b5cc: 0f1f 8400 | 0000 0000 | e94a e1ff | ffba 45ff | ffff 498b | e94c 8b54 | 2438 4c89 | 5424 204c 
  0x000002072453b5ec: 8b54 2440 | 4c89 5424 | 284c 8b54 | 2458 4c89 | 5424 3889 | 4c24 5489 

  0x000002072453b604: ;   {runtime_call UncommonTrapBlob}
  0x000002072453b604: 4c24 58e8 

  0x000002072453b608: ; ImmutableOopMap {rbp=Oop [40]=Oop [56]=Oop [84]=NarrowOop [88]=NarrowOop [112]=Oop }
                      ;*ifnonnull {reexecute=1 rethrow=0 return_oop=0}
                      ; - (reexecute) kotlin.jvm.internal.Intrinsics::checkNotNull@1 (line 24)
                      ; - io.github.kdroidfilter.composemediaplayer.windows.WindowsVideoPlayerState::processOneFrame@539 (line 824)
  0x000002072453b608: f4c6 4aff 

  0x000002072453b60c: ;   {other}
  0x000002072453b60c: 0f1f 8400 | 7c37 006c | ba45 ffff | ff4c 8b54 | 2438 4c89 | 5424 204c | 8b54 2440 | 4c89 5424 
  0x000002072453b62c: 284c 8b54 | 2450 4c89 | 5424 304c | 8b54 2458 | 4c89 5424 | 3844 8b54 | 2464 4489 | 5424 4c48 
  0x000002072453b64c: 8944 2460 

  0x000002072453b650: ;   {runtime_call UncommonTrapBlob}
  0x000002072453b650: 6666 90e8 

  0x000002072453b654: ; ImmutableOopMap {rbp=Oop [40]=Oop [48]=Oop [56]=Oop [96]=Oop [104]=NarrowOop }
                      ;*ifnonnull {reexecute=1 rethrow=0 return_oop=0}
                      ; - (reexecute) io.github.kdroidfilter.composemediaplayer.windows.WindowsVideoPlayerState::processOneFrame@569 (line 828)
  0x000002072453b654: a8c6 4aff 

  0x000002072453b658: ;   {other}
  0x000002072453b658: 0f1f 8400 | c837 006d | 4533 d249 | 3bc2 bdff | ffff ff7c | 0840 0f95 | c540 0fb6 | edba 45ff 
  0x000002072453b678: ffff 4c8b | 5424 384c | 8954 2428 | 4c8b 5424 | 404c 8954 | 2430 4c8b | 5424 504c | 8954 2438 
  0x000002072453b698: 4c8b 5424 | 584c 8954 | 2440 448b | 5c24 6c44 | 895c 2450 | 448b 5424 | 6444 8954 | 2454 448b 
  0x000002072453b6b8: 5c24 6844 | 895c 2458 | 4889 4424 

  0x000002072453b6c4: ;   {runtime_call UncommonTrapBlob}
  0x000002072453b6c4: 6866 90e8 

  0x000002072453b6c8: ; ImmutableOopMap {[32]=Oop [48]=Oop [56]=Oop [64]=Oop [88]=NarrowOop [128]=Oop }
                      ;*ifne {reexecute=1 rethrow=0 return_oop=0}
                      ; - (reexecute) io.github.kdroidfilter.composemediaplayer.windows.WindowsVideoPlayerState::processOneFrame@610 (line 834)
  0x000002072453b6c8: 34c6 4aff 

  0x000002072453b6cc: ;   {other}
  0x000002072453b6cc: 0f1f 8400 | 3c38 006e | ba45 ffff | ff4c 8b54 | 2438 4c89 | 5424 204c | 8b54 2440 | 4c89 5424 
  0x000002072453b6ec: 284c 8b54 | 2450 4c89 | 5424 304c | 8b54 2458 | 4c89 5424 | 3844 8b54 | 2448 4489 | 5424 4044 
  0x000002072453b70c: 8b5c 244c | 4489 5c24 | 4444 8b54 | 2460 4489 | 5424 4844 | 8b5c 2464 | 4489 5c24 | 4c44 8b54 
  0x000002072453b72c: 2468 4489 | 5424 5044 | 8b5c 246c | 4489 5c24 | 5448 8944 

  0x000002072453b740: ;   {runtime_call UncommonTrapBlob}
  0x000002072453b740: 2478 90e8 

  0x000002072453b744: ; ImmutableOopMap {rbp=Oop [40]=Oop [48]=Oop [56]=Oop [80]=NarrowOop [120]=Oop [128]=Oop }
                      ;*ifnonnull {reexecute=1 rethrow=0 return_oop=0}
                      ; - (reexecute) io.github.kdroidfilter.composemediaplayer.windows.WindowsVideoPlayerState::processOneFrame@667 (line 843)
  0x000002072453b744: b8c5 4aff 

  0x000002072453b748: ;   {other}
  0x000002072453b748: 0f1f 8400 | b838 006f | bae4 ffff | ff48 8beb | 4c8b 5424 | 384c 8954 | 2420 4c8b | 5424 404c 
  0x000002072453b768: 8954 2428 | 4c8b 5424 | 504c 8954 | 2430 4c8b | 5424 584c | 8954 2438 | 448b 5424 | 4844 8954 
  0x000002072453b788: 2440 8b4c | 244c 894c | 2444 448b | 5424 6044 | 8954 2448 | 8b4c 2464 | 894c 244c | 448b 5424 
  0x000002072453b7a8: 6c44 8954 | 2450 8b4c | 2468 894c | 2454 4489 | 4c24 6444 | 895c 2468 | 4489 4424 

  0x000002072453b7c4: ;   {runtime_call UncommonTrapBlob}
  0x000002072453b7c4: 6c66 90e8 

  0x000002072453b7c8: ; ImmutableOopMap {rbp=Oop [40]=Oop [48]=Oop [56]=Oop [80]=NarrowOop [84]=NarrowOop [104]=NarrowOop [116]=NarrowOop }
                      ;*aaload {reexecute=0 rethrow=0 return_oop=0}
                      ; - io.github.kdroidfilter.composemediaplayer.windows.WindowsVideoPlayerState::processOneFrame@317 (line 807)
  0x000002072453b7c8: 34c5 4aff 

  0x000002072453b7cc: ;   {other}
  0x000002072453b7cc: 0f1f 8400 | 3c39 0070 | bae4 ffff | ff48 8beb | 4c8b 5424 | 384c 8954 | 2420 4c8b | 5424 404c 
  0x000002072453b7ec: 8954 2428 | 4c8b 5424 | 504c 8954 | 2430 4c8b | 5424 584c | 8954 2438 | 8b4c 2448 | 894c 2440 
  0x000002072453b80c: 448b 5424 | 4c44 8954 | 2444 8b4c | 2460 894c | 2448 448b | 5424 6444 | 8954 244c | 8b4c 246c 
  0x000002072453b82c: 894c 2450 | 448b 5424 | 6844 8954 | 2454 4489 | 4c24 6444 | 895c 2468 | 4489 4424 

  0x000002072453b848: ;   {runtime_call UncommonTrapBlob}
  0x000002072453b848: 6c66 90e8 

  0x000002072453b84c: ; ImmutableOopMap {rbp=Oop [40]=Oop [48]=Oop [56]=Oop [80]=NarrowOop [84]=NarrowOop [104]=NarrowOop [116]=NarrowOop }
                      ;*aastore {reexecute=1 rethrow=0 return_oop=0}
                      ; - (reexecute) io.github.kdroidfilter.composemediaplayer.windows.WindowsVideoPlayerState::processOneFrame@360 (line 810)
  0x000002072453b84c: b0c4 4aff 

  0x000002072453b850: ;   {other}
  0x000002072453b850: 0f1f 8400 | c039 0071 | bae4 ffff | ff4c 8b5c | 2430 4c89 | 5c24 204c | 8b5c 2438 | 4c89 5c24 
  0x000002072453b870: 284c 8b5c | 2440 4c89 | 5c24 304c | 8b5c 2450 | 4c89 5c24 | 384c 8b5c | 2458 4c89 | 5c24 4044 
  0x000002072453b890: 8b5c 2460 | 4489 5c24 | 5044 8b44 | 2464 4489 | 4424 5444 | 8b5c 246c | 4489 5c24 | 5844 8b44 
  0x000002072453b8b0: 2468 4489 | 4424 5c44 | 8b5c 2470 | 4489 5c24 | 6044 8b44 | 2474 4489 | 4424 644c | 8b9c 2488 
  0x000002072453b8d0: 0000 004c | 895c 2478 | 448b 9c24 | 8400 0000 | 4489 5c24 | 7444 8994 | 2490 0000 | 0044 8994 
  0x000002072453b8f0: 2494 0000 

  0x000002072453b8f4: ;   {runtime_call UncommonTrapBlob}
  0x000002072453b8f4: 0066 90e8 

  0x000002072453b8f8: ; ImmutableOopMap {rbp=NarrowOop [32]=Oop [48]=Oop [56]=Oop [64]=Oop [88]=NarrowOop [92]=NarrowOop [100]=NarrowOop [120]=Oop [176]=Oop }
                      ;*aastore {reexecute=1 rethrow=0 return_oop=0}
                      ; - (reexecute) io.github.kdroidfilter.composemediaplayer.windows.WindowsVideoPlayerState::processOneFrame@435 (line 814)
  0x000002072453b8f8: 04c4 4aff 

  0x000002072453b8fc: ;   {other}
  0x000002072453b8fc: 0f1f 8400 | 6c3a 0072 | ba45 ffff | ff4c 8944 | 2420 4c8b | 5424 384c | 8954 2428 | 4c8b 5424 
  0x000002072453b91c: 404c 8954 | 2430 4c8b | 5424 584c | 8954 2440 | 8944 2454 | 4489 5c24 

  0x000002072453b934: ;   {runtime_call UncommonTrapBlob}
  0x000002072453b934: 5866 90e8 

  0x000002072453b938: ; ImmutableOopMap {[32]=Oop [48]=Oop [64]=Oop [112]=Oop }
                      ;*if_icmpeq {reexecute=1 rethrow=0 return_oop=0}
                      ; - (reexecute) io.github.kdroidfilter.composemediaplayer.windows.WindowsVideoPlayerState::processOneFrame@222 (line 801)
  0x000002072453b938: c4c3 4aff 

  0x000002072453b93c: ;   {other}
  0x000002072453b93c: 0f1f 8400 | ac3a 0073 | baf6 ffff | ff49 8be8 | 4c8b 5424 | 384c 8954 | 2420 4c8b | 5424 404c 
  0x000002072453b95c: 8954 2428 | 8944 2454 

  0x000002072453b964: ;   {runtime_call UncommonTrapBlob}
  0x000002072453b964: 6666 90e8 

  0x000002072453b968: ; ImmutableOopMap {rbp=Oop [40]=Oop [88]=Oop [112]=Oop }
                      ;*invokevirtual UnlockVideoFrame {reexecute=0 rethrow=0 return_oop=0}
                      ; - io.github.kdroidfilter.composemediaplayer.windows.WindowsVideoPlayerState::processOneFrame@181 (line 796)
  0x000002072453b968: 94c3 4aff 

  0x000002072453b96c: ;   {other}
  0x000002072453b96c: 0f1f 8400 | dc3a 0074 | 458b f08b | ea45 8be9 | 498b d749 | ba30 0c02 | 7afa 7f00 | 0041 ffd2 
  0x000002072453b98c: ;   {other}
  0x000002072453b98c: 0f1f 8400 | 0000 0000 | e92d eaff | ff49 8bd7 | 49ba 300c | 027a fa7f | 0000 41ff 

  0x000002072453b9a8: ;   {other}
  0x000002072453b9a8: d20f 1f84 | 0000 0000 | 00e9 4aea | ffff baf6 | ffff ff49 | 8be8 4c8b | 4424 384c | 8944 2420 
  0x000002072453b9c8: 4c8b 4424 | 404c 8944 | 2428 4c8b | 4424 584c | 8944 2438 | 8944 244c | 4489 5424 | 5444 895c 
  0x000002072453b9e8: ;   {runtime_call UncommonTrapBlob}
  0x000002072453b9e8: 2458 90e8 

  0x000002072453b9ec: ; ImmutableOopMap {rbp=Oop [40]=Oop [56]=Oop [84]=NarrowOop [88]=NarrowOop [112]=Oop }
                      ;*invokevirtual getWriteHoldCount {reexecute=0 rethrow=0 return_oop=0}
                      ; - java.util.concurrent.locks.ReentrantReadWriteLock::getWriteHoldCount@4 (line 1309)
                      ; - io.github.kdroidfilter.composemediaplayer.windows.WindowsVideoPlayerState::processOneFrame@240 (line 802)
  0x000002072453b9ec: 10c3 4aff 

  0x000002072453b9f0: ;   {other}
  0x000002072453b9f0: 0f1f 8400 | 603b 0075 | baf6 ffff | ff4c 8b5c | 2438 4c89 | 5c24 204c | 8b5c 2440 | 4c89 5c24 
  0x000002072453ba10: 284c 8b5c | 2450 4c89 | 5c24 304c | 8b5c 2458 | 4c89 5c24 | 3844 8954 

  0x000002072453ba28: ;   {runtime_call UncommonTrapBlob}
  0x000002072453ba28: 2458 90e8 

  0x000002072453ba2c: ; ImmutableOopMap {rbp=Oop [40]=Oop [48]=Oop [56]=Oop [88]=NarrowOop [104]=NarrowOop }
                      ;*invokevirtual getReadHoldCount {reexecute=0 rethrow=0 return_oop=0}
                      ; - java.util.concurrent.locks.ReentrantReadWriteLock::getReadHoldCount@4 (line 1322)
                      ; - io.github.kdroidfilter.composemediaplayer.windows.WindowsVideoPlayerState::processOneFrame@248 (line 802)
  0x000002072453ba2c: d0c2 4aff 

  0x000002072453ba30: ;   {other}
  0x000002072453ba30: 0f1f 8400 | a03b 0076 | baf6 ffff | ff4c 8b5c | 2438 4c89 | 5c24 204c | 8b5c 2440 | 4c89 5c24 
  0x000002072453ba50: 284c 8b5c | 2450 4c89 | 5c24 304c | 8b5c 2458 | 4c89 5c24 | 3844 8954 | 2450 8944 | 2458 4489 
  0x000002072453ba70: ;   {runtime_call UncommonTrapBlob}
  0x000002072453ba70: 4424 60e8 

  0x000002072453ba74: ; ImmutableOopMap {rbp=Oop [40]=Oop [48]=Oop [56]=Oop [80]=NarrowOop [96]=NarrowOop [104]=NarrowOop }
                      ;*invokevirtual acquire {reexecute=0 rethrow=0 return_oop=0}
                      ; - java.util.concurrent.locks.ReentrantReadWriteLock$WriteLock::lock@5 (line 959)
                      ; - io.github.kdroidfilter.composemediaplayer.windows.WindowsVideoPlayerState::processOneFrame@287 (line 802)
  0x000002072453ba74: 88c2 4aff 

  0x000002072453ba78: ;   {other}
  0x000002072453ba78: 0f1f 8400 | e83b 0077 | baf6 ffff | ff48 8be9 | 488b 4c24 | 3848 894c | 2420 488b | 4c24 4048 
  0x000002072453ba98: 894c 2428 | 488b 4c24 | 5048 894c | 2430 488b | 4c24 5848 | 894c 2438 | 4489 5c24 | 4089 5c24 
  0x000002072453bab8: 448b 4c24 | 6089 4c24 | 4844 8b5c | 2464 4489 | 5c24 4c44 | 8b5c 2468 | 4489 5c24 | 5444 8954 
  0x000002072453bad8: 2460 4489 | 4c24 6444 | 8944 2468 

  0x000002072453bae4: ;   {runtime_call UncommonTrapBlob}
  0x000002072453bae4: 6666 90e8 

  0x000002072453bae8: ; ImmutableOopMap {rbp=Oop [40]=Oop [48]=Oop [56]=Oop [84]=NarrowOop [104]=NarrowOop [108]=NarrowOop [116]=NarrowOop }
                      ;*invokevirtual release {reexecute=0 rethrow=0 return_oop=0}
                      ; - java.util.concurrent.locks.ReentrantReadWriteLock$WriteLock::unlock@5 (line 1147)
                      ; - io.github.kdroidfilter.composemediaplayer.windows.WindowsVideoPlayerState::processOneFrame@488 (line 802)
  0x000002072453bae8: 14c2 4aff 

  0x000002072453baec: ;   {other}
  0x000002072453baec: 0f1f 8400 | 5c3c 0078 | ba45 ffff | ff4c 8b5c | 2438 4c89 | 5c24 204c | 8b5c 2440 | 4c89 5c24 
  0x000002072453bb0c: 284c 8b5c | 2450 4c89 | 5c24 384c | 8b5c 2458 | 4c89 5c24 | 4089 4424 

  0x000002072453bb24: ;   {runtime_call UncommonTrapBlob}
  0x000002072453bb24: 5866 90e8 

  0x000002072453bb28: ; ImmutableOopMap {rbp=Oop [40]=Oop [48]=NarrowOop [56]=Oop [64]=Oop [104]=NarrowOop }
                      ;*ifne {reexecute=1 rethrow=0 return_oop=0}
                      ; - (reexecute) io.github.kdroidfilter.composemediaplayer.windows.WindowsVideoPlayerState::processOneFrame@243 (line 802)
  0x000002072453bb28: d4c1 4aff 

  0x000002072453bb2c: ;   {other}
  0x000002072453bb2c: 0f1f 8400 | 9c3c 0079 | 498b d849 | 8bd7 49ba | 300c 027a | fa7f 0000 

  0x000002072453bb44: ;   {other}
  0x000002072453bb44: 41ff d20f | 1f84 0000 | 0000 00e9 | c1e9 ffff | 498b d749 | ba30 0c02 | 7afa 7f00 | 0041 ffd2 
  0x000002072453bb64: ;   {other}
  0x000002072453bb64: 0f1f 8400 | 0000 0000 | e967 e9ff | ff49 8bd7 | 49ba 300c | 027a fa7f | 0000 41ff 

  0x000002072453bb80: ;   {other}
  0x000002072453bb80: d20f 1f84 | 0000 0000 | 00e9 05e9 | ffff 498b | d849 8bd7 | 49ba 300c | 027a fa7f | 0000 41ff 
  0x000002072453bba0: ;   {other}
  0x000002072453bba0: d20f 1f84 | 0000 0000 | 004c 8bc3 | e98a e0ff | ffba 45ff | ffff 4c8b | 5424 384c | 8954 2420 
  0x000002072453bbc0: 4c8b 5424 | 404c 8954 | 2428 4c8b | 5424 504c | 8954 2438 | 4c8b 5424 | 584c 8954 | 2440 8944 
  0x000002072453bbe0: ;   {runtime_call UncommonTrapBlob}
  0x000002072453bbe0: 245c 90e8 

  0x000002072453bbe4: ; ImmutableOopMap {rbp=Oop [40]=Oop [48]=NarrowOop [56]=Oop [64]=Oop [104]=NarrowOop }
                      ;*if_icmpge {reexecute=1 rethrow=0 return_oop=0}
                      ; - (reexecute) io.github.kdroidfilter.composemediaplayer.windows.WindowsVideoPlayerState::processOneFrame@264 (line 802)
  0x000002072453bbe4: 18c1 4aff 

  0x000002072453bbe8: ;   {other}
  0x000002072453bbe8: 0f1f 8400 | 583d 007a | baf6 ffff | ff48 8b6c | 2430 4c8b | 5424 384c | 8954 2420 | 4c8b 5424 
  0x000002072453bc08: 404c 8954 | 2428 4c8b | 5424 504c | 8954 2430 | 4c8b 5424 | 584c 8954 | 2438 448b | 5424 4844 
  0x000002072453bc28: 8954 2440 | 448b 5c24 | 4c44 895c | 2444 448b | 5424 6044 | 8954 2448 | 448b 5c24 | 6444 895c 
  0x000002072453bc48: 244c 448b | 5c24 6844 | 895c 2454 | 448b 5424 | 7044 8954 | 2458 448b | 5c24 7444 | 895c 245c 
  0x000002072453bc68: ;   {runtime_call UncommonTrapBlob}
  0x000002072453bc68: 6666 90e8 

  0x000002072453bc6c: ; ImmutableOopMap {rbp=Oop [40]=Oop [48]=Oop [56]=Oop [84]=NarrowOop [92]=NarrowOop [108]=NarrowOop [140]=NarrowOop [160]=Oop }
                      ;*invokevirtual addLast {reexecute=0 rethrow=0 return_oop=0}
                      ; - io.github.kdroidfilter.composemediaplayer.windows.WindowsVideoPlayerState::processOneFrame@344 (line 808)
  0x000002072453bc6c: 90c0 4aff 

  0x000002072453bc70: ;   {other}
  0x000002072453bc70: 0f1f 8400 | e03d 007b | baf6 ffff | ff4c 8b54 | 2438 4c89 | 5424 204c | 8b54 2440 | 4c89 5424 
  0x000002072453bc90: 284c 8b54 | 2450 4c89 | 5424 304c | 8b54 2458 | 4c89 5424 | 3844 8b54 | 2448 4489 | 5424 4044 
  0x000002072453bcb0: 8b5c 244c | 4489 5c24 | 4444 8b54 | 2460 4489 | 5424 4844 | 8b5c 2464 | 4489 5c24 | 4c44 8b5c 
  0x000002072453bcd0: 2468 4489 | 5c24 5444 | 8b94 2488 | 0000 0044 | 8954 2468 

  0x000002072453bce4: ;   {runtime_call UncommonTrapBlob}
  0x000002072453bce4: 6666 90e8 

  0x000002072453bce8: ; ImmutableOopMap {rbp=Oop [40]=Oop [48]=Oop [56]=Oop [84]=NarrowOop [108]=NarrowOop [116]=NarrowOop }
                      ;*aastore {reexecute=1 rethrow=0 return_oop=0}
                      ; - (reexecute) io.github.kdroidfilter.composemediaplayer.windows.WindowsVideoPlayerState::processOneFrame@360 (line 810)
  0x000002072453bce8: 14c0 4aff 

  0x000002072453bcec: ;   {other}
  0x000002072453bcec: 0f1f 8400 | 5c3e 007c | 498b d749 | ba30 0c02 | 7afa 7f00 | 0041 ffd2 

  0x000002072453bd04: ;   {other}
  0x000002072453bd04: 0f1f 8400 | 0000 0000 | e9ee e2ff | ffba 45ff | ffff 488b | 7424 2848 | 8974 2420 | 488b 7424 
  0x000002072453bd24: 4048 8974 | 2428 488b | 7424 4848 | 8974 2430 | 4889 7c24 | 3848 897c | 2440 4c89 | 4c24 4889 
  0x000002072453bd44: 4424 504c | 895c 2460 | 4489 5424 | 544c 895c | 2468 4c89 | 8424 8000 | 0000 4889 | 9c24 8800 
  0x000002072453bd64: 0000 4c89 | 8424 9000 | 0000 898c | 249c 0000 

  0x000002072453bd74: ;   {runtime_call UncommonTrapBlob}
  0x000002072453bd74: 0066 90e8 

  0x000002072453bd78: ; ImmutableOopMap {[40]=Oop [48]=Oop [56]=Oop [64]=Oop [72]=Oop [84]=NarrowOop [96]=Oop [104]=Oop [136]=Oop }
                      ;*tableswitch {reexecute=1 rethrow=0 return_oop=0}
                      ; - (reexecute) androidx.compose.runtime.internal.ThreadMap::find@8 (line 135)
                      ; - androidx.compose.runtime.internal.ThreadMap::get@2 (line 69)
                      ; - androidx.compose.runtime.internal.SnapshotThreadLocal::get@30 (line 45)
                      ; - androidx.compose.runtime.snapshots.SnapshotKt::currentSnapshot@3 (line 1284)
                      ; - androidx.compose.runtime.snapshots.Snapshot$Companion::getCurrent@0 (line 294)
                      ; - androidx.compose.runtime.snapshots.SnapshotKt::readable@3 (line 2122)
                      ; - androidx.compose.runtime.SnapshotMutableStateImpl::getValue@11 (line 142)
                      ; - io.github.kdroidfilter.composemediaplayer.windows.WindowsVideoPlayerState::getVideoWidth@16 (line 1444)
                      ; - io.github.kdroidfilter.composemediaplayer.windows.WindowsVideoPlayerState::processOneFrame@74 (line 779)
  0x000002072453bd78: 84bf 4aff 

  0x000002072453bd7c: ;   {other}
  0x000002072453bd7c: 0f1f 8400 | ec3e 007d | ba45 ffff | ff48 8b7c | 2438 4889 | 7c24 2048 | 8b7c 2440 | 4889 7c24 
  0x000002072453bd9c: 2848 8b7c | 2448 4889 | 7c24 304c | 894c 2438 | 4c89 4c24 | 4048 8944 | 2448 4489 | 6c24 504c 
  0x000002072453bdbc: 895c 2460 | 4489 5424 | 544c 895c | 2468 4c89 | 8424 8000 | 0000 4889 | 9c24 8800 | 0000 4c89 
  0x000002072453bddc: 8424 9000 | 0000 898c | 249c 0000 

  0x000002072453bde8: ;   {runtime_call UncommonTrapBlob}
  0x000002072453bde8: 0066 90e8 

  0x000002072453bdec: ; ImmutableOopMap {[40]=Oop [48]=Oop [56]=Oop [64]=Oop [72]=Oop [84]=NarrowOop [96]=Oop [104]=Oop [136]=Oop }
                      ;*tableswitch {reexecute=1 rethrow=0 return_oop=0}
                      ; - (reexecute) androidx.compose.runtime.internal.ThreadMap::find@8 (line 135)
                      ; - androidx.compose.runtime.internal.ThreadMap::get@2 (line 69)
                      ; - androidx.compose.runtime.internal.SnapshotThreadLocal::get@30 (line 45)
                      ; - androidx.compose.runtime.snapshots.SnapshotKt::currentSnapshot@3 (line 1284)
                      ; - androidx.compose.runtime.snapshots.Snapshot$Companion::getCurrent@0 (line 294)
                      ; - androidx.compose.runtime.snapshots.SnapshotKt::readable@3 (line 2122)
                      ; - androidx.compose.runtime.SnapshotMutableStateImpl::getValue@11 (line 142)
                      ; - io.github.kdroidfilter.composemediaplayer.windows.WindowsVideoPlayerState::getVideoHeight@16 (line 1447)
                      ; - io.github.kdroidfilter.composemediaplayer.windows.WindowsVideoPlayerState::processOneFrame@85 (line 779)
  0x000002072453bdec: 10bf 4aff 

  0x000002072453bdf0: ;   {other}
  0x000002072453bdf0: 0f1f 8400 | 603f 007e | ba45 ffff | ff48 8b4c | 2438 4889 | 4c24 2048 | 8b4c 2440 | 4889 4c24 
  0x000002072453be10: 2848 8b4c | 2448 4889 | 4c24 304c | 894c 2438 | 4c89 4c24 | 404c 8b4c | 2458 4c89 | 4c24 484c 
  0x000002072453be30: 895c 2458 | 4489 5424 | 604c 895c | 2468 4c89 | 8424 8000 | 0000 4889 | 9c24 8800 | 0000 4c89 
  0x000002072453be50: 8424 9000 | 0000 89bc | 2498 0000 

  0x000002072453be5c: ;   {runtime_call UncommonTrapBlob}
  0x000002072453be5c: 0066 90e8 

  0x000002072453be60: ; ImmutableOopMap {[40]=Oop [48]=Oop [56]=Oop [64]=Oop [72]=Oop [88]=Oop [96]=NarrowOop [104]=Oop [136]=Oop }
                      ;*tableswitch {reexecute=1 rethrow=0 return_oop=0}
                      ; - (reexecute) androidx.compose.runtime.internal.ThreadMap::find@8 (line 135)
                      ; - androidx.compose.runtime.internal.ThreadMap::get@2 (line 69)
                      ; - androidx.compose.runtime.internal.SnapshotThreadLocal::get@30 (line 45)
                      ; - androidx.compose.runtime.snapshots.SnapshotKt::currentSnapshot@3 (line 1284)
                      ; - androidx.compose.runtime.snapshots.Snapshot$Companion::getCurrent@0 (line 294)
                      ; - androidx.compose.runtime.snapshots.SnapshotKt::readable@3 (line 2122)
                      ; - androidx.compose.runtime.SnapshotMutableStateImpl::getValue@11 (line 142)
                      ; - io.github.kdroidfilter.composemediaplayer.windows.WindowsVideoPlayerState::getVideoWidth@16 (line 1444)
                      ; - io.github.kdroidfilter.composemediaplayer.windows.WindowsVideoPlayerState::processOneFrame@108 (line 785)
  0x000002072453be60: 9cbe 4aff 

  0x000002072453be64: ;   {other}
  0x000002072453be64: 0f1f 8400 | d43f 007f | ba45 ffff | ff48 8b74 | 2438 4889 | 7424 2048 | 8b74 2440 | 4889 7424 
  0x000002072453be84: 2848 8b74 | 2448 4889 | 7424 304c | 894c 2438 | 4c89 4c24 | 404c 8b4c | 2458 4c89 | 4c24 4889 
  0x000002072453bea4: 4c24 504c | 895c 2460 | 4489 5424 | 544c 895c | 2468 4c89 | 8424 8000 | 0000 4889 | bc24 8800 
  0x000002072453bec4: 0000 4c89 | 8424 9000 | 0000 899c | 249c 0000 

  0x000002072453bed4: ;   {runtime_call UncommonTrapBlob}
  0x000002072453bed4: 0066 90e8 

  0x000002072453bed8: ; ImmutableOopMap {[40]=Oop [48]=Oop [56]=Oop [64]=Oop [72]=Oop [84]=NarrowOop [96]=Oop [104]=Oop [136]=Oop }
                      ;*tableswitch {reexecute=1 rethrow=0 return_oop=0}
                      ; - (reexecute) androidx.compose.runtime.internal.ThreadMap::find@8 (line 135)
                      ; - androidx.compose.runtime.internal.ThreadMap::get@2 (line 69)
                      ; - androidx.compose.runtime.internal.SnapshotThreadLocal::get@30 (line 45)
                      ; - androidx.compose.runtime.snapshots.SnapshotKt::currentSnapshot@3 (line 1284)
                      ; - androidx.compose.runtime.snapshots.Snapshot$Companion::getCurrent@0 (line 294)
                      ; - androidx.compose.runtime.snapshots.SnapshotKt::readable@3 (line 2122)
                      ; - androidx.compose.runtime.SnapshotMutableStateImpl::getValue@11 (line 142)
                      ; - io.github.kdroidfilter.composemediaplayer.windows.WindowsVideoPlayerState::getVideoHeight@16 (line 1447)
                      ; - io.github.kdroidfilter.composemediaplayer.windows.WindowsVideoPlayerState::processOneFrame@114 (line 786)
  0x000002072453bed8: 24be 4aff 

  0x000002072453bedc: ;   {other}
  0x000002072453bedc: 0f1f 8400 | 4c40 0080 | bade ffff | ff4c 8b5c | 2428 4c89 | 5c24 204c | 8b5c 2440 | 4c89 5c24 
  0x000002072453befc: 284c 8b5c | 2448 4c89 | 5c24 3048 | 897c 2438 | 8944 2448 | 4489 5424 

  0x000002072453bf14: ;   {runtime_call UncommonTrapBlob}
  0x000002072453bf14: 4c66 90e8 

  0x000002072453bf18: ; ImmutableOopMap {[40]=Oop [48]=Oop [56]=Oop [76]=NarrowOop [80]=Oop }
                      ;*checkcast {reexecute=0 rethrow=0 return_oop=0}
                      ; - io.github.kdroidfilter.composemediaplayer.windows.WindowsVideoPlayerState::getVideoWidth@4 (line 245)
                      ; - io.github.kdroidfilter.composemediaplayer.windows.WindowsVideoPlayerState::processOneFrame@74 (line 779)
  0x000002072453bf18: e4bd 4aff 

  0x000002072453bf1c: ;   {other}
  0x000002072453bf1c: 0f1f 8400 | 8c40 0081 | bade ffff | ff48 8b4c | 2440 4889 | 4c24 3048 | 8b4c 2448 | 4889 4c24 
  0x000002072453bf3c: 3889 4424 | 584c 895c | 2468 4489 | 5424 5c4c | 895c 2470 | 4c89 4424 

  0x000002072453bf54: ;   {runtime_call UncommonTrapBlob}
  0x000002072453bf54: 7866 90e8 

  0x000002072453bf58: ; ImmutableOopMap {rbp=NarrowOop [32]=Oop [48]=Oop [56]=Oop [80]=Oop [92]=NarrowOop [104]=Oop [112]=Oop }
                      ;*checkcast {reexecute=0 rethrow=0 return_oop=0}
                      ; - androidx.compose.runtime.internal.SnapshotThreadLocal::get@26 (line 45)
                      ; - androidx.compose.runtime.snapshots.SnapshotKt::currentSnapshot@3 (line 1284)
                      ; - androidx.compose.runtime.snapshots.Snapshot$Companion::getCurrent@0 (line 294)
                      ; - androidx.compose.runtime.snapshots.SnapshotKt::readable@3 (line 2122)
                      ; - androidx.compose.runtime.SnapshotMutableStateImpl::getValue@11 (line 142)
                      ; - io.github.kdroidfilter.composemediaplayer.windows.WindowsVideoPlayerState::getVideoWidth@16 (line 1444)
                      ; - io.github.kdroidfilter.composemediaplayer.windows.WindowsVideoPlayerState::processOneFrame@74 (line 779)
  0x000002072453bf58: a4bd 4aff 

  0x000002072453bf5c: ;   {other}
  0x000002072453bf5c: 0f1f 8400 | cc40 0082 | bade ffff | ff48 8b6c | 2450 4c8b | 5c24 384c | 895c 2420 | 4c8b 5c24 
  0x000002072453bf7c: 404c 895c | 2428 4c8b | 5c24 484c | 895c 2430 | 4c89 5424 | 484c 8b54 | 2460 4c89 | 5424 5044 
  0x000002072453bf9c: 8b54 2468 | 4489 5424 | 584c 8b54 | 2470 4c89 

  0x000002072453bfac: ;   {runtime_call UncommonTrapBlob}
  0x000002072453bfac: 5424 68e8 

  0x000002072453bfb0: ; ImmutableOopMap {rbp=Oop [40]=Oop [48]=Oop [72]=Oop [80]=Oop [104]=Oop [112]=Oop }
                      ;*checkcast {reexecute=0 rethrow=0 return_oop=0}
                      ; - androidx.compose.runtime.SnapshotMutableStateImpl::getValue@14 (line 142)
                      ; - io.github.kdroidfilter.composemediaplayer.windows.WindowsVideoPlayerState::getVideoWidth@16 (line 1444)
                      ; - io.github.kdroidfilter.composemediaplayer.windows.WindowsVideoPlayerState::processOneFrame@74 (line 779)
  0x000002072453bfb0: 4cbd 4aff 

  0x000002072453bfb4: ;   {other}
  0x000002072453bfb4: 0f1f 8400 | 2441 0083 | bade ffff | ff4c 8b54 | 2450 4c89 | 5424 204c | 8b54 2438 | 4c89 5424 
  0x000002072453bfd4: 284c 8b54 | 2440 4c89 | 5424 304c | 8b54 2448 | 4c89 5424 | 384c 8b54 | 2460 4c89 

  0x000002072453bff0: ;   {runtime_call UncommonTrapBlob}
  0x000002072453bff0: 5424 50e8 

  0x000002072453bff4: ; ImmutableOopMap {rbp=NarrowOop [32]=Oop [48]=Oop [56]=Oop [80]=Oop [112]=Oop }
                      ;*checkcast {reexecute=0 rethrow=0 return_oop=0}
                      ; - io.github.kdroidfilter.composemediaplayer.windows.WindowsVideoPlayerState::getVideoWidth@21 (line 1444)
                      ; - io.github.kdroidfilter.composemediaplayer.windows.WindowsVideoPlayerState::processOneFrame@74 (line 779)
  0x000002072453bff4: 08bd 4aff 

  0x000002072453bff8: ;   {other}
  0x000002072453bff8: 0f1f 8400 | 6841 0084 | bade ffff | ff4c 8b5c | 2438 4c89 | 5c24 204c | 8b5c 2440 | 4c89 5c24 
  0x000002072453c018: 284c 8b5c | 2448 4c89 | 5c24 304c | 894c 2438 | 4489 6c24 | 4844 8954 

  0x000002072453c030: ;   {runtime_call UncommonTrapBlob}
  0x000002072453c030: 244c 90e8 

  0x000002072453c034: ; ImmutableOopMap {[40]=Oop [48]=Oop [56]=Oop [76]=NarrowOop [80]=Oop [96]=Oop }
                      ;*checkcast {reexecute=0 rethrow=0 return_oop=0}
                      ; - io.github.kdroidfilter.composemediaplayer.windows.WindowsVideoPlayerState::getVideoHeight@4 (line 246)
                      ; - io.github.kdroidfilter.composemediaplayer.windows.WindowsVideoPlayerState::processOneFrame@85 (line 779)
  0x000002072453c034: c8bc 4aff 

  0x000002072453c038: ;   {other}
  0x000002072453c038: 0f1f 8400 | a841 0085 | bade ffff | ff48 8b4c | 2438 4889 | 4c24 2848 | 8b4c 2440 | 4889 4c24 
  0x000002072453c058: 3048 8b4c | 2448 4889 | 4c24 384c | 894c 2440 | 4c89 4c24 | 4848 8944 | 2450 4489 | 6c24 584c 
  0x000002072453c078: 895c 2468 | 4489 5424 | 5c4c 895c | 2470 4c89 

  0x000002072453c088: ;   {runtime_call UncommonTrapBlob}
  0x000002072453c088: 4424 78e8 

  0x000002072453c08c: ; ImmutableOopMap {rbp=NarrowOop [48]=Oop [56]=Oop [64]=Oop [72]=Oop [80]=Oop [92]=NarrowOop [104]=Oop [112]=Oop }
                      ;*checkcast {reexecute=0 rethrow=0 return_oop=0}
                      ; - androidx.compose.runtime.internal.SnapshotThreadLocal::get@26 (line 45)
                      ; - androidx.compose.runtime.snapshots.SnapshotKt::currentSnapshot@3 (line 1284)
                      ; - androidx.compose.runtime.snapshots.Snapshot$Companion::getCurrent@0 (line 294)
                      ; - androidx.compose.runtime.snapshots.SnapshotKt::readable@3 (line 2122)
                      ; - androidx.compose.runtime.SnapshotMutableStateImpl::getValue@11 (line 142)
                      ; - io.github.kdroidfilter.composemediaplayer.windows.WindowsVideoPlayerState::getVideoHeight@16 (line 1447)
                      ; - io.github.kdroidfilter.composemediaplayer.windows.WindowsVideoPlayerState::processOneFrame@85 (line 779)
  0x000002072453c08c: 70bc 4aff 

  0x000002072453c090: ;   {other}
  0x000002072453c090: 0f1f 8400 | 0042 0086 | bade ffff | ff48 8b6c | 2450 4c8b | 5424 384c | 8954 2420 | 4c8b 5424 
  0x000002072453c0b0: 404c 8954 | 2428 4c8b | 5424 484c | 8954 2430 | 4c8b 5424 | 584c 8954 | 2448 448b | 5424 6044 
  0x000002072453c0d0: 8954 2450 | 4c8b 5424 | 684c 8954 | 2460 4c89 

  0x000002072453c0e0: ;   {runtime_call UncommonTrapBlob}
  0x000002072453c0e0: 4c24 68e8 

  0x000002072453c0e4: ; ImmutableOopMap {rbp=Oop [40]=Oop [48]=Oop [72]=Oop [96]=Oop [104]=Oop }
                      ;*checkcast {reexecute=0 rethrow=0 return_oop=0}
                      ; - androidx.compose.runtime.SnapshotMutableStateImpl::getValue@14 (line 142)
                      ; - io.github.kdroidfilter.composemediaplayer.windows.WindowsVideoPlayerState::getVideoHeight@16 (line 1447)
                      ; - io.github.kdroidfilter.composemediaplayer.windows.WindowsVideoPlayerState::processOneFrame@85 (line 779)
  0x000002072453c0e4: 18bc 4aff 

  0x000002072453c0e8: ;   {other}
  0x000002072453c0e8: 0f1f 8400 | 5842 0087 | bade ffff | ff4c 8b54 | 2450 4c89 | 5424 204c | 8b54 2438 | 4c89 5424 
  0x000002072453c108: 284c 8b54 | 2440 4c89 | 5424 304c | 8b54 2448 | 4c89 5424 | 384c 8b54 | 2458 4c89 | 5424 5044 
  0x000002072453c128: 8b54 2460 | 4489 5424 

  0x000002072453c130: ;   {runtime_call UncommonTrapBlob}
  0x000002072453c130: 5866 90e8 

  0x000002072453c134: ; ImmutableOopMap {rbp=NarrowOop [32]=Oop [48]=Oop [56]=Oop [80]=Oop [104]=Oop }
                      ;*checkcast {reexecute=0 rethrow=0 return_oop=0}
                      ; - io.github.kdroidfilter.composemediaplayer.windows.WindowsVideoPlayerState::getVideoHeight@21 (line 1447)
                      ; - io.github.kdroidfilter.composemediaplayer.windows.WindowsVideoPlayerState::processOneFrame@85 (line 779)
  0x000002072453c134: c8bb 4aff 

  0x000002072453c138: ;   {other}
  0x000002072453c138: 0f1f 8400 | a842 0088 | bade ffff | ff4c 8b5c | 2438 4c89 | 5c24 204c | 8b5c 2440 | 4c89 5c24 
  0x000002072453c158: 284c 8b5c | 2448 4c89 | 5c24 304c | 894c 2438 | 4489 5424 

  0x000002072453c16c: ;   {runtime_call UncommonTrapBlob}
  0x000002072453c16c: 4866 90e8 

  0x000002072453c170: ; ImmutableOopMap {[40]=Oop [48]=Oop [56]=Oop [72]=NarrowOop [80]=Oop [88]=Oop }
                      ;*checkcast {reexecute=0 rethrow=0 return_oop=0}
                      ; - io.github.kdroidfilter.composemediaplayer.windows.WindowsVideoPlayerState::getVideoWidth@4 (line 245)
                      ; - io.github.kdroidfilter.composemediaplayer.windows.WindowsVideoPlayerState::processOneFrame@108 (line 785)
  0x000002072453c170: 8cbb 4aff 

  0x000002072453c174: ;   {other}
  0x000002072453c174: 0f1f 8400 | e442 0089 | bade ffff | ff48 8b4c | 2438 4889 | 4c24 2848 | 8b4c 2440 | 4889 4c24 
  0x000002072453c194: 3048 8b4c | 2448 4889 | 4c24 384c | 894c 2440 | 4c89 4c24 | 484c 8b4c | 2458 4c89 | 4c24 504c 
  0x000002072453c1b4: 895c 2460 | 4489 5424 | 684c 895c | 2470 4c89 

  0x000002072453c1c4: ;   {runtime_call UncommonTrapBlob}
  0x000002072453c1c4: 4424 78e8 

  0x000002072453c1c8: ; ImmutableOopMap {rbp=NarrowOop [48]=Oop [56]=Oop [64]=Oop [72]=Oop [80]=Oop [96]=Oop [104]=NarrowOop [112]=Oop }
                      ;*checkcast {reexecute=0 rethrow=0 return_oop=0}
                      ; - androidx.compose.runtime.internal.SnapshotThreadLocal::get@26 (line 45)
                      ; - androidx.compose.runtime.snapshots.SnapshotKt::currentSnapshot@3 (line 1284)
                      ; - androidx.compose.runtime.snapshots.Snapshot$Companion::getCurrent@0 (line 294)
                      ; - androidx.compose.runtime.snapshots.SnapshotKt::readable@3 (line 2122)
                      ; - androidx.compose.runtime.SnapshotMutableStateImpl::getValue@11 (line 142)
                      ; - io.github.kdroidfilter.composemediaplayer.windows.WindowsVideoPlayerState::getVideoWidth@16 (line 1444)
                      ; - io.github.kdroidfilter.composemediaplayer.windows.WindowsVideoPlayerState::processOneFrame@108 (line 785)
  0x000002072453c1c8: 34bb 4aff 

  0x000002072453c1cc: ;   {other}
  0x000002072453c1cc: 0f1f 8400 | 3c43 008a | bade ffff | ff48 8b6c | 2450 4c8b | 5424 384c | 8954 2420 | 4c8b 5424 
  0x000002072453c1ec: 404c 8954 | 2428 4c8b | 5424 484c | 8954 2430 | 4c8b 5424 | 584c 8954 | 2448 4c8b | 5424 604c 
  0x000002072453c20c: 8954 2458 | 4889 5c24 

  0x000002072453c214: ;   {runtime_call UncommonTrapBlob}
  0x000002072453c214: 6066 90e8 

  0x000002072453c218: ; ImmutableOopMap {rbp=Oop [40]=Oop [48]=Oop [72]=Oop [88]=Oop [96]=Oop }
                      ;*checkcast {reexecute=0 rethrow=0 return_oop=0}
                      ; - androidx.compose.runtime.SnapshotMutableStateImpl::getValue@14 (line 142)
                      ; - io.github.kdroidfilter.composemediaplayer.windows.WindowsVideoPlayerState::getVideoWidth@16 (line 1444)
                      ; - io.github.kdroidfilter.composemediaplayer.windows.WindowsVideoPlayerState::processOneFrame@108 (line 785)
  0x000002072453c218: e4ba 4aff 

  0x000002072453c21c: ;   {other}
  0x000002072453c21c: 0f1f 8400 | 8c43 008b | bade ffff | ff48 8b6c | 2450 4c8b | 5424 384c | 8954 2420 | 4c8b 5424 
  0x000002072453c23c: 404c 8954 | 2428 4c8b | 5424 484c | 8954 2430 | 4c8b 5424 | 584c 8954 | 2448 4489 

  0x000002072453c258: ;   {runtime_call UncommonTrapBlob}
  0x000002072453c258: 5c24 58e8 

  0x000002072453c25c: ; ImmutableOopMap {rbp=Oop [40]=Oop [48]=Oop [72]=Oop [88]=NarrowOop [96]=Oop }
                      ;*checkcast {reexecute=0 rethrow=0 return_oop=0}
                      ; - io.github.kdroidfilter.composemediaplayer.windows.WindowsVideoPlayerState::getVideoWidth@21 (line 1444)
                      ; - io.github.kdroidfilter.composemediaplayer.windows.WindowsVideoPlayerState::processOneFrame@108 (line 785)
  0x000002072453c25c: a0ba 4aff 

  0x000002072453c260: ;   {other}
  0x000002072453c260: 0f1f 8400 | d043 008c | bade ffff | ff4c 8b5c | 2438 4c89 | 5c24 204c | 8b5c 2440 | 4c89 5c24 
  0x000002072453c280: 284c 8b5c | 2448 4c89 | 5c24 304c | 894c 2438 | 894c 2448 | 4489 5424 

  0x000002072453c298: ;   {runtime_call UncommonTrapBlob}
  0x000002072453c298: 4c66 90e8 

  0x000002072453c29c: ; ImmutableOopMap {[40]=Oop [48]=Oop [56]=Oop [76]=NarrowOop [80]=Oop [88]=Oop }
                      ;*checkcast {reexecute=0 rethrow=0 return_oop=0}
                      ; - io.github.kdroidfilter.composemediaplayer.windows.WindowsVideoPlayerState::getVideoHeight@4 (line 246)
                      ; - io.github.kdroidfilter.composemediaplayer.windows.WindowsVideoPlayerState::processOneFrame@114 (line 786)
  0x000002072453c29c: 60ba 4aff 

  0x000002072453c2a0: ;   {other}
  0x000002072453c2a0: 0f1f 8400 | 1044 008d | bade ffff | ff48 8b5c | 2438 4889 | 5c24 2848 | 8b5c 2440 | 4889 5c24 
  0x000002072453c2c0: 3048 8b5c | 2448 4889 | 5c24 384c | 894c 2440 | 4c89 4c24 | 484c 8b4c | 2458 4c89 | 4c24 5089 
  0x000002072453c2e0: 4c24 584c | 895c 2468 | 4489 5424 | 5c4c 895c | 2470 4c89 

  0x000002072453c2f4: ;   {runtime_call UncommonTrapBlob}
  0x000002072453c2f4: 4424 78e8 

  0x000002072453c2f8: ; ImmutableOopMap {rbp=NarrowOop [48]=Oop [56]=Oop [64]=Oop [72]=Oop [80]=Oop [92]=NarrowOop [104]=Oop [112]=Oop }
                      ;*checkcast {reexecute=0 rethrow=0 return_oop=0}
                      ; - androidx.compose.runtime.internal.SnapshotThreadLocal::get@26 (line 45)
                      ; - androidx.compose.runtime.snapshots.SnapshotKt::currentSnapshot@3 (line 1284)
                      ; - androidx.compose.runtime.snapshots.Snapshot$Companion::getCurrent@0 (line 294)
                      ; - androidx.compose.runtime.snapshots.SnapshotKt::readable@3 (line 2122)
                      ; - androidx.compose.runtime.SnapshotMutableStateImpl::getValue@11 (line 142)
                      ; - io.github.kdroidfilter.composemediaplayer.windows.WindowsVideoPlayerState::getVideoHeight@16 (line 1447)
                      ; - io.github.kdroidfilter.composemediaplayer.windows.WindowsVideoPlayerState::processOneFrame@114 (line 786)
  0x000002072453c2f8: 04ba 4aff 

  0x000002072453c2fc: ;   {other}
  0x000002072453c2fc: 0f1f 8400 | 6c44 008e | bade ffff | ff48 8b6c | 2450 4c8b | 5424 384c | 8954 2420 | 4c8b 5424 
  0x000002072453c31c: 404c 8954 | 2428 4c8b | 5424 484c | 8954 2430 | 4c89 5c24 | 484c 8b54 | 2458 4c89 | 5424 5044 
  0x000002072453c33c: 8b54 2460 | 4489 5424 

  0x000002072453c344: ;   {runtime_call UncommonTrapBlob}
  0x000002072453c344: 5866 90e8 

  0x000002072453c348: ; ImmutableOopMap {rbp=Oop [40]=Oop [48]=Oop [72]=Oop [80]=Oop [104]=Oop }
                      ;*checkcast {reexecute=0 rethrow=0 return_oop=0}
                      ; - androidx.compose.runtime.SnapshotMutableStateImpl::getValue@14 (line 142)
                      ; - io.github.kdroidfilter.composemediaplayer.windows.WindowsVideoPlayerState::getVideoHeight@16 (line 1447)
                      ; - io.github.kdroidfilter.composemediaplayer.windows.WindowsVideoPlayerState::processOneFrame@114 (line 786)
  0x000002072453c348: b4b9 4aff 

  0x000002072453c34c: ;   {other}
  0x000002072453c34c: 0f1f 8400 | bc44 008f | bade ffff | ff4c 8b54 | 2450 4c89 | 5424 204c | 8b54 2438 | 4c89 5424 
  0x000002072453c36c: 284c 8b54 | 2440 4c89 | 5424 304c | 8b54 2448 | 4c89 5424 | 384c 8b54 | 2458 4c89 | 5424 5044 
  0x000002072453c38c: 8b5c 2460 | 4489 5c24 

  0x000002072453c394: ;   {runtime_call UncommonTrapBlob}
  0x000002072453c394: 5866 90e8 

  0x000002072453c398: ; ImmutableOopMap {rbp=NarrowOop [32]=Oop [48]=Oop [56]=Oop [80]=Oop [104]=Oop }
                      ;*checkcast {reexecute=0 rethrow=0 return_oop=0}
                      ; - io.github.kdroidfilter.composemediaplayer.windows.WindowsVideoPlayerState::getVideoHeight@21 (line 1447)
                      ; - io.github.kdroidfilter.composemediaplayer.windows.WindowsVideoPlayerState::processOneFrame@114 (line 786)
  0x000002072453c398: 64b9 4aff 

  0x000002072453c39c: ;   {other}
  0x000002072453c39c: 0f1f 8400 | 0c45 0090 | baf4 ffff | ff4c 8b54 | 2428 4c89 | 5424 204c | 8b54 2440 | 4c89 5424 
  0x000002072453c3bc: 284c 8b54 | 2448 4c89 | 5424 3048 | 897c 2438 | 8944 2448 

  0x000002072453c3d0: ;   {runtime_call UncommonTrapBlob}
  0x000002072453c3d0: 6666 90e8 

  0x000002072453c3d4: ; ImmutableOopMap {[40]=Oop [48]=Oop [56]=Oop [80]=Oop }
                      ;*checkcast {reexecute=0 rethrow=0 return_oop=0}
                      ; - io.github.kdroidfilter.composemediaplayer.windows.WindowsVideoPlayerState::getVideoWidth@4 (line 245)
                      ; - io.github.kdroidfilter.composemediaplayer.windows.WindowsVideoPlayerState::processOneFrame@74 (line 779)
  0x000002072453c3d4: 28b9 4aff 

  0x000002072453c3d8: ;   {other}
  0x000002072453c3d8: 0f1f 8400 | 4845 0091 | baf6 ffff | ff48 8b4c | 2428 4889 | 4c24 2048 | 8b4c 2440 | 4889 4c24 
  0x000002072453c3f8: 2848 8b4c | 2448 4889 | 4c24 3048 | 897c 2438 | 4889 7c24 | 404c 894c | 2448 8944 | 2450 4c89 
  0x000002072453c418: 5c24 6044 | 8954 2454 | 4c89 5c24 | 684c 8944 

  0x000002072453c428: ;   {runtime_call UncommonTrapBlob}
  0x000002072453c428: 2470 90e8 

  0x000002072453c42c: ; ImmutableOopMap {[40]=Oop [48]=Oop [56]=Oop [64]=Oop [72]=Oop [84]=NarrowOop [96]=Oop [104]=Oop }
                      ;*invokevirtual get {reexecute=0 rethrow=0 return_oop=0}
                      ; - androidx.compose.runtime.internal.SnapshotThreadLocal::get@23 (line 45)
                      ; - androidx.compose.runtime.snapshots.SnapshotKt::currentSnapshot@3 (line 1284)
                      ; - androidx.compose.runtime.snapshots.Snapshot$Companion::getCurrent@0 (line 294)
                      ; - androidx.compose.runtime.snapshots.SnapshotKt::readable@3 (line 2122)
                      ; - androidx.compose.runtime.SnapshotMutableStateImpl::getValue@11 (line 142)
                      ; - io.github.kdroidfilter.composemediaplayer.windows.WindowsVideoPlayerState::getVideoWidth@16 (line 1444)
                      ; - io.github.kdroidfilter.composemediaplayer.windows.WindowsVideoPlayerState::processOneFrame@74 (line 779)
  0x000002072453c42c: d0b8 4aff 

  0x000002072453c430: ;   {other}
  0x000002072453c430: 0f1f 8400 | a045 0092 | baf4 ffff | ff48 8b4c | 2428 4889 | 4c24 2048 | 8b4c 2440 | 4889 4c24 
  0x000002072453c450: 2848 8b4c | 2448 4889 | 4c24 3048 | 897c 2438 | 4889 7c24 | 404c 894c | 2448 8944 | 2450 4c89 
  0x000002072453c470: 5c24 6044 | 8954 2454 | 4c89 5c24 | 684c 8944 

  0x000002072453c480: ;   {runtime_call UncommonTrapBlob}
  0x000002072453c480: 2470 90e8 

  0x000002072453c484: ; ImmutableOopMap {[40]=Oop [48]=Oop [56]=Oop [64]=Oop [72]=Oop [84]=NarrowOop [96]=Oop [104]=Oop }
                      ;*checkcast {reexecute=0 rethrow=0 return_oop=0}
                      ; - androidx.compose.runtime.internal.SnapshotThreadLocal::get@26 (line 45)
                      ; - androidx.compose.runtime.snapshots.SnapshotKt::currentSnapshot@3 (line 1284)
                      ; - androidx.compose.runtime.snapshots.Snapshot$Companion::getCurrent@0 (line 294)
                      ; - androidx.compose.runtime.snapshots.SnapshotKt::readable@3 (line 2122)
                      ; - androidx.compose.runtime.SnapshotMutableStateImpl::getValue@11 (line 142)
                      ; - io.github.kdroidfilter.composemediaplayer.windows.WindowsVideoPlayerState::getVideoWidth@16 (line 1444)
                      ; - io.github.kdroidfilter.composemediaplayer.windows.WindowsVideoPlayerState::processOneFrame@74 (line 779)
  0x000002072453c484: 78b8 4aff 

  0x000002072453c488: ;   {other}
  0x000002072453c488: 0f1f 8400 | f845 0093 | baf4 ffff | ff48 8b6c | 2450 4c8b | 5424 384c | 8954 2420 | 4c8b 5424 
  0x000002072453c4a8: 404c 8954 | 2428 4c8b | 5424 484c | 8954 2430 

  0x000002072453c4b8: ;   {runtime_call UncommonTrapBlob}
  0x000002072453c4b8: 6666 90e8 

  0x000002072453c4bc: ; ImmutableOopMap {rbp=Oop [40]=Oop [48]=Oop [96]=Oop [112]=Oop }
                      ;*checkcast {reexecute=0 rethrow=0 return_oop=0}
                      ; - io.github.kdroidfilter.composemediaplayer.windows.WindowsVideoPlayerState::getVideoWidth@21 (line 1444)
                      ; - io.github.kdroidfilter.composemediaplayer.windows.WindowsVideoPlayerState::processOneFrame@74 (line 779)
  0x000002072453c4bc: 40b8 4aff 

  0x000002072453c4c0: ;   {other}
  0x000002072453c4c0: 0f1f 8400 | 3046 0094 | baf4 ffff | ff4c 8b54 | 2438 4c89 | 5424 204c | 8b54 2440 | 4c89 5424 
  0x000002072453c4e0: 284c 8b54 | 2448 4c89 | 5424 304c | 894c 2438 | 4489 6c24 

  0x000002072453c4f4: ;   {runtime_call UncommonTrapBlob}
  0x000002072453c4f4: 4866 90e8 

  0x000002072453c4f8: ; ImmutableOopMap {[40]=Oop [48]=Oop [56]=Oop [80]=Oop [96]=Oop }
                      ;*checkcast {reexecute=0 rethrow=0 return_oop=0}
                      ; - io.github.kdroidfilter.composemediaplayer.windows.WindowsVideoPlayerState::getVideoHeight@4 (line 246)
                      ; - io.github.kdroidfilter.composemediaplayer.windows.WindowsVideoPlayerState::processOneFrame@85 (line 779)
  0x000002072453c4f8: 04b8 4aff 

  0x000002072453c4fc: ;   {other}
  0x000002072453c4fc: 0f1f 8400 | 6c46 0095 | baf6 ffff | ff48 8b4c | 2438 4889 | 4c24 2048 | 8b4c 2440 | 4889 4c24 
  0x000002072453c51c: 2848 8b4c | 2448 4889 | 4c24 304c | 894c 2438 | 4c89 4c24 | 4048 8944 | 2448 4489 | 6c24 504c 
  0x000002072453c53c: 895c 2460 | 4489 5424 | 544c 895c | 2468 4c89 

  0x000002072453c54c: ;   {runtime_call UncommonTrapBlob}
  0x000002072453c54c: 4424 70e8 

  0x000002072453c550: ; ImmutableOopMap {[40]=Oop [48]=Oop [56]=Oop [64]=Oop [72]=Oop [84]=NarrowOop [96]=Oop [104]=Oop }
                      ;*invokevirtual get {reexecute=0 rethrow=0 return_oop=0}
                      ; - androidx.compose.runtime.internal.SnapshotThreadLocal::get@23 (line 45)
                      ; - androidx.compose.runtime.snapshots.SnapshotKt::currentSnapshot@3 (line 1284)
                      ; - androidx.compose.runtime.snapshots.Snapshot$Companion::getCurrent@0 (line 294)
                      ; - androidx.compose.runtime.snapshots.SnapshotKt::readable@3 (line 2122)
                      ; - androidx.compose.runtime.SnapshotMutableStateImpl::getValue@11 (line 142)
                      ; - io.github.kdroidfilter.composemediaplayer.windows.WindowsVideoPlayerState::getVideoHeight@16 (line 1447)
                      ; - io.github.kdroidfilter.composemediaplayer.windows.WindowsVideoPlayerState::processOneFrame@85 (line 779)
  0x000002072453c550: acb7 4aff 

  0x000002072453c554: ;   {other}
  0x000002072453c554: 0f1f 8400 | c446 0096 | baf4 ffff | ff48 8b4c | 2438 4889 | 4c24 2048 | 8b4c 2440 | 4889 4c24 
  0x000002072453c574: 2848 8b4c | 2448 4889 | 4c24 304c | 894c 2438 | 4c89 4c24 | 4048 8944 | 2448 4489 | 6c24 504c 
  0x000002072453c594: 895c 2460 | 4489 5424 | 544c 895c | 2468 4c89 

  0x000002072453c5a4: ;   {runtime_call UncommonTrapBlob}
  0x000002072453c5a4: 4424 70e8 

  0x000002072453c5a8: ; ImmutableOopMap {[40]=Oop [48]=Oop [56]=Oop [64]=Oop [72]=Oop [84]=NarrowOop [96]=Oop [104]=Oop }
                      ;*checkcast {reexecute=0 rethrow=0 return_oop=0}
                      ; - androidx.compose.runtime.internal.SnapshotThreadLocal::get@26 (line 45)
                      ; - androidx.compose.runtime.snapshots.SnapshotKt::currentSnapshot@3 (line 1284)
                      ; - androidx.compose.runtime.snapshots.Snapshot$Companion::getCurrent@0 (line 294)
                      ; - androidx.compose.runtime.snapshots.SnapshotKt::readable@3 (line 2122)
                      ; - androidx.compose.runtime.SnapshotMutableStateImpl::getValue@11 (line 142)
                      ; - io.github.kdroidfilter.composemediaplayer.windows.WindowsVideoPlayerState::getVideoHeight@16 (line 1447)
                      ; - io.github.kdroidfilter.composemediaplayer.windows.WindowsVideoPlayerState::processOneFrame@85 (line 779)
  0x000002072453c5a8: 54b7 4aff 

  0x000002072453c5ac: ;   {other}
  0x000002072453c5ac: 0f1f 8400 | 1c47 0097 | baf4 ffff | ff48 8b6c | 2450 4c8b | 5424 384c | 8954 2420 | 4c8b 5424 
  0x000002072453c5cc: 404c 8954 | 2428 4c8b | 5424 484c | 8954 2430 | 4c8b 5424 | 584c 8954 

  0x000002072453c5e4: ;   {runtime_call UncommonTrapBlob}
  0x000002072453c5e4: 2448 90e8 

  0x000002072453c5e8: ; ImmutableOopMap {rbp=Oop [40]=Oop [48]=Oop [72]=Oop [104]=Oop }
                      ;*checkcast {reexecute=0 rethrow=0 return_oop=0}
                      ; - io.github.kdroidfilter.composemediaplayer.windows.WindowsVideoPlayerState::getVideoHeight@21 (line 1447)
                      ; - io.github.kdroidfilter.composemediaplayer.windows.WindowsVideoPlayerState::processOneFrame@85 (line 779)
  0x000002072453c5e8: 14b7 4aff 

  0x000002072453c5ec: ;   {other}
  0x000002072453c5ec: 0f1f 8400 | 5c47 0098 | baf4 ffff | ff4c 8b54 | 2438 4c89 | 5424 204c | 8b54 2440 | 4c89 5424 
  0x000002072453c60c: 284c 894c 

  0x000002072453c610: ;   {runtime_call UncommonTrapBlob}
  0x000002072453c610: 2438 90e8 

  0x000002072453c614: ; ImmutableOopMap {[40]=Oop [56]=Oop [72]=Oop [80]=Oop [88]=Oop }
                      ;*checkcast {reexecute=0 rethrow=0 return_oop=0}
                      ; - io.github.kdroidfilter.composemediaplayer.windows.WindowsVideoPlayerState::getVideoWidth@4 (line 245)
                      ; - io.github.kdroidfilter.composemediaplayer.windows.WindowsVideoPlayerState::processOneFrame@108 (line 785)
  0x000002072453c614: e8b6 4aff 

  0x000002072453c618: ;   {other}
  0x000002072453c618: 0f1f 8400 | 8847 0099 | baf6 ffff | ff48 8b4c | 2438 4889 | 4c24 2048 | 8b4c 2440 | 4889 4c24 
  0x000002072453c638: 2848 8b4c | 2448 4889 | 4c24 304c | 894c 2438 | 4c89 4c24 | 404c 8b4c | 2458 4c89 | 4c24 484c 
  0x000002072453c658: 895c 2458 | 4489 5424 | 604c 895c | 2468 4c89 

  0x000002072453c668: ;   {runtime_call UncommonTrapBlob}
  0x000002072453c668: 4424 70e8 

  0x000002072453c66c: ; ImmutableOopMap {[40]=Oop [48]=Oop [56]=Oop [64]=Oop [72]=Oop [88]=Oop [96]=NarrowOop [104]=Oop }
                      ;*invokevirtual get {reexecute=0 rethrow=0 return_oop=0}
                      ; - androidx.compose.runtime.internal.SnapshotThreadLocal::get@23 (line 45)
                      ; - androidx.compose.runtime.snapshots.SnapshotKt::currentSnapshot@3 (line 1284)
                      ; - androidx.compose.runtime.snapshots.Snapshot$Companion::getCurrent@0 (line 294)
                      ; - androidx.compose.runtime.snapshots.SnapshotKt::readable@3 (line 2122)
                      ; - androidx.compose.runtime.SnapshotMutableStateImpl::getValue@11 (line 142)
                      ; - io.github.kdroidfilter.composemediaplayer.windows.WindowsVideoPlayerState::getVideoWidth@16 (line 1444)
                      ; - io.github.kdroidfilter.composemediaplayer.windows.WindowsVideoPlayerState::processOneFrame@108 (line 785)
  0x000002072453c66c: 90b6 4aff 

  0x000002072453c670: ;   {other}
  0x000002072453c670: 0f1f 8400 | e047 009a | baf4 ffff | ff48 8b4c | 2438 4889 | 4c24 2048 | 8b4c 2440 | 4889 4c24 
  0x000002072453c690: 2848 8b4c | 2448 4889 | 4c24 304c | 894c 2438 | 4c89 4c24 | 404c 8b4c | 2458 4c89 | 4c24 484c 
  0x000002072453c6b0: 895c 2458 | 4489 5424 | 604c 895c | 2468 4c89 

  0x000002072453c6c0: ;   {runtime_call UncommonTrapBlob}
  0x000002072453c6c0: 4424 70e8 

  0x000002072453c6c4: ; ImmutableOopMap {[40]=Oop [48]=Oop [56]=Oop [64]=Oop [72]=Oop [88]=Oop [96]=NarrowOop [104]=Oop }
                      ;*checkcast {reexecute=0 rethrow=0 return_oop=0}
                      ; - androidx.compose.runtime.internal.SnapshotThreadLocal::get@26 (line 45)
                      ; - androidx.compose.runtime.snapshots.SnapshotKt::currentSnapshot@3 (line 1284)
                      ; - androidx.compose.runtime.snapshots.Snapshot$Companion::getCurrent@0 (line 294)
                      ; - androidx.compose.runtime.snapshots.SnapshotKt::readable@3 (line 2122)
                      ; - androidx.compose.runtime.SnapshotMutableStateImpl::getValue@11 (line 142)
                      ; - io.github.kdroidfilter.composemediaplayer.windows.WindowsVideoPlayerState::getVideoWidth@16 (line 1444)
                      ; - io.github.kdroidfilter.composemediaplayer.windows.WindowsVideoPlayerState::processOneFrame@108 (line 785)
  0x000002072453c6c4: 38b6 4aff 

  0x000002072453c6c8: ;   {other}
  0x000002072453c6c8: 0f1f 8400 | 3848 009b | baf4 ffff | ff48 8b6c | 2450 4c8b | 5424 384c | 8954 2420 | 4c8b 5424 
  0x000002072453c6e8: 404c 8954 | 2428 4c8b | 5424 484c | 8954 2430 

  0x000002072453c6f8: ;   {runtime_call UncommonTrapBlob}
  0x000002072453c6f8: 6666 90e8 

  0x000002072453c6fc: ; ImmutableOopMap {rbp=Oop [40]=Oop [48]=Oop [88]=Oop [96]=Oop }
                      ;*checkcast {reexecute=0 rethrow=0 return_oop=0}
                      ; - io.github.kdroidfilter.composemediaplayer.windows.WindowsVideoPlayerState::getVideoWidth@21 (line 1444)
                      ; - io.github.kdroidfilter.composemediaplayer.windows.WindowsVideoPlayerState::processOneFrame@108 (line 785)
  0x000002072453c6fc: 00b6 4aff 

  0x000002072453c700: ;   {other}
  0x000002072453c700: 0f1f 8400 | 7048 009c | baf4 ffff | ff4c 8b54 | 2438 4c89 | 5424 204c | 8b54 2440 | 4c89 5424 
  0x000002072453c720: 284c 8b54 | 2448 4c89 | 5424 304c | 894c 2438 | 894c 2448 

  0x000002072453c734: ;   {runtime_call UncommonTrapBlob}
  0x000002072453c734: 6666 90e8 

  0x000002072453c738: ; ImmutableOopMap {[40]=Oop [48]=Oop [56]=Oop [80]=Oop [88]=Oop }
                      ;*checkcast {reexecute=0 rethrow=0 return_oop=0}
                      ; - io.github.kdroidfilter.composemediaplayer.windows.WindowsVideoPlayerState::getVideoHeight@4 (line 246)
                      ; - io.github.kdroidfilter.composemediaplayer.windows.WindowsVideoPlayerState::processOneFrame@114 (line 786)
  0x000002072453c738: c4b5 4aff 

  0x000002072453c73c: ;   {other}
  0x000002072453c73c: 0f1f 8400 | ac48 009d | baf6 ffff | ff48 8b5c | 2438 4889 | 5c24 2048 | 8b5c 2440 | 4889 5c24 
  0x000002072453c75c: 2848 8b5c | 2448 4889 | 5c24 304c | 894c 2438 | 4c89 4c24 | 404c 8b4c | 2458 4c89 | 4c24 4889 
  0x000002072453c77c: 4c24 504c | 895c 2460 | 4489 5424 | 544c 895c | 2468 4c89 

  0x000002072453c790: ;   {runtime_call UncommonTrapBlob}
  0x000002072453c790: 4424 70e8 

  0x000002072453c794: ; ImmutableOopMap {[40]=Oop [48]=Oop [56]=Oop [64]=Oop [72]=Oop [84]=NarrowOop [96]=Oop [104]=Oop }
                      ;*invokevirtual get {reexecute=0 rethrow=0 return_oop=0}
                      ; - androidx.compose.runtime.internal.SnapshotThreadLocal::get@23 (line 45)
                      ; - androidx.compose.runtime.snapshots.SnapshotKt::currentSnapshot@3 (line 1284)
                      ; - androidx.compose.runtime.snapshots.Snapshot$Companion::getCurrent@0 (line 294)
                      ; - androidx.compose.runtime.snapshots.SnapshotKt::readable@3 (line 2122)
                      ; - androidx.compose.runtime.SnapshotMutableStateImpl::getValue@11 (line 142)
                      ; - io.github.kdroidfilter.composemediaplayer.windows.WindowsVideoPlayerState::getVideoHeight@16 (line 1447)
                      ; - io.github.kdroidfilter.composemediaplayer.windows.WindowsVideoPlayerState::processOneFrame@114 (line 786)
  0x000002072453c794: 68b5 4aff 

  0x000002072453c798: ;   {other}
  0x000002072453c798: 0f1f 8400 | 0849 009e | baf4 ffff | ff48 8b5c | 2438 4889 | 5c24 2048 | 8b5c 2440 | 4889 5c24 
  0x000002072453c7b8: 2848 8b5c | 2448 4889 | 5c24 304c | 894c 2438 | 4c89 4c24 | 404c 8b4c | 2458 4c89 | 4c24 4889 
  0x000002072453c7d8: 4c24 504c | 895c 2460 | 4489 5424 | 544c 895c | 2468 4c89 

  0x000002072453c7ec: ;   {runtime_call UncommonTrapBlob}
  0x000002072453c7ec: 4424 70e8 

  0x000002072453c7f0: ; ImmutableOopMap {[40]=Oop [48]=Oop [56]=Oop [64]=Oop [72]=Oop [84]=NarrowOop [96]=Oop [104]=Oop }
                      ;*checkcast {reexecute=0 rethrow=0 return_oop=0}
                      ; - androidx.compose.runtime.internal.SnapshotThreadLocal::get@26 (line 45)
                      ; - androidx.compose.runtime.snapshots.SnapshotKt::currentSnapshot@3 (line 1284)
                      ; - androidx.compose.runtime.snapshots.Snapshot$Companion::getCurrent@0 (line 294)
                      ; - androidx.compose.runtime.snapshots.SnapshotKt::readable@3 (line 2122)
                      ; - androidx.compose.runtime.SnapshotMutableStateImpl::getValue@11 (line 142)
                      ; - io.github.kdroidfilter.composemediaplayer.windows.WindowsVideoPlayerState::getVideoHeight@16 (line 1447)
                      ; - io.github.kdroidfilter.composemediaplayer.windows.WindowsVideoPlayerState::processOneFrame@114 (line 786)
  0x000002072453c7f0: 0cb5 4aff 

  0x000002072453c7f4: ;   {other}
  0x000002072453c7f4: 0f1f 8400 | 6449 009f | baf4 ffff | ff48 8b6c | 2450 4c8b | 5424 384c | 8954 2420 | 4c8b 5424 
  0x000002072453c814: 404c 8954 | 2428 4c8b | 5424 484c | 8954 2430 | 4c8b 5424 | 584c 8954 

  0x000002072453c82c: ;   {runtime_call UncommonTrapBlob}
  0x000002072453c82c: 2448 90e8 

  0x000002072453c830: ; ImmutableOopMap {rbp=Oop [40]=Oop [48]=Oop [72]=Oop [104]=Oop }
                      ;*checkcast {reexecute=0 rethrow=0 return_oop=0}
                      ; - io.github.kdroidfilter.composemediaplayer.windows.WindowsVideoPlayerState::getVideoHeight@21 (line 1447)
                      ; - io.github.kdroidfilter.composemediaplayer.windows.WindowsVideoPlayerState::processOneFrame@114 (line 786)
  0x000002072453c830: ccb4 4aff 

  0x000002072453c834: ;   {other}
  0x000002072453c834: 0f1f 8400 | a449 00a0 | baf6 ffff | ff48 8b74 | 2428 4889 | 7424 2048 | 8b74 2440 | 4889 7424 
  0x000002072453c854: 2848 8b74 | 2448 4889 | 7424 3048 | 897c 2438 | 4889 7c24 | 404c 894c | 2448 8944 | 2450 4c89 
  0x000002072453c874: 5c24 6044 | 8954 2454 | 4c89 5c24 | 684c 8984 | 2480 0000 | 0048 899c | 2488 0000 | 004c 8984 
  0x000002072453c894: 2490 0000 | 0089 8c24 | 9800 0000 

  0x000002072453c8a0: ;   {runtime_call UncommonTrapBlob}
  0x000002072453c8a0: 6666 90e8 

  0x000002072453c8a4: ; ImmutableOopMap {[40]=Oop [48]=Oop [56]=Oop [64]=Oop [72]=Oop [84]=NarrowOop [96]=Oop [104]=Oop [136]=Oop }
                      ;*laload {reexecute=0 rethrow=0 return_oop=0}
                      ; - androidx.compose.runtime.internal.ThreadMap::find@39 (line 137)
                      ; - androidx.compose.runtime.internal.ThreadMap::get@2 (line 69)
                      ; - androidx.compose.runtime.internal.SnapshotThreadLocal::get@30 (line 45)
                      ; - androidx.compose.runtime.snapshots.SnapshotKt::currentSnapshot@3 (line 1284)
                      ; - androidx.compose.runtime.snapshots.Snapshot$Companion::getCurrent@0 (line 294)
                      ; - androidx.compose.runtime.snapshots.SnapshotKt::readable@3 (line 2122)
                      ; - androidx.compose.runtime.SnapshotMutableStateImpl::getValue@11 (line 142)
                      ; - io.github.kdroidfilter.composemediaplayer.windows.WindowsVideoPlayerState::getVideoWidth@16 (line 1444)
                      ; - io.github.kdroidfilter.composemediaplayer.windows.WindowsVideoPlayerState::processOneFrame@74 (line 779)
  0x000002072453c8a4: 58b4 4aff 

  0x000002072453c8a8: ;   {other}
  0x000002072453c8a8: 0f1f 8400 | 184a 00a1 | baf6 ffff | ff48 8b7c | 2438 4889 | 7c24 2048 | 8b7c 2440 | 4889 7c24 
  0x000002072453c8c8: 2848 8b7c | 2448 4889 | 7c24 304c | 894c 2438 | 4c89 4c24 | 4048 8944 | 2448 4489 | 6c24 504c 
  0x000002072453c8e8: 895c 2460 | 4489 5424 | 544c 895c | 2468 4c89 | 8424 8000 | 0000 4889 | 9c24 8800 | 0000 4c89 
  0x000002072453c908: 8424 9000 | 0000 898c | 2498 0000 

  0x000002072453c914: ;   {runtime_call UncommonTrapBlob}
  0x000002072453c914: 0066 90e8 

  0x000002072453c918: ; ImmutableOopMap {[40]=Oop [48]=Oop [56]=Oop [64]=Oop [72]=Oop [84]=NarrowOop [96]=Oop [104]=Oop [136]=Oop }
                      ;*laload {reexecute=0 rethrow=0 return_oop=0}
                      ; - androidx.compose.runtime.internal.ThreadMap::find@39 (line 137)
                      ; - androidx.compose.runtime.internal.ThreadMap::get@2 (line 69)
                      ; - androidx.compose.runtime.internal.SnapshotThreadLocal::get@30 (line 45)
                      ; - androidx.compose.runtime.snapshots.SnapshotKt::currentSnapshot@3 (line 1284)
                      ; - androidx.compose.runtime.snapshots.Snapshot$Companion::getCurrent@0 (line 294)
                      ; - androidx.compose.runtime.snapshots.SnapshotKt::readable@3 (line 2122)
                      ; - androidx.compose.runtime.SnapshotMutableStateImpl::getValue@11 (line 142)
                      ; - io.github.kdroidfilter.composemediaplayer.windows.WindowsVideoPlayerState::getVideoHeight@16 (line 1447)
                      ; - io.github.kdroidfilter.composemediaplayer.windows.WindowsVideoPlayerState::processOneFrame@85 (line 779)
  0x000002072453c918: e4b3 4aff 

  0x000002072453c91c: ;   {other}
  0x000002072453c91c: 0f1f 8400 | 8c4a 00a2 | baf6 ffff | ff48 8b4c | 2438 4889 | 4c24 2048 | 8b4c 2440 | 4889 4c24 
  0x000002072453c93c: 2848 8b4c | 2448 4889 | 4c24 304c | 894c 2438 | 4c89 4c24 | 404c 8b4c | 2458 4c89 | 4c24 484c 
  0x000002072453c95c: 895c 2458 | 4489 5424 | 604c 895c | 2468 4c89 | 8424 8000 | 0000 4889 | 9c24 8800 | 0000 4c89 
  0x000002072453c97c: 8424 9000 | 0000 897c 

  0x000002072453c984: ;   {runtime_call UncommonTrapBlob}
  0x000002072453c984: 2464 90e8 

  0x000002072453c988: ; ImmutableOopMap {[40]=Oop [48]=Oop [56]=Oop [64]=Oop [72]=Oop [88]=Oop [96]=NarrowOop [104]=Oop [136]=Oop }
                      ;*laload {reexecute=0 rethrow=0 return_oop=0}
                      ; - androidx.compose.runtime.internal.ThreadMap::find@39 (line 137)
                      ; - androidx.compose.runtime.internal.ThreadMap::get@2 (line 69)
                      ; - androidx.compose.runtime.internal.SnapshotThreadLocal::get@30 (line 45)
                      ; - androidx.compose.runtime.snapshots.SnapshotKt::currentSnapshot@3 (line 1284)
                      ; - androidx.compose.runtime.snapshots.Snapshot$Companion::getCurrent@0 (line 294)
                      ; - androidx.compose.runtime.snapshots.SnapshotKt::readable@3 (line 2122)
                      ; - androidx.compose.runtime.SnapshotMutableStateImpl::getValue@11 (line 142)
                      ; - io.github.kdroidfilter.composemediaplayer.windows.WindowsVideoPlayerState::getVideoWidth@16 (line 1444)
                      ; - io.github.kdroidfilter.composemediaplayer.windows.WindowsVideoPlayerState::processOneFrame@108 (line 785)
  0x000002072453c988: 74b3 4aff 

  0x000002072453c98c: ;   {other}
  0x000002072453c98c: 0f1f 8400 | fc4a 00a3 | baf6 ffff | ff48 8b74 | 2438 4889 | 7424 2048 | 8b74 2440 | 4889 7424 
  0x000002072453c9ac: 2848 8b74 | 2448 4889 | 7424 304c | 894c 2438 | 4c89 4c24 | 404c 8b4c | 2458 4c89 | 4c24 4889 
  0x000002072453c9cc: 4c24 504c | 895c 2460 | 4489 5424 | 544c 895c | 2468 4c89 | 8424 8000 | 0000 4889 | bc24 8800 
  0x000002072453c9ec: 0000 4c89 | 8424 9000 | 0000 899c | 2498 0000 

  0x000002072453c9fc: ;   {runtime_call UncommonTrapBlob}
  0x000002072453c9fc: 0066 90e8 

  0x000002072453ca00: ; ImmutableOopMap {[40]=Oop [48]=Oop [56]=Oop [64]=Oop [72]=Oop [84]=NarrowOop [96]=Oop [104]=Oop [136]=Oop }
                      ;*laload {reexecute=0 rethrow=0 return_oop=0}
                      ; - androidx.compose.runtime.internal.ThreadMap::find@39 (line 137)
                      ; - androidx.compose.runtime.internal.ThreadMap::get@2 (line 69)
                      ; - androidx.compose.runtime.internal.SnapshotThreadLocal::get@30 (line 45)
                      ; - androidx.compose.runtime.snapshots.SnapshotKt::currentSnapshot@3 (line 1284)
                      ; - androidx.compose.runtime.snapshots.Snapshot$Companion::getCurrent@0 (line 294)
                      ; - androidx.compose.runtime.snapshots.SnapshotKt::readable@3 (line 2122)
                      ; - androidx.compose.runtime.SnapshotMutableStateImpl::getValue@11 (line 142)
                      ; - io.github.kdroidfilter.composemediaplayer.windows.WindowsVideoPlayerState::getVideoHeight@16 (line 1447)
                      ; - io.github.kdroidfilter.composemediaplayer.windows.WindowsVideoPlayerState::processOneFrame@114 (line 786)
  0x000002072453ca00: fcb2 4aff 

  0x000002072453ca04: ;   {other}
  0x000002072453ca04: 0f1f 8400 | 744b 00a4 | baf6 ffff | ff48 8b4c | 2428 4889 | 4c24 2048 | 8b4c 2440 | 4889 4c24 
  0x000002072453ca24: 2848 8b4c | 2448 4889 | 4c24 3048 | 897c 2438 | 4889 7c24 | 404c 894c | 2448 8944 | 2450 4c89 
  0x000002072453ca44: 5c24 6044 | 8954 2454 | 4c89 5c24 | 6848 895c | 2478 4c89 | 8424 8000 

  0x000002072453ca5c: ;   {runtime_call UncommonTrapBlob}
  0x000002072453ca5c: 0000 90e8 

  0x000002072453ca60: ; ImmutableOopMap {[40]=Oop [48]=Oop [56]=Oop [64]=Oop [72]=Oop [84]=NarrowOop [96]=Oop [104]=Oop [120]=Oop }
                      ;*aaload {reexecute=0 rethrow=0 return_oop=0}
                      ; - androidx.compose.runtime.internal.ThreadMap::get@15 (line 70)
                      ; - androidx.compose.runtime.internal.SnapshotThreadLocal::get@30 (line 45)
                      ; - androidx.compose.runtime.snapshots.SnapshotKt::currentSnapshot@3 (line 1284)
                      ; - androidx.compose.runtime.snapshots.Snapshot$Companion::getCurrent@0 (line 294)
                      ; - androidx.compose.runtime.snapshots.SnapshotKt::readable@3 (line 2122)
                      ; - androidx.compose.runtime.SnapshotMutableStateImpl::getValue@11 (line 142)
                      ; - io.github.kdroidfilter.composemediaplayer.windows.WindowsVideoPlayerState::getVideoWidth@16 (line 1444)
                      ; - io.github.kdroidfilter.composemediaplayer.windows.WindowsVideoPlayerState::processOneFrame@74 (line 779)
  0x000002072453ca60: 9cb2 4aff 

  0x000002072453ca64: ;   {other}
  0x000002072453ca64: 0f1f 8400 | d44b 00a5 | baf6 ffff | ff48 8b4c | 2438 4889 | 4c24 2048 | 8b4c 2440 | 4889 4c24 
  0x000002072453ca84: 2848 8b4c | 2448 4889 | 4c24 304c | 894c 2438 | 4c89 4c24 | 4048 8944 | 2448 4489 | 6c24 504c 
  0x000002072453caa4: 895c 2460 | 4489 5424 | 544c 895c | 2468 4889 | 5c24 784c | 8984 2480 

  0x000002072453cabc: ;   {runtime_call UncommonTrapBlob}
  0x000002072453cabc: 0000 00e8 

  0x000002072453cac0: ; ImmutableOopMap {[40]=Oop [48]=Oop [56]=Oop [64]=Oop [72]=Oop [84]=NarrowOop [96]=Oop [104]=Oop [120]=Oop }
                      ;*aaload {reexecute=0 rethrow=0 return_oop=0}
                      ; - androidx.compose.runtime.internal.ThreadMap::get@15 (line 70)
                      ; - androidx.compose.runtime.internal.SnapshotThreadLocal::get@30 (line 45)
                      ; - androidx.compose.runtime.snapshots.SnapshotKt::currentSnapshot@3 (line 1284)
                      ; - androidx.compose.runtime.snapshots.Snapshot$Companion::getCurrent@0 (line 294)
                      ; - androidx.compose.runtime.snapshots.SnapshotKt::readable@3 (line 2122)
                      ; - androidx.compose.runtime.SnapshotMutableStateImpl::getValue@11 (line 142)
                      ; - io.github.kdroidfilter.composemediaplayer.windows.WindowsVideoPlayerState::getVideoHeight@16 (line 1447)
                      ; - io.github.kdroidfilter.composemediaplayer.windows.WindowsVideoPlayerState::processOneFrame@85 (line 779)
  0x000002072453cac0: 3cb2 4aff 

  0x000002072453cac4: ;   {other}
  0x000002072453cac4: 0f1f 8400 | 344c 00a6 | baf6 ffff | ff48 8b4c | 2438 4889 | 4c24 2048 | 8b4c 2440 | 4889 4c24 
  0x000002072453cae4: 2848 8b4c | 2448 4889 | 4c24 304c | 894c 2438 | 4c89 4c24 | 404c 8b4c | 2458 4c89 | 4c24 484c 
  0x000002072453cb04: 895c 2458 | 4489 5424 | 604c 895c | 2468 4889 | 5c24 784c | 8984 2480 

  0x000002072453cb1c: ;   {runtime_call UncommonTrapBlob}
  0x000002072453cb1c: 0000 00e8 

  0x000002072453cb20: ; ImmutableOopMap {[40]=Oop [48]=Oop [56]=Oop [64]=Oop [72]=Oop [88]=Oop [96]=NarrowOop [104]=Oop [120]=Oop }
                      ;*aaload {reexecute=0 rethrow=0 return_oop=0}
                      ; - androidx.compose.runtime.internal.ThreadMap::get@15 (line 70)
                      ; - androidx.compose.runtime.internal.SnapshotThreadLocal::get@30 (line 45)
                      ; - androidx.compose.runtime.snapshots.SnapshotKt::currentSnapshot@3 (line 1284)
                      ; - androidx.compose.runtime.snapshots.Snapshot$Companion::getCurrent@0 (line 294)
                      ; - androidx.compose.runtime.snapshots.SnapshotKt::readable@3 (line 2122)
                      ; - androidx.compose.runtime.SnapshotMutableStateImpl::getValue@11 (line 142)
                      ; - io.github.kdroidfilter.composemediaplayer.windows.WindowsVideoPlayerState::getVideoWidth@16 (line 1444)
                      ; - io.github.kdroidfilter.composemediaplayer.windows.WindowsVideoPlayerState::processOneFrame@108 (line 785)
  0x000002072453cb20: dcb1 4aff 

  0x000002072453cb24: ;   {other}
  0x000002072453cb24: 0f1f 8400 | 944c 00a7 | baf6 ffff | ff48 8b5c | 2438 4889 | 5c24 2048 | 8b5c 2440 | 4889 5c24 
  0x000002072453cb44: 2848 8b5c | 2448 4889 | 5c24 304c | 894c 2438 | 4c89 4c24 | 404c 8b4c | 2458 4c89 | 4c24 4889 
  0x000002072453cb64: 4c24 504c | 895c 2460 | 4489 5424 | 544c 895c | 2468 4889 | 7c24 784c | 8984 2480 

  0x000002072453cb80: ;   {runtime_call UncommonTrapBlob}
  0x000002072453cb80: 0000 00e8 

  0x000002072453cb84: ; ImmutableOopMap {[40]=Oop [48]=Oop [56]=Oop [64]=Oop [72]=Oop [84]=NarrowOop [96]=Oop [104]=Oop [120]=Oop }
                      ;*aaload {reexecute=0 rethrow=0 return_oop=0}
                      ; - androidx.compose.runtime.internal.ThreadMap::get@15 (line 70)
                      ; - androidx.compose.runtime.internal.SnapshotThreadLocal::get@30 (line 45)
                      ; - androidx.compose.runtime.snapshots.SnapshotKt::currentSnapshot@3 (line 1284)
                      ; - androidx.compose.runtime.snapshots.Snapshot$Companion::getCurrent@0 (line 294)
                      ; - androidx.compose.runtime.snapshots.SnapshotKt::readable@3 (line 2122)
                      ; - androidx.compose.runtime.SnapshotMutableStateImpl::getValue@11 (line 142)
                      ; - io.github.kdroidfilter.composemediaplayer.windows.WindowsVideoPlayerState::getVideoHeight@16 (line 1447)
                      ; - io.github.kdroidfilter.composemediaplayer.windows.WindowsVideoPlayerState::processOneFrame@114 (line 786)
  0x000002072453cb84: 78b1 4aff 

  0x000002072453cb88: ;   {other}
  0x000002072453cb88: 0f1f 8400 | f84c 00a8 | baf6 ffff | ff49 8be8 | 4c8b 5424 | 384c 8954 | 2420 4c8b | 5424 404c 
  0x000002072453cba8: 8954 2428 | 8944 244c 

  0x000002072453cbb0: ;   {runtime_call UncommonTrapBlob}
  0x000002072453cbb0: 6666 90e8 

  0x000002072453cbb4: ; ImmutableOopMap {rbp=Oop [40]=Oop [88]=Oop [112]=Oop }
                      ;*aaload {reexecute=0 rethrow=0 return_oop=0}
                      ; - io.github.kdroidfilter.composemediaplayer.windows.WindowsVideoPlayerState::processOneFrame@203 (line 801)
  0x000002072453cbb4: 48b1 4aff 

  0x000002072453cbb8: ;   {other}
  0x000002072453cbb8: 0f1f 8400 | 284d 00a9 | baf6 ffff | ff49 8be9 | 4c8b 5424 | 384c 8954 | 2420 4c8b | 5424 404c 
  0x000002072453cbd8: 8954 2428 | 4489 4424 

  0x000002072453cbe0: ;   {runtime_call UncommonTrapBlob}
  0x000002072453cbe0: 5066 90e8 

  0x000002072453cbe4: ; ImmutableOopMap {rbp=Oop [40]=Oop [88]=Oop [112]=Oop }
                      ;*aaload {reexecute=0 rethrow=0 return_oop=0}
                      ; - io.github.kdroidfilter.composemediaplayer.windows.WindowsVideoPlayerState::processOneFrame@537 (line 824)
  0x000002072453cbe4: 18b1 4aff 

  0x000002072453cbe8: ;   {other}
  0x000002072453cbe8: 0f1f 8400 | 584d 00aa | ba45 ffff | ff48 8b6c | 2450 4c8b | 4424 384c | 8944 2420 | 4c8b 4424 
  0x000002072453cc08: 404c 8944 | 2428 4c8b | 4424 484c | 8944 2430 | 4c89 5424 | 504c 8b54 | 2460 4c89 | 5424 5844 
  0x000002072453cc28: 8b54 2468 | 4489 5424 | 6044 899c | 2490 0000 | 004c 898c | 2498 0000 

  0x000002072453cc40: ;   {runtime_call UncommonTrapBlob}
  0x000002072453cc40: 0066 90e8 

  0x000002072453cc44: ; ImmutableOopMap {rbp=Oop [40]=Oop [48]=Oop [80]=Oop [88]=Oop [112]=Oop [120]=Oop [144]=NarrowOop [152]=Oop }
                      ;*ifnull {reexecute=1 rethrow=0 return_oop=0}
                      ; - (reexecute) androidx.compose.runtime.snapshots.SnapshotKt::readable@79 (line 2110)
                      ; - androidx.compose.runtime.snapshots.SnapshotKt::readable@35 (line 2124)
                      ; - androidx.compose.runtime.SnapshotMutableStateImpl::getValue@11 (line 142)
                      ; - io.github.kdroidfilter.composemediaplayer.windows.WindowsVideoPlayerState::getVideoWidth@16 (line 1444)
                      ; - io.github.kdroidfilter.composemediaplayer.windows.WindowsVideoPlayerState::processOneFrame@74 (line 779)
  0x000002072453cc44: b8b0 4aff 

  0x000002072453cc48: ;   {other}
  0x000002072453cc48: 0f1f 8400 | b84d 00ab | ba45 ffff | ff48 8b6c | 2450 4c8b | 5424 384c | 8954 2420 | 4c8b 5424 
  0x000002072453cc68: 404c 8954 | 2428 4c8b | 5424 484c | 8954 2430 | 4c8b 5424 | 584c 8954 | 2448 448b | 5424 6044 
  0x000002072453cc88: 8954 2450 | 4c8b 5424 | 684c 8954 | 2460 4489 | 9c24 8000 | 0000 4c89 | 8424 8800 | 0000 4c89 
  0x000002072453cca8: 8c24 9800 

  0x000002072453ccac: ;   {runtime_call UncommonTrapBlob}
  0x000002072453ccac: 0000 90e8 

  0x000002072453ccb0: ; ImmutableOopMap {rbp=Oop [40]=Oop [48]=Oop [72]=Oop [96]=Oop [104]=Oop [112]=Oop [128]=NarrowOop [136]=Oop [152]=Oop }
                      ;*ifnull {reexecute=1 rethrow=0 return_oop=0}
                      ; - (reexecute) androidx.compose.runtime.snapshots.SnapshotKt::readable@79 (line 2110)
                      ; - androidx.compose.runtime.snapshots.SnapshotKt::readable@35 (line 2124)
                      ; - androidx.compose.runtime.SnapshotMutableStateImpl::getValue@11 (line 142)
                      ; - io.github.kdroidfilter.composemediaplayer.windows.WindowsVideoPlayerState::getVideoHeight@16 (line 1447)
                      ; - io.github.kdroidfilter.composemediaplayer.windows.WindowsVideoPlayerState::processOneFrame@85 (line 779)
  0x000002072453ccb0: 4cb0 4aff 

  0x000002072453ccb4: ;   {other}
  0x000002072453ccb4: 0f1f 8400 | 244e 00ac | ba45 ffff | ff48 8b6c | 2450 4c8b | 5424 384c | 8954 2420 | 4c8b 5424 
  0x000002072453ccd4: 404c 8954 | 2428 4c8b | 5424 484c | 8954 2430 | 4c8b 5424 | 584c 8954 | 2448 4c8b | 5424 604c 
  0x000002072453ccf4: 8954 2458 | 4489 5c24 | 7c48 898c | 2480 0000 | 0048 899c | 2490 0000 

  0x000002072453cd0c: ;   {runtime_call UncommonTrapBlob}
  0x000002072453cd0c: 0066 90e8 

  0x000002072453cd10: ; ImmutableOopMap {rbp=Oop [40]=Oop [48]=Oop [72]=Oop [88]=Oop [96]=Oop [104]=Oop [124]=NarrowOop [128]=Oop [144]=Oop }
                      ;*ifnull {reexecute=1 rethrow=0 return_oop=0}
                      ; - (reexecute) androidx.compose.runtime.snapshots.SnapshotKt::readable@79 (line 2110)
                      ; - androidx.compose.runtime.snapshots.SnapshotKt::readable@35 (line 2124)
                      ; - androidx.compose.runtime.SnapshotMutableStateImpl::getValue@11 (line 142)
                      ; - io.github.kdroidfilter.composemediaplayer.windows.WindowsVideoPlayerState::getVideoWidth@16 (line 1444)
                      ; - io.github.kdroidfilter.composemediaplayer.windows.WindowsVideoPlayerState::processOneFrame@108 (line 785)
  0x000002072453cd10: ecaf 4aff 

  0x000002072453cd14: ;   {other}
  0x000002072453cd14: 0f1f 8400 | 844e 00ad | ba45 ffff | ff48 8b6c | 2450 4c8b | 4424 384c | 8944 2420 | 4c8b 4424 
  0x000002072453cd34: 404c 8944 | 2428 4c8b | 4424 484c | 8944 2430 | 4c89 5c24 | 5044 8994 | 2490 0000 | 004c 898c 
  0x000002072453cd54: 2498 0000 

  0x000002072453cd58: ;   {runtime_call UncommonTrapBlob}
  0x000002072453cd58: 0066 90e8 

  0x000002072453cd5c: ; ImmutableOopMap {rbp=Oop [40]=Oop [48]=Oop [80]=Oop [88]=Oop [104]=Oop [112]=Oop [144]=NarrowOop [152]=Oop }
                      ;*ifnull {reexecute=1 rethrow=0 return_oop=0}
                      ; - (reexecute) androidx.compose.runtime.snapshots.SnapshotKt::readable@79 (line 2110)
                      ; - androidx.compose.runtime.snapshots.SnapshotKt::readable@35 (line 2124)
                      ; - androidx.compose.runtime.SnapshotMutableStateImpl::getValue@11 (line 142)
                      ; - io.github.kdroidfilter.composemediaplayer.windows.WindowsVideoPlayerState::getVideoHeight@16 (line 1447)
                      ; - io.github.kdroidfilter.composemediaplayer.windows.WindowsVideoPlayerState::processOneFrame@114 (line 786)
  0x000002072453cd5c: a0af 4aff 

  0x000002072453cd60: ;   {other}
  0x000002072453cd60: 0f1f 8400 | d04e 00ae | baf6 ffff | ff48 8beb | 4c8b 5424 | 384c 8954 | 2420 4c8b | 5424 404c 
  0x000002072453cd80: 8954 2428 | 4c8b 5424 | 504c 8954 | 2430 4c8b | 5424 584c | 8954 2438 | 448b 5c24 | 4844 895c 
  0x000002072453cda0: 2440 448b | 5424 4c44 | 8954 2444 | 448b 5c24 | 6044 895c | 2448 448b | 5424 6444 | 8954 244c 
  0x000002072453cdc0: 448b 5424 | 6844 8954 | 2454 4489 | 4c24 6444 | 8944 2468 

  0x000002072453cdd4: ;   {runtime_call UncommonTrapBlob}
  0x000002072453cdd4: 6666 90e8 

  0x000002072453cdd8: ; ImmutableOopMap {rbp=Oop [40]=Oop [48]=Oop [56]=Oop [84]=NarrowOop [108]=NarrowOop [116]=NarrowOop }
                      ;*aaload {reexecute=0 rethrow=0 return_oop=0}
                      ; - io.github.kdroidfilter.composemediaplayer.windows.WindowsVideoPlayerState::processOneFrame@317 (line 807)
  0x000002072453cdd8: 24af 4aff 

  0x000002072453cddc: ;   {other}
  0x000002072453cddc: 0f1f 8400 | 4c4f 00af | baf6 ffff | ff48 8b6c | 2430 4c8b | 5424 384c | 8954 2420 | 4c8b 5424 
  0x000002072453cdfc: 404c 8954 | 2428 4c8b | 5424 504c | 8954 2430 | 4c8b 5424 | 584c 8954 | 2438 448b | 5424 4844 
  0x000002072453ce1c: 8954 2440 | 448b 5c24 | 4c44 895c | 2444 448b | 5424 6044 | 8954 2448 | 448b 5c24 | 6444 895c 
  0x000002072453ce3c: 244c 448b | 5424 6c44 | 8954 2450 | 448b 5c24 | 6844 895c | 2454 448b | 5424 7044 | 8954 2458 
  0x000002072453ce5c: 448b 5c24 | 7444 895c | 245c 4c8b | 9424 8800 | 0000 448b | 9c24 8400 | 0000 4489 | 5c24 6c4c 
  0x000002072453ce7c: 8954 2478 

  0x000002072453ce80: ;   {runtime_call UncommonTrapBlob}
  0x000002072453ce80: 6666 90e8 

  0x000002072453ce84: ; ImmutableOopMap {rbp=Oop [40]=Oop [48]=Oop [56]=Oop [80]=NarrowOop [84]=NarrowOop [92]=NarrowOop [120]=Oop [136]=Oop [176]=Oop }
                      ;*aastore {reexecute=1 rethrow=0 return_oop=0}
                      ; - (reexecute) io.github.kdroidfilter.composemediaplayer.windows.WindowsVideoPlayerState::processOneFrame@435 (line 814)
  0x000002072453ce84: 78ae 4aff 

  0x000002072453ce88: ;   {other}
  0x000002072453ce88: 0f1f 8400 | f84f 00b0 | baf6 ffff | ff49 8be8 | 4c8b 5424 | 384c 8954 | 2420 4c8b | 5424 404c 
  0x000002072453cea8: 8954 2428 | 8944 244c 

  0x000002072453ceb0: ;   {runtime_call UncommonTrapBlob}
  0x000002072453ceb0: 6666 90e8 

  0x000002072453ceb4: ; ImmutableOopMap {rbp=Oop [40]=Oop [88]=Oop [112]=Oop }
                      ;*invokevirtual readLock {reexecute=0 rethrow=0 return_oop=0}
                      ; - io.github.kdroidfilter.composemediaplayer.windows.WindowsVideoPlayerState::processOneFrame@233 (line 802)
  0x000002072453ceb4: 48ae 4aff 

  0x000002072453ceb8: ;   {other}
  0x000002072453ceb8: 0f1f 8400 | 2850 00b1 | baf6 ffff | ff4c 8b5c | 2438 4c89 | 5c24 204c | 8b5c 2440 | 4c89 5c24 
  0x000002072453ced8: 284c 8b5c | 2450 4c89 | 5c24 304c | 8b5c 2458 | 4c89 5c24 | 3844 8954 | 2450 8944 

  0x000002072453cef4: ;   {runtime_call UncommonTrapBlob}
  0x000002072453cef4: 2458 90e8 

  0x000002072453cef8: ; ImmutableOopMap {rbp=Oop [40]=Oop [48]=Oop [56]=Oop [80]=NarrowOop [104]=NarrowOop }
                      ;*invokevirtual lock {reexecute=0 rethrow=0 return_oop=0}
                      ; - io.github.kdroidfilter.composemediaplayer.windows.WindowsVideoPlayerState::processOneFrame@287 (line 802)
  0x000002072453cef8: 04ae 4aff 

  0x000002072453cefc: ;   {other}
  0x000002072453cefc: 0f1f 8400 | 6c50 00b2 | baf6 ffff | ff4c 8b54 | 2438 4c89 | 5424 204c | 8b54 2440 | 4c89 5424 
  0x000002072453cf1c: 284c 8b54 | 2450 4c89 | 5424 304c | 8b54 2458 | 4c89 5424 

  0x000002072453cf30: ;   {runtime_call UncommonTrapBlob}
  0x000002072453cf30: 3866 90e8 

  0x000002072453cf34: ; ImmutableOopMap {rbp=Oop [40]=Oop [48]=Oop [56]=Oop [104]=NarrowOop [108]=NarrowOop [116]=NarrowOop }
                      ;*arraylength {reexecute=0 rethrow=0 return_oop=0}
                      ; - io.github.kdroidfilter.composemediaplayer.windows.WindowsVideoPlayerState::processOneFrame@301 (line 806)
  0x000002072453cf34: c8ad 4aff 

  0x000002072453cf38: ;   {other}
  0x000002072453cf38: 0f1f 8400 | a850 00b3 | baf6 ffff | ff48 8b6c | 2430 4c8b | 5424 384c | 8954 2420 | 4c8b 5424 
  0x000002072453cf58: 404c 8954 | 2428 4c8b | 5424 504c | 8954 2430 | 4c8b 5424 | 584c 8954 | 2438 448b | 5c24 4844 
  0x000002072453cf78: 895c 2440 | 448b 5424 | 4c44 8954 | 2444 448b | 5c24 6044 | 895c 2448 | 448b 5424 | 6444 8954 
  0x000002072453cf98: 244c 4c89 

  0x000002072453cf9c: ;   {runtime_call UncommonTrapBlob}
  0x000002072453cf9c: 4424 60e8 

  0x000002072453cfa0: ; ImmutableOopMap {rbp=Oop [40]=Oop [48]=Oop [56]=Oop [96]=Oop [104]=NarrowOop [108]=NarrowOop [116]=NarrowOop }
                      ;*arraylength {reexecute=0 rethrow=0 return_oop=0}
                      ; - io.github.kdroidfilter.composemediaplayer.windows.WindowsVideoPlayerState::processOneFrame@380 (line 813)
  0x000002072453cfa0: 5cad 4aff 

  0x000002072453cfa4: ;   {other}
  0x000002072453cfa4: 0f1f 8400 | 1451 00b4 | 488b e8e9 | 4b02 0000 | e943 0200 | 00e9 3e02 | 0000 488b | d0e9 8602 
  0x000002072453cfc4: 0000 488b | e8e9 3102 | 0000 488b | d0e9 7602 | 0000 488b | d0e9 6e02 | 0000 488b | d0e9 6602 
  0x000002072453cfe4: 0000 e93e | 0200 00e9 | 4202 0000 | e946 0200 | 00e9 4a02 | 0000 488b | d0e9 4a02 | 0000 488b 
  0x000002072453d004: e8e9 f501 | 0000 488b | e8e9 ed01 | 0000 488b | d0e9 3202 | 0000 e9dd | 0100 00e9 | d801 0000 
  0x000002072453d024: e9d3 0100 | 00e9 ce01 | 0000 e9c9 | 0100 00e9 | c401 0000 | 488b d0e9 | 0c02 0000 | 488b d0e9 
  0x000002072453d044: 0402 0000 | 488b d0e9 | fc01 0000 | 488b d0e9 | f401 0000 | e9cc 0100 | 00e9 d001 | 0000 e9d4 
  0x000002072453d064: 0100 00e9 | d801 0000 | 488b d0e9 | d801 0000 | 488b d0e9 | d001 0000 | 488b d0e9 | c801 0000 
  0x000002072453d084: 488b d0e9 | c001 0000 | 4c8b c045 | 8b9f e405 | 0000 4585 | db0f 8437 | 0100 00ba 

  0x000002072453d0a0: ;   {no_reloc}
  0x000002072453d0a0: 97ff ffff | 4c8b 5424 | 384c 8954 | 2420 4c8b | 5424 404c | 8954 2428 | 4c8b 5424 | 504c 8954 
  0x000002072453d0c0: 2430 4c8b | 5424 584c | 8954 2438 | 448b 5c24 | 4844 895c | 2440 448b | 5424 4c44 | 8954 2444 
  0x000002072453d0e0: 448b 5c24 | 6c44 895c | 2448 448b | 5424 6444 | 8954 244c | 448b 5c24 | 6844 895c | 2450 4c8b 
  0x000002072453d100: 9424 8000 | 0000 4c89 | 5424 5848 | 8944 2478 

  0x000002072453d110: ;   {runtime_call UncommonTrapBlob}
  0x000002072453d110: 6666 90e8 

  0x000002072453d114: ; ImmutableOopMap {rbp=Oop [40]=Oop [48]=Oop [56]=Oop [80]=NarrowOop [88]=Oop [120]=Oop }
                      ;*athrow {reexecute=1 rethrow=0 return_oop=0}
                      ; - (reexecute) org.jetbrains.skia.Pixmap::getRowBytes@28 (line 105)
                      ; - io.github.kdroidfilter.composemediaplayer.windows.WindowsVideoPlayerState::processOneFrame@642 (line 840)
  0x000002072453d114: e8ab 4aff 

  0x000002072453d118: ;   {other}
  0x000002072453d118: 0f1f 8400 | 8852 00b5 | 4c8b c045 | 8b9f e405 | 0000 4585 | db0f 84ab | 0000 00ba | 97ff ffff 
  0x000002072453d138: 4c8b 5424 | 384c 8954 | 2420 4c8b | 5424 404c | 8954 2428 | 4c8b 5424 | 504c 8954 | 2430 4c8b 
  0x000002072453d158: 5424 584c | 8954 2438 | 448b 5c24 | 4844 895c | 2440 448b | 5424 4c44 | 8954 2444 | 448b 5c24 
  0x000002072453d178: 6c44 895c | 2448 448b | 5424 6444 | 8954 244c | 448b 5c24 | 6844 895c | 2450 4c8b | 9424 8000 
  0x000002072453d198: 0000 4c89 | 5424 6048 | 8944 2470 

  0x000002072453d1a4: ;   {runtime_call UncommonTrapBlob}
  0x000002072453d1a4: 6666 90e8 

  0x000002072453d1a8: ; ImmutableOopMap {rbp=Oop [40]=Oop [48]=Oop [56]=Oop [80]=NarrowOop [96]=Oop [112]=Oop [128]=Oop }
                      ;*athrow {reexecute=1 rethrow=0 return_oop=0}
                      ; - (reexecute) org.jetbrains.skia.Pixmap::getAddr@28 (line 114)
                      ; - io.github.kdroidfilter.composemediaplayer.windows.WindowsVideoPlayerState::processOneFrame@601 (line 833)
  0x000002072453d1a8: 54ab 4aff 

  0x000002072453d1ac: ;   {other}
  0x000002072453d1ac: 0f1f 8400 | 1c53 00b6 | 488b d0e9 | 9000 0000 | 488b d0e9 | 8800 0000 | 488b d0e9 | 8000 0000 
  0x000002072453d1cc: eb00 488b | d0eb 794c | 8bc0 498b | d0eb 714c | 8bc0 498b | d0eb 69eb | 0048 8bd0 | eb62 eb02 
  0x000002072453d1ec: eb00 488b | e8eb 0ceb | 02eb 0048 | 8be8 eb03 | 488b e848 | 8b54 2428 

  0x000002072453d204: ;   {optimized virtual_call}
  0x000002072453d204: 6666 90e8 

  0x000002072453d208: ; ImmutableOopMap {rbp=Oop [32]=Oop [40]=Oop [48]=Oop [64]=Oop [80]=Oop [88]=Oop [104]=NarrowOop [108]=NarrowOop [116]=NarrowOop }
                      ;*invokevirtual unlock {reexecute=0 rethrow=0 return_oop=0}
                      ; - io.github.kdroidfilter.composemediaplayer.windows.WindowsVideoPlayerState::processOneFrame@519 (line 802)
  0x000002072453d208: 741c 4aff 

  0x000002072453d20c: ;   {other}
  0x000002072453d20c: 0f1f 8400 | 7c53 00b7 | 458b 9fe4 | 0500 0045 | 85db 7539 | 488b d5eb | 27eb 02eb | 0048 8bd0 
  0x000002072453d22c: eb1e eb02 | eb00 488b | d0eb 15eb | 02eb 0048 | 8bd0 eb0c | eb02 eb00 | 488b d0eb | 0348 8bd0 
  0x000002072453d24c: 4881 c430 | 0100 005d 

  0x000002072453d254: ;   {runtime_call _rethrow_Java}
  0x000002072453d254: e927 4159 | ffba 97ff | ffff 4c8b | 5424 304c | 8954 2420 | 4c8b 5424 | 384c 8954 | 2428 4c8b 
  0x000002072453d274: 5424 404c | 8954 2430 | 4c8b 5424 | 504c 8954 | 2438 4c8b | 5424 584c | 8954 2440 | 448b 5424 
  0x000002072453d294: 6044 8954 | 2450 448b | 5c24 6444 | 895c 2454 

  0x000002072453d2a4: ;   {runtime_call UncommonTrapBlob}
  0x000002072453d2a4: 6666 90e8 

  0x000002072453d2a8: ; ImmutableOopMap {rbp=Oop [32]=Oop [48]=Oop [56]=Oop [64]=Oop [104]=NarrowOop [108]=NarrowOop [116]=NarrowOop }
                      ;*athrow {reexecute=1 rethrow=0 return_oop=0}
                      ; - (reexecute) io.github.kdroidfilter.composemediaplayer.windows.WindowsVideoPlayerState::processOneFrame@524 (line 802)
  0x000002072453d2a8: 54aa 4aff 

  0x000002072453d2ac: ;   {other}
  0x000002072453d2ac: 0f1f 8400 | 1c54 00b8 

  0x000002072453d2b4: ;   {internal_word}
  0x000002072453d2b4: 49ba 9086 | 5324 0702 | 0000 4d89 | 9768 0400 

  0x000002072453d2c4: ;   {runtime_call SafepointBlob}
  0x000002072453d2c4: 00e9 b698 

  0x000002072453d2c8: ;   {runtime_call StubRoutines (final stubs)}
  0x000002072453d2c8: 4aff e8b1 | 1a4b ffe9 | eab2 ffff | f4f4 f4f4 
[Stub Code]
  0x000002072453d2d8: ;   {no_reloc}
  0x000002072453d2d8: 48bb 0000 | 0000 0000 

  0x000002072453d2e0: ;   {runtime_call}
  0x000002072453d2e0: 0000 e9fb 

  0x000002072453d2e4: ;   {static_stub}
  0x000002072453d2e4: ffff ff48 | bbc0 549c | 8407 0200 

  0x000002072453d2f0: ;   {runtime_call I2C/C2I adapters}
  0x000002072453d2f0: 00e9 8d6b 

  0x000002072453d2f4: ;   {static_stub}
  0x000002072453d2f4: 4aff 48bb | 0000 0000 | 0000 0000 

  0x000002072453d300: ;   {runtime_call}
  0x000002072453d300: e9fb ffff 

  0x000002072453d304: ;   {static_stub}
  0x000002072453d304: ff48 bb00 | 0000 0000 

  0x000002072453d30c: ;   {runtime_call}
  0x000002072453d30c: 0000 00e9 | fbff ffff 

  0x000002072453d314: ;   {static_stub}
  0x000002072453d314: 48bb 0000 | 0000 0000 

  0x000002072453d31c: ;   {runtime_call}
  0x000002072453d31c: 0000 e9fb 

  0x000002072453d320: ;   {static_stub}
  0x000002072453d320: ffff ff48 | bb00 0000 | 0000 0000 

  0x000002072453d32c: ;   {runtime_call}
  0x000002072453d32c: 00e9 fbff 

  0x000002072453d330: ;   {static_stub}
  0x000002072453d330: ffff 48bb | 0000 0000 | 0000 0000 

  0x000002072453d33c: ;   {runtime_call}
  0x000002072453d33c: e9fb ffff 

  0x000002072453d340: ;   {static_stub}
  0x000002072453d340: ff48 bb00 | 0000 0000 

  0x000002072453d348: ;   {runtime_call}
  0x000002072453d348: 0000 00e9 | fbff ffff 

  0x000002072453d350: ;   {static_stub}
  0x000002072453d350: 48bb 0000 | 0000 0000 

  0x000002072453d358: ;   {runtime_call}
  0x000002072453d358: 0000 e9fb 

  0x000002072453d35c: ;   {static_stub}
  0x000002072453d35c: ffff ff48 | bb00 0000 | 0000 0000 

  0x000002072453d368: ;   {runtime_call}
  0x000002072453d368: 00e9 fbff 

  0x000002072453d36c: ;   {static_stub}
  0x000002072453d36c: ffff 48bb | 0000 0000 | 0000 0000 

  0x000002072453d378: ;   {runtime_call}
  0x000002072453d378: e9fb ffff 

  0x000002072453d37c: ;   {static_stub}
  0x000002072453d37c: ff48 bb00 | 0000 0000 

  0x000002072453d384: ;   {runtime_call}
  0x000002072453d384: 0000 00e9 | fbff ffff 

  0x000002072453d38c: ;   {static_stub}
  0x000002072453d38c: 48bb 0000 | 0000 0000 

  0x000002072453d394: ;   {runtime_call}
  0x000002072453d394: 0000 e9fb 

  0x000002072453d398: ;   {static_stub}
  0x000002072453d398: ffff ff48 | bb00 0000 | 0000 0000 

  0x000002072453d3a4: ;   {runtime_call}
  0x000002072453d3a4: 00e9 fbff 

  0x000002072453d3a8: ;   {static_stub}
  0x000002072453d3a8: ffff 48bb | 0000 0000 | 0000 0000 

  0x000002072453d3b4: ;   {runtime_call}
  0x000002072453d3b4: e9fb ffff 

  0x000002072453d3b8: ;   {static_stub}
  0x000002072453d3b8: ff48 bb00 | 0000 0000 

  0x000002072453d3c0: ;   {runtime_call}
  0x000002072453d3c0: 0000 00e9 | fbff ffff 

  0x000002072453d3c8: ;   {static_stub}
  0x000002072453d3c8: 48bb 0000 | 0000 0000 

  0x000002072453d3d0: ;   {runtime_call}
  0x000002072453d3d0: 0000 e9fb 

  0x000002072453d3d4: ;   {static_stub}
  0x000002072453d3d4: ffff ff48 | bb00 0000 | 0000 0000 

  0x000002072453d3e0: ;   {runtime_call}
  0x000002072453d3e0: 00e9 fbff 

  0x000002072453d3e4: ;   {static_stub}
  0x000002072453d3e4: ffff 48bb | 0000 0000 | 0000 0000 

  0x000002072453d3f0: ;   {runtime_call}
  0x000002072453d3f0: e9fb ffff 

  0x000002072453d3f4: ;   {static_stub}
  0x000002072453d3f4: ff48 bb00 | 0000 0000 

  0x000002072453d3fc: ;   {runtime_call}
  0x000002072453d3fc: 0000 00e9 | fbff ffff 

  0x000002072453d404: ;   {static_stub}
  0x000002072453d404: 48bb 0000 | 0000 0000 

  0x000002072453d40c: ;   {runtime_call}
  0x000002072453d40c: 0000 e9fb 

  0x000002072453d410: ;   {static_stub}
  0x000002072453d410: ffff ff48 | bb00 0000 | 0000 0000 

  0x000002072453d41c: ;   {runtime_call}
  0x000002072453d41c: 00e9 fbff 

  0x000002072453d420: ;   {static_stub}
  0x000002072453d420: ffff 48bb | 0000 0000 | 0000 0000 

  0x000002072453d42c: ;   {runtime_call}
  0x000002072453d42c: e9fb ffff 

  0x000002072453d430: ;   {static_stub}
  0x000002072453d430: ff48 bb00 | 0000 0000 

  0x000002072453d438: ;   {runtime_call}
  0x000002072453d438: 0000 00e9 | fbff ffff 

  0x000002072453d440: ;   {static_stub}
  0x000002072453d440: 48bb 6868 | 5786 0702 

  0x000002072453d448: ;   {runtime_call I2C/C2I adapters}
  0x000002072453d448: 0000 e9b4 

  0x000002072453d44c: ;   {static_stub}
  0x000002072453d44c: 7c48 ff48 | bb00 0000 | 0000 0000 

  0x000002072453d458: ;   {runtime_call}
  0x000002072453d458: 00e9 fbff 

  0x000002072453d45c: ;   {runtime_call ExceptionBlob}
  0x000002072453d45c: ffff e91d | 1b59 ffe8 | 0000 0000 | 4883 2c24 

  0x000002072453d46c: ;   {runtime_call DeoptimizationBlob}
  0x000002072453d46c: 05e9 aeab | 4aff f4f4 | f4f4 f4f4 
[/MachCode]


Compiled method (c2)   73264 8158   !   4       io.github.kdroidfilter.composemediaplayer.windows.WindowsVideoPlayerState::produceFrames (1146 bytes)
 total in heap  [0x00000207245cd610,0x00000207245d3dc8] = 26552
 relocation     [0x00000207245cd770,0x00000207245cdc00] = 1168
 constants      [0x00000207245cdc00,0x00000207245cdc20] = 32
 main code      [0x00000207245cdc20,0x00000207245d1368] = 14152
 stub code      [0x00000207245d1368,0x00000207245d14c8] = 352
 oops           [0x00000207245d14c8,0x00000207245d1518] = 80
 metadata       [0x00000207245d1518,0x00000207245d18c0] = 936
 scopes data    [0x00000207245d18c0,0x00000207245d2e20] = 5472
 scopes pcs     [0x00000207245d2e20,0x00000207245d3760] = 2368
 dependencies   [0x00000207245d3760,0x00000207245d3840] = 224
 handler table  [0x00000207245d3840,0x00000207245d3cf0] = 1200
 nul chk table  [0x00000207245d3cf0,0x00000207245d3dc8] = 216


[Constant Pool]
             Address          hex4                    hex8      
  0x00000207245cdc00:   0x00000000      0x0000000000000000      
  0x00000207245cdc04:   0x00000000                              
  0x00000207245cdc08:   0x3f800000      0xf4f4f4f43f800000      
  0x00000207245cdc0c:   0xf4f4f4f4                              
  0x00000207245cdc10:   0xf4f4f4f4      0xf4f4f4f4f4f4f4f4      
  0x00000207245cdc14:   0xf4f4f4f4                              
  0x00000207245cdc18:   0xf4f4f4f4      0xf4f4f4f4f4f4f4f4      
  0x00000207245cdc1c:   0xf4f4f4f4                              

[MachCode]
[Entry Point]
  # {method} {0x00000207863fca18} 'produceFrames' '(Lkotlin/coroutines/Continuation;)Ljava/lang/Object;' in 'io/github/kdroidfilter/composemediaplayer/windows/WindowsVideoPlayerState'
  # this:     rdx:rdx   = 'io/github/kdroidfilter/composemediaplayer/windows/WindowsVideoPlayerState'
  # parm0:    r8:r8     = 'kotlin/coroutines/Continuation'
  #           [sp+0x140]  (sp of caller)
  0x00000207245cdc20: ;   {no_reloc}
  0x00000207245cdc20: 448b 5208 | 49bb 0000 | 0043 0702 | 0000 4d03 | d349 3bc2 

  0x00000207245cdc34: ;   {runtime_call ic_miss_stub}
  0x00000207245cdc34: 0f85 460d | 41ff 6690 | 0f1f 4000 
[Verified Entry Point]
  0x00000207245cdc40: 8984 2400 | 80ff ff55 | 4881 ec30 | 0100 0090 | 4181 7f20 | 0600 0000 | 0f85 fc36 | 0000 4889 
  0x00000207245cdc60: 5424 2849 | 8bd8 458b | 5808 4d8b | 9780 0300 | 004d 8b02 

  0x00000207245cdc74: ;   {metadata('io/github/kdroidfilter/composemediaplayer/windows/WindowsVideoPlayerState$produceFrames$1')}
  0x00000207245cdc74: 4181 fb18 | 1746 010f | 85e9 0200 | 0048 8bfb | 8b77 2444 | 8bde 4181 | e300 0000 | 8045 85db 
  0x00000207245cdc94: 0f84 b21d | 0000 81c6 | 0000 0080 | 8977 2444 | 8b57 2c4c | 8b5f 1844 | 8b4f 2883 | fe08 7560 
  0x00000207245cdcb4: ; implicit exception: dispatches to 0x00000207245d093c
  0x00000207245cdcb4: 438b 4ccc 

  0x00000207245cdcb8: ;   {metadata('io/github/kdroidfilter/composemediaplayer/windows/WindowsVideoPlayerState$ProduceOutcome$NotReady')}
  0x00000207245cdcb8: 0881 f9f0 | 2e46 010f | 85bf 2b00 | 0045 85d2 | 0f84 4e05 | 0000 438b 

  0x00000207245cdcd0: ;   {metadata('kotlin/Result$Failure')}
  0x00000207245cdcd0: 54d4 0881 | fa00 3000 | 010f 853d | 0500 004b | 8d0c d444 | 8b41 0c49 | c1e1 0345 | 85c0 0f84 
  0x00000207245cdcf0: e41c 0000 | 418b 97e4 | 0500 0085 | d20f 850d | 1d00 004b | 8d14 c448 | 81c4 3001 

  0x00000207245cdd0c: ;   {runtime_call _rethrow_Java}
  0x00000207245cdd0c: 0000 5de9 | 6c36 50ff | 83fe 0a0f | 8444 0e00 | 0083 fe04 | 0f84 180f | 0000 8d56 | f783 fa01 
  0x00000207245cdd2c: 0f86 5b0f | 0000 498b | ea48 c1e5 | 0385 f60f | 84a1 0400 | 0083 fe02 | 0f85 631e | 0000 4c89 
  0x00000207245cdd4c: 5c24 3044 | 8954 2448 | 4889 7c24 | 384c 8944 | 2440 4889 | 5c24 2048 

  0x00000207245cdd64: ;   {static_call}
  0x00000207245cdd64: 8bd5 90e8 

  0x00000207245cdd68: ; ImmutableOopMap {rbp=Oop [32]=Oop [40]=Oop [56]=Oop [64]=Oop [72]=NarrowOop }
                      ;*invokestatic throwOnFailure {reexecute=0 rethrow=0 return_oop=0}
                      ; - io.github.kdroidfilter.composemediaplayer.windows.WindowsVideoPlayerState::produceFrames@422 (line 672)
  0x00000207245cdd68: b49e bfff 

  0x00000207245cdd6c: ;   {other}
  0x00000207245cdd6c: 0f1f 8400 | 5c07 0000 | 488b c54c | 8b54 2428 | 4c89 5424 | 6849 b800 | 0021 2c07 | 0200 0033 
  0x00000207245cdd8c: c941 b901 

  0x00000207245cdd90: ;   {oop(a 'kotlin/coroutines/intrinsics/CoroutineSingletons'{0x000000040eb4d798})}
  0x00000207245cdd90: 0000 0049 | ba98 d7b4 | 0e04 0000 | 004c 8954 | 2460 448b 

  0x00000207245cdda4: ;   {metadata('java/lang/Boolean')}
  0x00000207245cdda4: 5808 4181 | fbb8 6100 | 000f 8531 | 2a00 0044 | 0fb6 500c | 4585 d20f | 840f 2000 | 004c 8b54 
  0x00000207245cddc4: 2438 488b | 5c24 3049 | 895a 1849 | 8b87 b801 | 0000 41c7 | 4224 0400 | 0000 4c8b | d849 83c3 
  0x00000207245cdde4: 284d 3b9f | c801 0000 | 0f83 1617 | 0000 4489 | 4c24 2c48 | 894c 2458 | 48ff 7424 | 3048 8f44 
  0x00000207245cde04: 2450 488b | 6c24 384c | 8944 2438 | 4d89 9fb8 | 0100 0041 | 0f18 8300 | 0100 0048 | c700 0100 
  0x00000207245cde24: 0000 4c8b | d049 83c2 

  0x00000207245cde2c: ;   {metadata('io/github/kdroidfilter/composemediaplayer/windows/WindowsVideoPlayerState$waitIfResizing$1')}
  0x00000207245cde2c: 10c7 4008 | 281e 4601 | 4489 600c | c5fd efc0 | 41bb 0700 | 0000 c4c1 | 7892 fb62 | d1fe 2f7f 
  0x00000207245cde4c: 024c 8bdd | 8b5d 1048 | 8b6c 2468 | 4c8b d549 | c1ea 0344 | 8950 2085 | db0f 8489 | 1f00 0044 
  0x00000207245cde6c: 8954 2428 | 4889 4424 | 7848 ff74 | 2468 488f | 4424 704c | 895c 2468 | 498d 3cdc | 4d8b d349 
  0x00000207245cde8c: c1ea 0344 | 8950 0c4c | 8bd8 4c8b | 5424 684d | 33d3 49c1 | ea17 4d85 | d274 1a49 | c1eb 0948 
  0x00000207245cdeac: b900 0021 | 2c07 0200 | 0049 03cb | 8039 020f | 85b2 1200 | 0041 807f | 4000 0f85 | 6b12 0000 
  0x00000207245cdecc: 4c8b 5424 | 7841 895a | 104c 8bd7 | 4c8b 5c24 | 784d 33d3 | 49c1 ea17 | 4d85 d274 | 1a49 c1eb 
  0x00000207245cdeec: 0948 b900 | 0021 2c07 | 0200 0049 | 03cb 8039 | 020f 85be | 1200 004c | 8b54 2478 | 458b 5218 
  0x00000207245cdf0c: 4c8b 5c24 | 7845 8b43 | 1c45 85d2 | 0f85 a207 | 0000 4585 | c00f 8461 | 0800 0044 | 8984 2480 
  0x00000207245cdf2c: ;   {no_reloc}
  0x00000207245cdf2c: 0000 0047 | 8b5c c408 

  0x00000207245cdf34: ;   {metadata('kotlin/Result$Failure')}
  0x00000207245cdf34: 4181 fb00 | 3000 010f | 854f 0800 | 004f 8d0c | c441 8b69 | 0c85 ed0f | 84ad 1b00 | 0045 8b9f 
  0x00000207245cdf54: e405 0000 | 4585 db0f | 85d7 1b00 | 0049 8d14 | ece9 9dfd | ffff 498b | 8fb8 0100 | 004c 8bd1 
  0x00000207245cdf74: 4983 c238 | 4d3b 97c8 | 0100 000f | 83b0 1700 | 004d 8997 | b801 0000 | 410f 1882 | 0001 0000 
  0x00000207245cdf94: 48c7 0101 | 0000 004c | 8bd1 4983 

  0x00000207245cdfa0: ;   {metadata('io/github/kdroidfilter/composemediaplayer/windows/WindowsVideoPlayerState$produceFrames$1')}
  0x00000207245cdfa0: c210 c741 | 0818 1746 | 0144 8961 | 0cc5 fdef | c062 d1fe | 287f 0244 | 8961 3448 | 8beb 4c89 
  0x00000207245cdfc0: 4424 204c | 8b54 2428 | 4d8b da49 | c1eb 0344 | 8959 3048 | 894c 2430 | 488b d566 | 9048 b810 
  0x00000207245cdfe0: 0f46 4407 

  0x00000207245cdfe4: ;   {virtual_call}
  0x00000207245cdfe4: 0200 00e8 

  0x00000207245cdfe8: ; ImmutableOopMap {rbp=Oop [32]=Oop [40]=Oop [48]=Oop }
                      ;*invokeinterface getContext {reexecute=0 rethrow=0 return_oop=1}
                      ; - kotlin.coroutines.jvm.internal.ContinuationImpl::<init>@7 (line 103)
                      ; - io.github.kdroidfilter.composemediaplayer.windows.WindowsVideoPlayerState$produceFrames$1::<init>@7
                      ; - io.github.kdroidfilter.composemediaplayer.windows.WindowsVideoPlayerState::produceFrames@47
  0x00000207245cdfe8: b4a6 b4ff 

  0x00000207245cdfec: ;   {other}
  0x00000207245cdfec: 0f1f 8400 | dc09 0001 | 488b d841 | 807f 4000 | 0f85 4412 | 0000 488b | 7c24 304c | 8beb 488b 
  0x00000207245ce00c: f348 c1ee | 0348 8bdd | 4c8b d549 | c1ea 0344 | 8957 0c4c | 8bd5 4c8b | df4d 33d3 | 49c1 ea17 
  0x00000207245ce02c: 4d85 d274 | 1a49 c1eb | 0948 b900 | 0021 2c07 | 0200 0049 | 03cb 8039 | 020f 8537 | 1200 0041 
  0x00000207245ce04c: 807f 4000 | 0f85 b911 | 0000 8977 | 104c 8bd7 | 4d8b dd4d | 33da 49c1 | eb17 4d85 | db74 1f4d 
  0x00000207245ce06c: 85ed 741a | 49c1 ea09 | 48b9 0000 | 212c 0702 | 0000 4903 | ca80 3902 | 0f85 4612 | 0000 8b77 
  0x00000207245ce08c: 244c 8b44 | 2420 e90c | fcff ff4c | 3b84 2488 | 0000 000f | 8438 0500 | 0033 db85 | db74 174d 
  0x00000207245ce0ac: 85db 740f | 4d8b 4310 | 4c3b 4710 | 7d08 4c8b | dfeb 034c | 8bdf 4d8b | 8758 0400 

  0x00000207245ce0c8: ; ImmutableOopMap {r10=NarrowOop r11=Oop r9=Oop rcx=Oop rbx=NarrowOop [32]=Oop [64]=Oop [72]=NarrowOop [96]=Oop [104]=Oop [112]=Oop [120]=Oop [128]=Oop }
                      ;*goto {reexecute=1 rethrow=0 return_oop=0}
                      ; - (reexecute) androidx.compose.runtime.snapshots.SnapshotKt::readable@74 (line 2108)
                      ; - androidx.compose.runtime.snapshots.SnapshotKt::readable@35 (line 2124)
                      ; - androidx.compose.runtime.SnapshotMutableStateImpl::getValue@11 (line 142)
                      ; - io.github.kdroidfilter.composemediaplayer.windows.WindowsVideoPlayerState::get_hasMedia@16 (line 1402)
                      ; - io.github.kdroidfilter.composemediaplayer.windows.WindowsVideoPlayerState::produceFrames@144 (line 673)
  0x00000207245ce0c8: 008b 5f0c 

  0x00000207245ce0cc: ;   {poll}
  0x00000207245ce0cc: 4185 0085 | db0f 8502 | 0100 0041 

  0x00000207245ce0d8: ;   {metadata('androidx/compose/runtime/SnapshotMutableStateImpl$StateStateRecord')}
  0x00000207245ce0d8: 8b4b 0881 | f928 9112 | 010f 85a5 | 2600 0041 | 8b6b 1845 | 8b5c ec08 

  0x00000207245ce0f0: ;   {metadata('java/lang/Boolean')}
  0x00000207245ce0f0: 4181 fbb8 | 6100 000f | 85bf 2600 | 004d 8d14 | ec41 0fb6 | 6a0c 85ed | 0f84 1e1e | 0000 4c8b 
  0x00000207245ce110: 4424 6845 | 8b58 5c47 | 8b54 dc0c | 4585 d20f | 8551 1d00 | 004d 8b58 | 104d 85db | 0f84 0e1e 
  0x00000207245ce130: 0000 418b | 6848 85ed | 0f84 4a1b | 0000 4c89 | 5c24 304c | 8944 2428 

  0x00000207245ce148: ;   {static_call}
  0x00000207245ce148: 498b d3e8 

  0x00000207245ce14c: ; ImmutableOopMap {rbp=NarrowOop [32]=Oop [40]=Oop [64]=Oop [72]=NarrowOop [96]=Oop [112]=Oop }
                      ;*invokestatic nIsEOF {reexecute=0 rethrow=0 return_oop=0}
                      ; - io.github.kdroidfilter.composemediaplayer.windows.WindowsNativeBridge::IsEOF@1 (line 168)
                      ; - io.github.kdroidfilter.composemediaplayer.windows.WindowsVideoPlayerState::produceFrames@176 (line 677)
  0x00000207245ce14c: 1004 d8ff 

  0x00000207245ce150: ;   {other}
  0x00000207245ce150: 0f1f 8400 | 400b 0003 | 85c0 0f85 | 5712 0000 | 4c8b 4424 | 2841 807f | 4000 0f85 | bd11 0000 
  0x00000207245ce170: 4c8b 4c24 | 704c 8944 | 2428 4c8b | 5424 304d | 8951 1845 | 8961 2841 | c741 2402 | 0000 0049 
  0x00000207245ce190: 8be9 498b | d044 8b44 

  0x00000207245ce198: ;   {optimized virtual_call}
  0x00000207245ce198: 244c 90e8 

  0x00000207245ce19c: ; ImmutableOopMap {rbp=Oop [32]=Oop [40]=Oop [64]=Oop [72]=NarrowOop [96]=Oop }
                      ;*invokespecial waitForPlaybackState {reexecute=0 rethrow=0 return_oop=1}
                      ; - io.github.kdroidfilter.composemediaplayer.windows.WindowsVideoPlayerState::produceFrames@401 (line 711)
  0x00000207245ce19c: a0eb fbff 

  0x00000207245ce1a0: ;   {other}
  0x00000207245ce1a0: 0f1f 8400 | 900b 0004 | 4c8b 5424 | 6049 3bc2 | 0f84 3409 | 0000 4c8b | 5424 284c | 8954 2468 
  0x00000207245ce1c0: 4889 6c24 | 384c 8b44 | 2450 488b | 4c24 5844 | 8b4c 244c | e9c9 fbff | ff49 8d3c | dce9 e003 
  0x00000207245ce1e0: 0000 4489 | 5424 4048 | 897c 2438 | 4c89 4424 | 3048 895c | 2420 488b 

  0x00000207245ce1f8: ;   {static_call}
  0x00000207245ce1f8: d566 90e8 

  0x00000207245ce1fc: ; ImmutableOopMap {rbp=Oop [32]=Oop [40]=Oop [48]=Oop [56]=Oop [64]=NarrowOop }
                      ;*invokestatic throwOnFailure {reexecute=0 rethrow=0 return_oop=0}
                      ; - io.github.kdroidfilter.composemediaplayer.windows.WindowsVideoPlayerState::produceFrames@130 (line 672)
  0x00000207245ce1fc: 209a bfff 

  0x00000207245ce200: ;   {other}
  0x00000207245ce200: 0f1f 8400 | f00b 0005 | 488b 5c24 | 204c 8b44 | 2430 488b | 7c24 3844 | 8b54 2440 | 4889 5c24 
  0x00000207245ce220: 204c 8b5c | 2428 48be | 0000 212c | 0702 0000 | 4533 edba | 0100 0000 

  0x00000207245ce238: ;   {oop(a 'kotlin/coroutines/intrinsics/CoroutineSingletons'{0x000000040eb4d798})}
  0x00000207245ce238: 49b9 98d7 | b40e 0400 | 0000 4c89 | 4c24 6048 | 897c 2470 | 4d8b cb41 | 8b6b 4c45 | 8b5c ec08 
  0x00000207245ce258: ;   {metadata('kotlinx/coroutines/internal/ContextScope')}
  0x00000207245ce258: 4181 fb28 | 8611 010f | 8593 1a00 | 0049 8d0c | ec8b 690c 

  0x00000207245ce26c: ; implicit exception: dispatches to 0x00000207245d09e4
  0x00000207245ce26c: 458b 5cec 

  0x00000207245ce270: ;   {metadata('kotlin/coroutines/CombinedContext')}
  0x00000207245ce270: 0841 81fb | 5865 0901 | 0f85 961a | 0000 4889 | 4c24 684c | 894c 2438 | 8954 244c | 4c89 6c24 
  0x00000207245ce290: 5844 8954 | 2448 4c89 | 4424 3048 | 8974 2450 | 4d8d 1cec | 458b 5310 | 4c89 5c24 | 4049 8bd2 
  0x00000207245ce2b0: 48c1 e203 

  0x00000207245ce2b4: ;   {oop(a 'kotlinx/coroutines/Job$Key'{0x000000040ebb24e8})}
  0x00000207245ce2b4: 49b8 e824 | bb0e 0400 | 0000 498b | e948 b840 | e908 4407 

  0x00000207245ce2c8: ;   {virtual_call}
  0x00000207245ce2c8: 0200 00e8 

  0x00000207245ce2cc: ; ImmutableOopMap {rbp=Oop [32]=Oop [48]=Oop [56]=Oop [64]=Oop [72]=NarrowOop [96]=Oop [104]=Oop [112]=Oop }
                      ;*invokeinterface get {reexecute=0 rethrow=0 return_oop=1}
                      ; - kotlin.coroutines.CombinedContext::get@14 (line 122)
                      ; - kotlinx.coroutines.CoroutineScopeKt::isActive@12 (line 158)
                      ; - io.github.kdroidfilter.composemediaplayer.windows.WindowsVideoPlayerState::produceFrames@137 (line 673)
  0x00000207245ce2cc: 50e3 afff 

  0x00000207245ce2d0: ;   {other}
  0x00000207245ce2d0: 0f1f 8400 | c00c 0006 | 4885 c075 | 6448 8b6c | 2440 0f1f | 8000 0000 | 000f 1f80 | 0000 0000 
  0x00000207245ce2f0: 448b 550c 

  0x00000207245ce2f4: ; implicit exception: dispatches to 0x00000207245d0994
  0x00000207245ce2f4: 478b 44d4 | 084b 8d14 

  0x00000207245ce2fc: ;   {metadata('kotlin/coroutines/CombinedContext')}
  0x00000207245ce2fc: d441 81f8 | 5865 0901 | 0f85 2208 | 0000 488b | ea44 8b55 | 1049 8bd2 | 48c1 e203 

  0x00000207245ce318: ;   {oop(a 'kotlinx/coroutines/Job$Key'{0x000000040ebb24e8})}
  0x00000207245ce318: 49b8 e824 | bb0e 0400 | 0000 6666 | 9048 b8ff | ffff ffff 

  0x00000207245ce32c: ;   {virtual_call}
  0x00000207245ce32c: ffff ffe8 

  0x00000207245ce330: ; ImmutableOopMap {rbp=Oop [32]=Oop [48]=Oop [56]=Oop [64]=Oop [72]=NarrowOop [96]=Oop [104]=Oop [112]=Oop }
                      ;*invokeinterface get {reexecute=0 rethrow=0 return_oop=1}
                      ; - kotlin.coroutines.CombinedContext::get@14 (line 122)
                      ; - kotlinx.coroutines.CoroutineScopeKt::isActive@12 (line 158)
                      ; - io.github.kdroidfilter.composemediaplayer.windows.WindowsVideoPlayerState::produceFrames@137 (line 673)
  0x00000207245ce330: 4c10 41ff 

  0x00000207245ce334: ;   {other}
  0x00000207245ce334: 0f1f 8400 | 240d 0007 | 4885 c074 | af44 8b58 

  0x00000207245ce344: ;   {metadata('kotlinx/coroutines/SupervisorJobImpl')}
  0x00000207245ce344: 0841 81fb | b079 1801 | 0f85 c623 | 0000 4c8b | d045 8b42 | 0c47 8b5c 

  0x00000207245ce35c: ;   {metadata('kotlinx/coroutines/Incomplete')}
  0x00000207245ce35c: c408 48b8 | e07b 0944 | 0702 0000 | 48be 0000 | 0043 0702 | 0000 4903 | f34c 8b5e | 204c 3bd8 
  0x00000207245ce37c: 0f85 8307 | 0000 4b8d | 2cc4 488b | d54c 8954 | 2478 6666 | 9048 b878 | 9c12 4407 

  0x00000207245ce398: ;   {virtual_call}
  0x00000207245ce398: 0200 00e8 

  0x00000207245ce39c: ; ImmutableOopMap {rbp=Oop [32]=Oop [48]=Oop [56]=Oop [72]=NarrowOop [96]=Oop [104]=Oop [112]=Oop [120]=Oop }
                      ;*invokeinterface isActive {reexecute=0 rethrow=0 return_oop=0}
                      ; - kotlinx.coroutines.JobSupport::isActive@16 (line 176)
                      ; - kotlinx.coroutines.CoroutineScopeKt::isActive@24 (line 158)
                      ; - io.github.kdroidfilter.composemediaplayer.windows.WindowsVideoPlayerState::produceFrames@137 (line 673)
  0x00000207245ce39c: 0062 b8ff 

  0x00000207245ce3a0: ;   {other}
  0x00000207245ce3a0: 0f1f 8400 | 900d 0008 | 85c0 0f84 | 7507 0000 | bd01 0000 | 0085 ed0f | 84ff 1a00 | 004c 8b44 
  0x00000207245ce3c0: 2438 458b | 5050 478b 

  0x00000207245ce3c8: ;   {metadata('androidx/compose/runtime/SnapshotMutableStateImpl')}
  0x00000207245ce3c8: 4cd4 0841 | 81f9 3088 | 1201 0f85 | 5c23 0000 | 488b 5c24 | 3048 8b7b | 1849 c1e2 | 0349 8bca 
  0x00000207245ce3e8: 448b 4914 | 4883 ffff | 0f84 e21a 

  0x00000207245ce3f4: ;   {oop(a 'androidx/compose/runtime/internal/SnapshotThreadLocal'{0x000000040ebb7860})}
  0x00000207245ce3f4: 0000 49ba | 6078 bb0e | 0400 0000 | 458b 5a0c 

  0x00000207245ce404: ; implicit exception: dispatches to 0x00000207245d0a50
  0x00000207245ce404: 438b 6cdc | 0c45 8b54 

  0x00000207245ce40c: ;   {metadata('androidx/compose/runtime/internal/ThreadMap')}
  0x00000207245ce40c: ec08 4181 | fa58 a211 | 010f 8535 | 2300 0049 | 8d34 ec44 | 8b56 0c41 | 83fa 010f | 8575 0f00 
  0x00000207245ce42c: 0041 8bd2 | 488b c641 | 8bf1 4c8b | cf44 8b58 | 1041 8bfb 

  0x00000207245ce440: ; implicit exception: dispatches to 0x00000207245d0afc
  0x00000207245ce440: 478b 5cdc | 0c45 85db | 0f86 ea18 | 0000 448b | df4f 8b5c | dc10 4d3b | d90f 853a | 0c00 0045 
  0x00000207245ce460: 33db 488b | 5c24 3049 | 8bf9 448b | ce48 8bf0 | 4585 db0f | 8c19 0c00 | 0045 8bf3 | 458b e948 
  0x00000207245ce480: 8bc1 4d8b | c84c 8bdb | 8b6e 1445 | 8b54 ec0c | 453b f20f | 830b 1800 | 0045 8b54 | ec10 498b 
  0x00000207245ce4a0: ea48 c1e5 | 0349 8bdb | 4d8b c148 | 8bc8 458b | cd48 85ed | 0f84 640e | 0000 448b 

  0x00000207245ce4bc: ;   {metadata('androidx/compose/runtime/snapshots/Snapshot')}
  0x00000207245ce4bc: 5508 49bb | 1891 1144 | 0702 0000 | 48bf 0000 | 0043 0702 | 0000 4903 | fa4c 8b57 | 384d 3bd3 
  0x00000207245ce4dc: 0f85 b618 | 0000 4c8b | d54c 8994 | 2480 0000 | 0041 8be9 | 4889 4c24 | 784c 8944 | 2468 4889 
  0x00000207245ce4fc: 5c24 4049 | 8bd2 6666 | 9048 b8c0 | ba11 4407 

  0x00000207245ce50c: ;   {virtual_call}
  0x00000207245ce50c: 0200 00e8 

  0x00000207245ce510: ; ImmutableOopMap {rbp=NarrowOop [32]=Oop [64]=Oop [72]=NarrowOop [96]=Oop [104]=Oop [112]=Oop [120]=Oop [128]=Oop }
                      ;*invokevirtual getReadObserver {reexecute=0 rethrow=0 return_oop=1}
                      ; - androidx.compose.runtime.snapshots.SnapshotKt::readable@8 (line 2123)
                      ; - androidx.compose.runtime.SnapshotMutableStateImpl::getValue@11 (line 142)
                      ; - io.github.kdroidfilter.composemediaplayer.windows.WindowsVideoPlayerState::get_hasMedia@16 (line 1402)
                      ; - io.github.kdroidfilter.composemediaplayer.windows.WindowsVideoPlayerState::produceFrames@144 (line 673)
  0x00000207245ce510: 0c5c c5ff 

  0x00000207245ce514: ;   {other}
  0x00000207245ce514: 0f1f 8400 | 040f 0009 | 4885 c074 | 2b48 8bd0 | 4c8b 4424 | 784c 8b54 | 2468 4c89 | 5424 2866 
  0x00000207245ce534: 9048 b8ff | ffff ffff 

  0x00000207245ce53c: ;   {virtual_call}
  0x00000207245ce53c: ffff ffe8 

  0x00000207245ce540: ; ImmutableOopMap {rbp=NarrowOop [32]=Oop [40]=Oop [64]=Oop [72]=NarrowOop [96]=Oop [104]=Oop [112]=Oop [120]=Oop [128]=Oop }
                      ;*invokeinterface invoke {reexecute=0 rethrow=0 return_oop=1}
                      ; - androidx.compose.runtime.snapshots.SnapshotKt::readable@16 (line 2123)
                      ; - androidx.compose.runtime.SnapshotMutableStateImpl::getValue@11 (line 142)
                      ; - io.github.kdroidfilter.composemediaplayer.windows.WindowsVideoPlayerState::get_hasMedia@16 (line 1402)
                      ; - io.github.kdroidfilter.composemediaplayer.windows.WindowsVideoPlayerState::produceFrames@144 (line 673)
  0x00000207245ce540: 3c0e 41ff 

  0x00000207245ce544: ;   {other}
  0x00000207245ce544: 0f1f 8400 | 340f 000a | 488b 9424 | 8000 0000 | 4c8b 5424 | 684c 8954 | 2428 6666 | 9048 b8c0 
  0x00000207245ce564: ba11 4407 

  0x00000207245ce568: ;   {virtual_call}
  0x00000207245ce568: 0200 00e8 

  0x00000207245ce56c: ; ImmutableOopMap {rbp=NarrowOop [32]=Oop [40]=Oop [64]=Oop [72]=NarrowOop [96]=Oop [104]=Oop [112]=Oop [120]=Oop [128]=Oop }
                      ;*invokevirtual getSnapshotId {reexecute=0 rethrow=0 return_oop=0}
                      ; - androidx.compose.runtime.snapshots.SnapshotKt::readable@28 (line 2124)
                      ; - androidx.compose.runtime.SnapshotMutableStateImpl::getValue@11 (line 142)
                      ; - io.github.kdroidfilter.composemediaplayer.windows.WindowsVideoPlayerState::get_hasMedia@16 (line 1402)
                      ; - io.github.kdroidfilter.composemediaplayer.windows.WindowsVideoPlayerState::produceFrames@144 (line 673)
  0x00000207245ce56c: b015 a9ff 

  0x00000207245ce570: ;   {other}
  0x00000207245ce570: 0f1f 8400 | 600f 000b | 4889 8424 | 8800 0000 | 488b 9424 | 8000 0000 | 9048 b8c0 | ba11 4407 
  0x00000207245ce590: ;   {virtual_call}
  0x00000207245ce590: 0200 00e8 

  0x00000207245ce594: ; ImmutableOopMap {rbp=NarrowOop [32]=Oop [40]=Oop [64]=Oop [72]=NarrowOop [96]=Oop [104]=Oop [112]=Oop [120]=Oop [128]=Oop }
                      ;*invokevirtual getInvalid$runtime {reexecute=0 rethrow=0 return_oop=1}
                      ; - androidx.compose.runtime.snapshots.SnapshotKt::readable@32 (line 2124)
                      ; - androidx.compose.runtime.SnapshotMutableStateImpl::getValue@11 (line 142)
                      ; - io.github.kdroidfilter.composemediaplayer.windows.WindowsVideoPlayerState::get_hasMedia@16 (line 1402)
                      ; - io.github.kdroidfilter.composemediaplayer.windows.WindowsVideoPlayerState::produceFrames@144 (line 673)
  0x00000207245ce594: 0816 acff 

  0x00000207245ce598: ;   {other}
  0x00000207245ce598: 0f1f 8400 | 880f 000c | 448b d545 | 85d2 0f84 | 4916 0000 | 4c8b c848 | 85c0 0f84 | 7c16 0000 
  0x00000207245ce5b8: 4b8d 0cd4 | 488b f945 | 33db 4c8b | 4710 4d85 | c00f 84d6 | faff ff4c | 3b84 2488 | 0000 000f 
  0x00000207245ce5d8: 8dba faff | ff4c 899c | 24b0 0000 | 0048 89bc | 24a8 0000 | 0048 898c | 24a0 0000 | 004c 898c 
  0x00000207245ce5f8: 2498 0000 | 0044 8994 | 2490 0000 | 004d 8bd8 | 4d2b 5920 | 458b d34d | 85db 7c23 | 4983 fb40 
  0x00000207245ce618: 7d1d 4d8b | 4118 41bb | 0100 0000 | c442 a9f7 | d34d 85d0 | 0f85 0106 | 0000 4533 | dbeb 4e49 
  0x00000207245ce638: 83fb 407c | 2a49 81fb | 8000 0000 | 7d21 4d8b | 4110 4183 | c2c0 41bb | 0100 0000 | c442 a9f7 
  0x00000207245ce658: d34d 85d0 | 0f85 2006 | 0000 4533 | dbeb 1e4d | 85db 7c0a | 4d85 db74 | 0545 33db | eb0f 418b 
  0x00000207245ce678: 690c 85ed | 0f85 ee0c | 0000 4533 | db45 85db | 0f85 c109 | 0000 bb01 | 0000 0044 

  0x00000207245ce694: ;   {no_reloc}
  0x00000207245ce694: 8b94 2490 | 0000 004c | 8b8c 2498 | 0000 0048 | 8b8c 24a0 | 0000 0048 | 8bbc 24a8 | 0000 004c 
  0x00000207245ce6b4: 8b9c 24b0 | 0000 00e9 | e7f9 ffff | 4183 fa01 | 0f84 ef04 | 0000 4183 | fa02 0f85 | 9818 0000 
  0x00000207245ce6d4: 458b c845 | 85c0 0f84 | 4105 0000 | 478b 5cc4 

  0x00000207245ce6e4: ;   {metadata('kotlin/Result$Failure')}
  0x00000207245ce6e4: 0841 81fb | 0030 0001 | 0f85 2f05 | 0000 4b8d | 0cc4 8b69 | 0c45 8b54 | ec08 458b | 87e4 0500 
  0x00000207245ce704: 0045 85c0 | 0f85 9a18 | 0000 498d | 14ec 49bb | 0000 0043 | 0702 0000 | 4d03 da4d 

  0x00000207245ce720: ;   {metadata('java/util/concurrent/CancellationException')}
  0x00000207245ce720: 8b53 5849 | bbe8 850b | 4407 0200 | 004d 3bd3 | 0f85 d1f5 | ffff 458b | 97e4 0500 | 0045 85d2 
  0x00000207245ce740: 0f84 c1f5 | ffff 488b | 6c24 704c | 8b54 2450 | 4c89 5424 | 2844 8b54 | 2448 4489 | 5424 304c 
  0x00000207245ce760: 8b54 2468 | 4c89 5424 | 3844 894c | 2434 4889 | 5424 60ba | 97ff ffff 

  0x00000207245ce778: ;   {runtime_call UncommonTrapBlob}
  0x00000207245ce778: 6666 90e8 

  0x00000207245ce77c: ; ImmutableOopMap {rbp=Oop [32]=Oop [48]=NarrowOop [52]=NarrowOop [56]=Oop [96]=Oop [120]=Oop }
                      ;*athrow {reexecute=1 rethrow=0 return_oop=0}
                      ; - (reexecute) io.github.kdroidfilter.composemediaplayer.windows.WindowsVideoPlayerState::waitIfResizing@225 (line 1333)
                      ; - io.github.kdroidfilter.composemediaplayer.windows.WindowsVideoPlayerState::produceFrames@503 (line 719)
  0x00000207245ce77c: 8095 41ff 

  0x00000207245ce780: ;   {other}
  0x00000207245ce780: 0f1f 8400 | 7011 000d | 4489 8424 | 8000 0000 | 448b 95bc | 0000 0047 | 8b5c d40c | 4585 db0f 
  0x00000207245ce7a0: 853f 0500 | 004c 8bd5 | 4589 6240 

  0x00000207245ce7ac: ;   {oop(a 'java/lang/Boolean'{0x000000040e955e70} = false)}
  0x00000207245ce7ac: 49bb 705e | 950e 0400 | 0000 4c8b | 4424 604d | 3bd8 0f84 | 2603 0000 | 498b eb48 | c1ed 0349 
  0x00000207245ce7cc: 8bca 488b | 5c24 6848 | 8b74 2438 | 4c8b 4424 | 4044 8b54 | 2448 4c8b | 6c24 588b | 5424 2c45 
  0x00000207245ce7ec: 8b5c ec08 

  0x00000207245ce7f0: ;   {metadata('java/lang/Boolean')}
  0x00000207245ce7f0: 4181 fbb8 | 6100 000f | 850b 2000 | 004d 8d1c | ec45 0fb6 | 5b0c 4585 | db0f 856d | 0800 0048 
  0x00000207245ce810: 8bf9 448b | 81d4 0000 | 0047 8b5c | c40c 4585 | db0f 855e | 1900 0041 | 807f 4000 | 0f85 130d 
  0x00000207245ce830: 0000 4c8b | cb8b afd0 | 0000 0041 | 8969 284d | 8bd9 4c8b | c549 c1e0 | 034d 33c3 | 49c1 e817 
  0x00000207245ce850: 4d85 c074 | 1e85 ed74 | 1a49 c1eb | 0948 b900 | 0021 2c07 | 0200 0049 | 03cb 8039 | 020f 8576 
  0x00000207245ce870: 0d00 004c | 8b44 2450 | 4d89 4118 | 4589 6120 | 41c7 4124 | 0600 0000 

  0x00000207245ce888: ; implicit exception: dispatches to 0x00000207245d0c90
  0x00000207245ce888: 418b 5cec 

  0x00000207245ce88c: ;   {metadata('kotlinx/coroutines/sync/MutexImpl')}
  0x00000207245ce88c: 0881 fb18 | 7b1a 010f | 8553 1700 | 004d 8d1c | ec41 8b5b | 2041 8b6b | 0c3b dd0f | 8f03 1900 
  0x00000207245ce8ac: 0085 db0f | 8e3f 1900 | 008d 6bff | 8bc3 f041 | 0fb1 6b20 | 400f 94c5 | 400f b6ed | 85ed 0f84 
  0x00000207245ce8cc: 6c19 0000 | 498b db48 | 83c3 308b 

  0x00000207245ce8d8: ;   {oop(a 'kotlinx/coroutines/internal/Symbol'{0x000000040ed1d290})}
  0x00000207245ce8d8: 2b81 fd52 | 3ada 810f | 8567 1700 | 0041 807f | 4000 0f85 | 8f0c 0000 | 4889 b424 | 9000 0000 
  0x00000207245ce8f8: 4489 5424 | 784c 89ac | 2488 0000 | 004c 8b54 | 2460 4c89 | 5424 6889 | 5424 444c | 894c 2458 
  0x00000207245ce918: 4889 7c24 | 504c 8984 | 2498 0000 | 004c 895c | 2460 4489 | 2348 895c | 2428 f083 | 4424 c000 
  0x00000207245ce938: 488b 5424 | 504c 8b84 | 2498 0000 

  0x00000207245ce944: ;   {optimized virtual_call}
  0x00000207245ce944: 0066 90e8 

  0x00000207245ce948: ; ImmutableOopMap {[32]=Oop [80]=Oop [88]=Oop [96]=Oop [40]=Derived_oop_[96] [104]=Oop [120]=NarrowOop }
                      ;*invokespecial processOneFrame {reexecute=0 rethrow=0 return_oop=1}
                      ; - io.github.kdroidfilter.composemediaplayer.windows.WindowsVideoPlayerState::produceFrames@697 (line 732)
  0x00000207245ce948: 549c f6ff 

  0x00000207245ce94c: ;   {other}
  0x00000207245ce94c: 0f1f 8400 | 3c13 000e | 488b d848 | 8b7c 2460 | 8b6f 2045 | 33db 4533 | c041 3beb | 410f 4ce8 
  0x00000207245ce96c: 85ed 0f85 | 1417 0000 | 4c8b 5424 | 2841 8b2a 

  0x00000207245ce97c: ;   {oop(a 'kotlinx/coroutines/internal/Symbol'{0x000000040ed1d290})}
  0x00000207245ce97c: 81fd 523a | da81 0f84 | f418 0000 | 85ed 0f85 | 1819 0000 

  0x00000207245ce990: ;   {oop(a 'kotlinx/coroutines/internal/Symbol'{0x000000040ed1d290})}
  0x00000207245ce990: 41bb 523a | da81 4833 | c0f0 450f | b11a 400f | 94c5 400f | b6ed 85ed 

  0x00000207245ce9a8: ;   {oop(a 'kotlinx/coroutines/internal/Symbol'{0x000000040ed1d290})}
  0x00000207245ce9a8: 7430 49bb | 90d2 d10e | 0400 0000 | 4d33 da49 | c1eb 174d | 85db 741a | 49c1 ea09 | 48b9 0000 
  0x00000207245ce9c8: 212c 0702 | 0000 4903 | ca80 3902 | 0f85 0d0d | 0000 85ed | 0f84 f218 | 0000 448b | 5c24 44f0 
  0x00000207245ce9e8: 440f c15f | 208b 6f0c | 443b dd0f | 8d07 1900 | 0045 85db | 0f8c f116 | 0000 4c8b | 5c24 684c 
  0x00000207245cea08: 895c 2460 | 488b eb48 | 85ed 0f84 | 3006 0000 | 4889 6c24 | 2848 8b6c 

  0x00000207245cea20: ;   {oop(a 'io/github/kdroidfilter/composemediaplayer/windows/WindowsVideoPlayerState$ProduceOutcome$NotReady'{0x000000040f1cd118})}
  0x00000207245cea20: 2460 49b8 | 18d1 1c0f | 0400 0000 | 488b 5424 | 2848 b8ff | ffff ffff 

  0x00000207245cea38: ;   {virtual_call}
  0x00000207245cea38: ffff ffe8 

  0x00000207245cea3c: ; ImmutableOopMap {rbp=Oop [32]=Oop [40]=Oop [80]=Oop [88]=Oop [120]=NarrowOop [136]=Oop }
                      ;*invokevirtual equals {reexecute=0 rethrow=0 return_oop=0}
                      ; - kotlin.jvm.internal.Intrinsics::areEqual@18 (line 169)
                      ; - io.github.kdroidfilter.composemediaplayer.windows.WindowsVideoPlayerState::produceFrames@864 (line 745)
  0x00000207245cea3c: a00e 50ff 

  0x00000207245cea40: ;   {other}
  0x00000207245cea40: 0f1f 8400 | 3014 000f | 4889 6c24 | 6048 8b6c | 2428 4c8b | d549 c1ea | 0344 8954 | 2470 85c0 
  0x00000207245cea60: 0f84 dc02 | 0000 4180 | 7f40 000f | 85e8 0b00 | 004c 8b54 | 2458 448b | 5c24 7045 | 895a 284c 
  0x00000207245cea80: 8bdd 4d33 | da49 c1eb | 174d 85db | 741e 4885 | ed74 1949 | c1ea 094c | 8b84 2490 | 0000 004d 
  0x00000207245ceaa0: 03c2 4180 | 3802 0f85 | e90b 0000 | 4c8b 5424 | 584c 8b9c | 2498 0000 | 004d 895a | 1841 c742 
  0x00000207245ceac0: 2408 0000 | 00ba 0200 | 0000 4c8b 

  0x00000207245ceacc: ;   {static_call}
  0x00000207245ceacc: 4424 58e8 

  0x00000207245cead0: ; ImmutableOopMap {rbp=Oop [32]=Oop [80]=Oop [88]=Oop [96]=Oop [120]=NarrowOop [136]=Oop }
                      ;*invokestatic delay {reexecute=0 rethrow=0 return_oop=1}
                      ; - io.github.kdroidfilter.composemediaplayer.windows.WindowsVideoPlayerState::produceFrames@898 (line 745)
  0x00000207245cead0: 0c10 e5ff 

  0x00000207245cead4: ;   {other}
  0x00000207245cead4: 0f1f 8400 | c414 0010 | 4c8b 5424 | 6049 3bc2 | 0f85 3e18 | 0000 488b | 4424 6048 | 81c4 3001 
  0x00000207245ceaf4: ;   {poll_return}
  0x00000207245ceaf4: 0000 5d49 | 3ba7 5004 | 0000 0f87 | 4028 0000 | c348 8b7e | 288b 0f48 | 83c7 0848 | 85c0 f248 
  0x00000207245ceb14: af0f 8504 | 0000 0048 | 8946 200f | 845d f8ff | ff33 ede9 | 89f8 ffff | 4c8b 5424 | 404c 8954 
  0x00000207245ceb34: ;   {oop(a 'kotlinx/coroutines/Job$Key'{0x000000040ebb24e8})}
  0x00000207245ceb34: 2428 49b8 | e824 bb0e | 0400 0000 | 4889 5424 | 7848 b8b0 | 7918 4407 

  0x00000207245ceb4c: ;   {virtual_call}
  0x00000207245ceb4c: 0200 00e8 

  0x00000207245ceb50: ; ImmutableOopMap {rbp=Oop [32]=Oop [40]=Oop [48]=Oop [56]=Oop [72]=NarrowOop [96]=Oop [104]=Oop [112]=Oop [120]=Oop }
                      ;*invokeinterface get {reexecute=0 rethrow=0 return_oop=1}
                      ; - kotlin.coroutines.CombinedContext::get@55 (line 127)
                      ; - kotlinx.coroutines.CoroutineScopeKt::isActive@12 (line 158)
                      ; - io.github.kdroidfilter.composemediaplayer.windows.WindowsVideoPlayerState::produceFrames@137 (line 673)
  0x00000207245ceb50: cc55 b7ff 

  0x00000207245ceb54: ;   {other}
  0x00000207245ceb54: 0f1f 8400 | 4415 0011 | e9e0 f7ff | ff43 8b54 

  0x00000207245ceb64: ;   {metadata('io/github/kdroidfilter/composemediaplayer/windows/WindowsVideoPlayerState$ProduceOutcome$Frame')}
  0x00000207245ceb64: cc08 81fa | e82c 4601 | 0f85 761b | 0000 4585 | d20f 84a1 | f6ff ff43 | 8b4c d408 

  0x00000207245ceb80: ;   {metadata('kotlin/Result$Failure')}
  0x00000207245ceb80: 81f9 0030 | 0001 0f85 | 90f6 ffff | 4b8d 34d4 | 448b 460c | 4b8d 2ccc | 4585 c00f | 84d0 1700 
  0x00000207245ceba0: 0041 8b8f | e405 0000 | 85c9 0f85 | f817 0000 | 4b8d 14c4 | e94e f1ff | ff45 8bc8 | 4585 c00f 
  0x00000207245cebc0: 84ef 0400 | 0047 8b5c 

  0x00000207245cebc8: ;   {metadata('kotlin/Result$Failure')}
  0x00000207245cebc8: c408 4181 | fb00 3000 | 010f 85dd | 0400 0049 | c1e0 0341 | 8b68 0c45 | 8b5c ec08 | 458b 97e4 
  0x00000207245cebe8: 0500 0045 | 85d2 0f85 | f017 0000 | 498d 14ec | 49ba 0000 | 0043 0702 | 0000 4d03 | d34d 8b52 
  0x00000207245cec08: ;   {metadata('java/util/concurrent/CancellationException')}
  0x00000207245cec08: 5849 bbe8 | 850b 4407 | 0200 004d | 3bd3 0f85 | ebf0 ffff | e915 fbff 

  0x00000207245cec20: ;   {oop(a 'java/lang/Boolean'{0x000000040e801138} = true)}
  0x00000207245cec20: ff49 bb38 | 1180 0e04 | 0000 004c | 8bd5 e983 | fbff ff41 | bb01 0000 | 00e9 47fa | ffff 4585 
  0x00000207245cec40: d20f 84b5 | 0400 0047 | 8b4c d408 

  0x00000207245cec4c: ;   {metadata('kotlin/Result$Failure')}
  0x00000207245cec4c: 4181 f900 | 3000 010f | 85a3 0400 | 004f 8d0c | d441 8b69 | 0c85 ed0f | 84bf 1700 | 0045 8b87 
  0x00000207245cec6c: e405 0000 | 4585 c00f | 85df 1700 | 0049 8d14 | ece9 85f0 | ffff 41bb | 0100 0000 | e9f8 f9ff 
  0x00000207245cec8c: ff43 8b4c 

  0x00000207245cec90: ;   {metadata('io/github/kdroidfilter/composemediaplayer/windows/WindowsVideoPlayerState$ProduceOutcome$SkipIteration')}
  0x00000207245cec90: cc08 81f9 | f030 4601 | 0f85 b61b | 0000 4585 | d20f 8475 | f5ff ff43 | 8b54 d408 

  0x00000207245cecac: ;   {metadata('kotlin/Result$Failure')}
  0x00000207245cecac: 81fa 0030 | 0001 0f85 | 64f5 ffff | 4b8d 34d4 | 8b4e 0c4b | 8d2c cc85 | c90f 84c5 | 1700 0045 
  0x00000207245ceccc: 8b87 e405 | 0000 4585 | c00f 85ed | 1700 0049 | 8d14 cce9 | 23f0 ffff | 8b6d 4044 | 8d55 014c 
  0x00000207245cecec: 8b5c 2470 | 4589 5340 | 4181 fac8 | 0000 000f | 8f5b 0a00 | 004c 8b54 | 2478 41c7 | 4218 0100 
  0x00000207245ced0c: 0000 498b 

  0x00000207245ced10: ;   {static_call}
  0x00000207245ced10: d266 90e8 

  0x00000207245ced14: ; ImmutableOopMap {[32]=Oop [64]=Oop [72]=NarrowOop [96]=Oop [104]=Oop [112]=Oop [120]=Oop [128]=NarrowOop }
                      ;*invokestatic yield {reexecute=0 rethrow=0 return_oop=1}
                      ; - io.github.kdroidfilter.composemediaplayer.windows.WindowsVideoPlayerState::waitIfResizing@171 (line 1330)
                      ; - io.github.kdroidfilter.composemediaplayer.windows.WindowsVideoPlayerState::produceFrames@503 (line 719)
  0x00000207245ced14: 28a8 91f8 

  0x00000207245ced18: ;   {other}
  0x00000207245ced18: 0f1f 8400 | 0817 0012 | 4c8b 5c24 | 6049 3bc3 | 0f85 fe17 

  0x00000207245ced2c: ;   {oop(a 'kotlin/coroutines/intrinsics/CoroutineSingletons'{0x000000040eb4d798})}
  0x00000207245ced2c: 0000 49bb | 98d7 b40e | 0400 0000 | 4c8b 5424 | 70e9 74fa | ffff 4885 | ed0f 841e | 0600 0048 
  0x00000207245ced4c: 896c 2428 | 488b 6c24 

  0x00000207245ced54: ;   {oop(a 'io/github/kdroidfilter/composemediaplayer/windows/WindowsVideoPlayerState$ProduceOutcome$SkipIteration'{0x000000040f1da928})}
  0x00000207245ced54: 6049 b828 | a91d 0f04 | 0000 0048 | 8b54 2428 | 9048 b8ff | ffff ffff 

  0x00000207245ced6c: ;   {virtual_call}
  0x00000207245ced6c: ffff ffe8 

  0x00000207245ced70: ; ImmutableOopMap {rbp=Oop [32]=Oop [40]=Oop [80]=Oop [88]=Oop [112]=NarrowOop [120]=NarrowOop [136]=Oop }
                      ;*invokevirtual equals {reexecute=0 rethrow=0 return_oop=0}
                      ; - kotlin.jvm.internal.Intrinsics::areEqual@18 (line 169)
                      ; - io.github.kdroidfilter.composemediaplayer.windows.WindowsVideoPlayerState::produceFrames@942 (line 746)
  0x00000207245ced70: 6c0b 50ff 

  0x00000207245ced74: ;   {other}
  0x00000207245ced74: 0f1f 8400 | 6417 0013 | 4889 6c24 | 6048 8b6c | 2428 85c0 | 0f84 ae00 | 0000 4180 | 7f40 000f 
  0x00000207245ced94: 85d7 0c00 | 004c 8b54 | 2458 448b | 4424 7045 | 8942 284c | 8bdd 4d33 | da49 c1eb | 174d 85db 
  0x00000207245cedb4: 741e 4885 | ed74 1949 | c1ea 094c | 8b84 2490 | 0000 004d | 03c2 4180 | 3802 0f85 | d80c 0000 
  0x00000207245cedd4: 4c8b 5424 | 584c 8b9c | 2498 0000 | 004d 895a | 1841 c742 | 2409 0000 | 0048 8b54 

  0x00000207245cedf0: ;   {static_call}
  0x00000207245cedf0: 2458 90e8 

  0x00000207245cedf4: ; ImmutableOopMap {rbp=Oop [32]=Oop [80]=Oop [88]=Oop [96]=Oop [120]=NarrowOop [136]=Oop }
                      ;*invokestatic yield {reexecute=0 rethrow=0 return_oop=1}
                      ; - io.github.kdroidfilter.composemediaplayer.windows.WindowsVideoPlayerState::produceFrames@973 (line 746)
  0x00000207245cedf4: 48a7 91f8 

  0x00000207245cedf8: ;   {other}
  0x00000207245cedf8: 0f1f 8400 | e817 0014 | 4c8b 5424 | 6049 3bc2 | 0f84 dcfc | ffff ba45 | ffff ff4c | 8b54 2450 
  0x00000207245cee18: 4c89 5424 | 384c 8b54 | 2458 4c89 | 5424 5048 | 8944 2460 

  0x00000207245cee2c: ;   {runtime_call UncommonTrapBlob}
  0x00000207245cee2c: 6666 90e8 

  0x00000207245cee30: ; ImmutableOopMap {rbp=Oop [32]=Oop [56]=Oop [80]=Oop [96]=Oop [120]=NarrowOop [136]=Oop }
                      ;*if_acmpne {reexecute=1 rethrow=0 return_oop=0}
                      ; - (reexecute) io.github.kdroidfilter.composemediaplayer.windows.WindowsVideoPlayerState::produceFrames@979 (line 746)
  0x00000207245cee30: cc8e 41ff 

  0x00000207245cee34: ;   {other}
  0x00000207245cee34: 0f1f 8400 | 2418 0015 

  0x00000207245cee3c: ; implicit exception: dispatches to 0x00000207245d0e24
  0x00000207245cee3c: 448b 5508 

  0x00000207245cee40: ;   {metadata('io/github/kdroidfilter/composemediaplayer/windows/WindowsVideoPlayerState$ProduceOutcome$Frame')}
  0x00000207245cee40: 4181 fae8 | 2c46 010f | 85df 1900 | 004c 8bdd | 4c8b 4c24 | 5041 8ba9 | d800 0000 | 498b 87b8 
  0x00000207245cee60: 0100 004c | 8bd0 4983 | c218 4d3b | 97c8 0100 | 000f 8301 | 0d00 004d | 8997 b801 | 0000 410f 
  0x00000207245cee80: 1882 0001 | 0000 48c7 | 0001 0000 | 004c 8bd0 | 4983 c210 

  0x00000207245cee94: ;   {metadata('io/github/kdroidfilter/composemediaplayer/windows/WindowsVideoPlayerState$FrameData')}
  0x00000207245cee94: c740 08f0 | 3246 0144 | 8960 0cc5 | fdef c0c4 | c179 d602 | 4c8b 5424 | 604c 8954 | 2428 48ff 
  0x00000207245ceeb4: 7424 5048 | 8f44 2430 | 4c89 5c24 | 3889 6c24 | 7c4c 8bd0 | 4c89 5424 | 404c 8b54 | 2438 c4c1 
  0x00000207245ceed4: 7b10 4210 | c5fb 1144 | 2448 418b | 6a0c 4c8b | d549 c1e2 | 034c 8954 

  0x00000207245ceeec: ;   {oop("bitmap"{0x000000040f1d8710})}
  0x00000207245ceeec: 2450 49b8 | 1087 1d0f | 0400 0000 

  0x00000207245ceef8: ;   {static_call}
  0x00000207245ceef8: 498b d2e8 

  0x00000207245ceefc: ; ImmutableOopMap {rbp=NarrowOop [32]=Oop [40]=Oop [48]=Oop [56]=Oop [64]=Oop [80]=Oop [88]=Oop [120]=NarrowOop [124]=NarrowOop [136]=Oop }
                      ;*invokestatic checkNotNullParameter {reexecute=0 rethrow=0 return_oop=0}
                      ; - io.github.kdroidfilter.composemediaplayer.windows.WindowsVideoPlayerState$FrameData::<init>@3
                      ; - io.github.kdroidfilter.composemediaplayer.windows.WindowsVideoPlayerState::produceFrames@1044 (line 748)
  0x00000207245ceefc: 2006 9fff 

  0x00000207245cef00: ;   {other}
  0x00000207245cef00: 0f1f 8400 | f018 0016 | 4180 7f40 | 000f 85ad | 0900 0048 | 8b5c 2440 | 896b 0c4c | 8b54 2450 
  0x00000207245cef20: 4c8b db4d | 33d3 49c1 | ea17 4d85 | d274 1e85 | ed74 1a49 | c1eb 0948 | b900 0021 | 2c07 0200 
  0x00000207245cef40: 0049 03cb | 8039 020f | 853d 0a00 | 00c5 fb10 | 4424 48c5 | fb11 4310 | 448b 5424 | 7c47 8b5c 
  0x00000207245cef60: ;   {metadata('kotlinx/coroutines/channels/ConflatedBufferedChannel')}
  0x00000207245cef60: d408 4181 | fb98 8f2b | 010f 8595 | 1500 0049 | c1e2 0349 | 8bd2 4c8b | c345 33c9 | 4889 5424 
  0x00000207245cef80: 6848 895c 

  0x00000207245cef84: ;   {optimized virtual_call}
  0x00000207245cef84: 2470 90e8 

  0x00000207245cef88: ; ImmutableOopMap {[32]=Oop [40]=Oop [48]=Oop [56]=Oop [88]=Oop [104]=Oop [112]=Oop [120]=NarrowOop [136]=Oop }
                      ;*invokespecial trySendImpl-Mj0NB7M {reexecute=0 rethrow=0 return_oop=1}
                      ; - kotlinx.coroutines.channels.ConflatedBufferedChannel::trySend-JP2dKIU@3 (line 49)
                      ; - io.github.kdroidfilter.composemediaplayer.windows.WindowsVideoPlayerState::produceFrames@1047 (line 748)
  0x00000207245cef88: f4ea b9f8 

  0x00000207245cef8c: ;   {other}
  0x00000207245cef8c: 0f1f 8400 | 7c19 0017 | 4180 7f40 | 000f 855d | 0900 0048 | 8b5c 2458 | 4c8b d348 | 8b7c 2438 
  0x00000207245cefac: 4c8b df4d | 33da 4c8b | c749 c1e8 | 0344 8943 | 2849 c1eb | 174d 85db | 7419 49c1 | ea09 4c8b 
  0x00000207245cefcc: 8424 9000 | 0000 4d03 | c241 8038 | 020f 8559 | 0900 0048 | ff74 2438 | 488f 4424 | 404c 8b94 
  0x00000207245cefec: 2498 0000 | 004c 8953 | 18c7 4324 | 0a00 0000 | 4889 5c24 | 38ba 0100 | 0000 4c8b 

  0x00000207245cf008: ;   {static_call}
  0x00000207245cf008: c366 90e8 

  0x00000207245cf00c: ; ImmutableOopMap {[32]=Oop [40]=Oop [48]=Oop [56]=Oop [64]=Oop [120]=NarrowOop [136]=Oop }
                      ;*invokestatic delay {reexecute=0 rethrow=0 return_oop=1}
                      ; - io.github.kdroidfilter.composemediaplayer.windows.WindowsVideoPlayerState::produceFrames@1079 (line 749)
  0x00000207245cf00c: d00a e5ff 

  0x00000207245cf010: ;   {other}
  0x00000207245cf010: 0f1f 8400 | 001a 0018 | 4c8b 5424 | 284c 8954 | 2460 493b | c20f 84bf | faff ffba | 45ff ffff 
  0x00000207245cf030: 488b 6c24 | 2048 8944 

  0x00000207245cf038: ;   {runtime_call UncommonTrapBlob}
  0x00000207245cf038: 2460 90e8 

  0x00000207245cf03c: ; ImmutableOopMap {rbp=Oop [48]=Oop [56]=Oop [64]=Oop [96]=Oop [120]=NarrowOop [136]=Oop }
                      ;*if_acmpne {reexecute=1 rethrow=0 return_oop=0}
                      ; - (reexecute) io.github.kdroidfilter.composemediaplayer.windows.WindowsVideoPlayerState::produceFrames@1085 (line 749)
  0x00000207245cf03c: c08c 41ff 

  0x00000207245cf040: ;   {other}
  0x00000207245cf040: 0f1f 8400 | 301a 0019 | 33c0 e903 | faff ff44 | 8b94 2490 | 0000 004c | 8b8c 2498 | 0000 0048 
  0x00000207245cf060: 8b8c 24a0 | 0000 0048 | 8bbc 24a8 | 0000 004c | 8b9c 24b0 | 0000 00e9 | 29f0 ffff | 498b bf58 
  0x00000207245cf080: ; ImmutableOopMap {r10=NarrowOop r8=Oop rcx=Oop rbx=Oop [32]=Oop [96]=Oop }
                      ;*goto {reexecute=1 rethrow=0 return_oop=0}
                      ; - (reexecute) io.github.kdroidfilter.composemediaplayer.windows.WindowsVideoPlayerState::produceFrames@537 (line 720)
                      ;   {poll}
  0x00000207245cf080: 0400 0085 | 074c 8bd9 | 4889 5c24 | 70e9 baf1 | ffff 33ed | e918 f4ff | ff4d 3bd9 | 7f0b 41bb 
  0x00000207245cf0a0: ffff ffff | e9b9 f3ff | ff41 bbfe | ffff ffe9 | aef3 ffff | 4489 4424 | 344c 8b54 | 2478 41c7 
  0x00000207245cf0c0: 4218 0200 | 0000 ba08 | 0000 004d 

  0x00000207245cf0cc: ;   {static_call}
  0x00000207245cf0cc: 8bc2 90e8 

  0x00000207245cf0d0: ; ImmutableOopMap {rbp=Oop [32]=Oop [52]=NarrowOop [64]=Oop [72]=NarrowOop [96]=Oop [104]=Oop [112]=Oop [120]=Oop }
                      ;*invokestatic delay {reexecute=0 rethrow=0 return_oop=1}
                      ; - io.github.kdroidfilter.composemediaplayer.windows.WindowsVideoPlayerState::waitIfResizing@201 (line 1331)
                      ; - io.github.kdroidfilter.composemediaplayer.windows.WindowsVideoPlayerState::produceFrames@503 (line 719)
  0x00000207245cf0d0: ac07 41ff 

  0x00000207245cf0d4: ;   {other}
  0x00000207245cf0d4: 0f1f 8400 | c41a 001b | 4c8b 5424 | 6049 3bc2 | 0f85 fc14 

  0x00000207245cf0e8: ;   {oop(a 'kotlin/coroutines/intrinsics/CoroutineSingletons'{0x000000040eb4d798})}
  0x00000207245cf0e8: 0000 49bb | 98d7 b40e | 0400 0000 | 4c8b d5e9 | baf6 ffff | 4c89 5c24 | 5041 8bea | 4889 5c24 
  0x00000207245cf108: 2048 8b4c | 2428 488b | df48 be00 | 0021 2c07 | 0200 0045 | 33ed ba01 

  0x00000207245cf120: ;   {oop(a 'kotlin/coroutines/intrinsics/CoroutineSingletons'{0x000000040eb4d798})}
  0x00000207245cf120: 0000 0049 | bb98 d7b4 | 0e04 0000 | 004c 895c | 2460 e9b4 | f6ff ff4c | 8b54 2478 | 458b 5a10 
  0x00000207245cf140: 4585 db0f | 8483 edff | ff4d 8b57 | 2849 8bcb | 48c1 e103 | 4d85 d20f | 847b 0a00 | 004d 8b5f 
  0x00000207245cf160: 384b 894c | 13f8 4983 | c2f8 4d89 | 5728 e959 | edff ff4d | 8b57 484d | 8b5f 58f0 | 8344 24c0 
  0x00000207245cf180: 0080 3900 | 0f84 37ed | ffff 4488 | 214d 85d2 | 751d 498b | d749 ba10 | 0c02 7afa | 7f00 0041 
  0x00000207245cf1a0: ;   {other}
  0x00000207245cf1a0: ffd2 0f1f | 8400 0000 | 0000 e912 | edff ff4b | 894c 13f8 | 4983 c2f8 | 4d89 5748 | e900 edff 
  0x00000207245cf1c0: ff4d 8b57 | 484d 8b5f | 58f0 8344 | 24c0 0080 | 3900 0f84 | 2bed ffff | 4488 214d | 85d2 751d 
  0x00000207245cf1e0: 498b d749 | ba10 0c02 | 7afa 7f00 | 0041 ffd2 

  0x00000207245cf1f0: ;   {other}
  0x00000207245cf1f0: 0f1f 8400 | 0000 0000 | e906 edff | ff4b 894c | 13f8 4983 | c2f8 4d89 | 5748 e9f4 | ecff ff44 
  0x00000207245cf210: 8b5f 1045 | 85db 0f84 | 3aee ffff | 4d8b 5728 | 498b cb48 | c1e1 034d | 85d2 0f84 | 290c 0000 
  0x00000207245cf230: 4d8b 5f38 | 4b89 4c13 | f849 83c2 | f84d 8957 | 28e9 10ee | ffff 488b | 7c24 3044 | 8b57 0c45 
  0x00000207245cf250: 85d2 0f84 | afed ffff | 4d8b 5f28 | 498b ca48 | c1e1 034d | 85db 0f84 | d00b 0000 | 4d8b 5738 
  0x00000207245cf270: 4b89 4c1a | f849 83c3 | f84d 895f | 28e9 85ed | ffff 4d8b | 5748 4d8b | 5f58 f083 | 4424 c000 
  0x00000207245cf290: 8039 000f | 84b2 edff | ff44 8821 | 4d85 d275 | 1d49 8bd7 | 49ba 100c | 027a fa7f | 0000 41ff 
  0x00000207245cf2b0: ;   {other}
  0x00000207245cf2b0: d20f 1f84 | 0000 0000 | 00e9 8ded | ffff 4b89 | 4c13 f849 | 83c2 f84d | 8957 48e9 | 7bed ffff 
  0x00000207245cf2d0: 4d8b 5758 | 4d8b 5f48 | f083 4424 | c000 8039 | 000f 84a3 | edff ff44 | 8821 4d85 | db75 1d49 
  0x00000207245cf2f0: 8bd7 49ba | 100c 027a | fa7f 0000 

  0x00000207245cf2fc: ;   {other}
  0x00000207245cf2fc: 41ff d20f | 1f84 0000 | 0000 00e9 | 7eed ffff | 4b89 4c1a | f849 83c3 | f84d 895f | 48e9 6ced 
  0x00000207245cf31c: ;   {oop(a 'androidx/compose/runtime/snapshots/GlobalSnapshot'{0x000000040ebb75c8})}
  0x00000207245cf31c: ffff 49ba | c875 bb0e | 0400 0000 | e9b8 f1ff | ff4c 8b4c | 2470 458b | 5928 4585 | db0f 8436 
  0x00000207245cf33c: eeff ff4d | 8b57 2849 | 8bcb 48c1 | e103 4d85 | d20f 8441 | 0b00 004d | 8b5f 384b | 894c 13f8 
  0x00000207245cf35c: 4983 c2f8 | 4d89 5728 | e90c eeff | ff33 c0e9 | 16fa ffff | 498d 14ec | 4c89 4424 | 304c 8944 
  0x00000207245cf37c: 2438 4c89 | 9c24 1801 

  0x00000207245cf384: ;   {static_call}
  0x00000207245cf384: 0000 90e8 

  0x00000207245cf388: ; ImmutableOopMap {rbp=NarrowOop [32]=Oop [64]=Oop [72]=NarrowOop [96]=Oop [104]=Oop [112]=Oop [120]=Oop [128]=Oop [144]=NarrowOop [152]=Oop [160]=Oop [168]=Oop [176]=Oop }
                      ;*invokestatic binarySearch {reexecute=0 rethrow=0 return_oop=0}
                      ; - androidx.compose.runtime.snapshots.SnapshotIdSet::get@203 (line 62)
                      ; - androidx.compose.runtime.snapshots.SnapshotKt::valid@30 (line 2090)
                      ; - androidx.compose.runtime.snapshots.SnapshotKt::valid@6 (line 2095)
                      ; - androidx.compose.runtime.snapshots.SnapshotKt::readable@15 (line 2103)
                      ; - androidx.compose.runtime.snapshots.SnapshotKt::readable@35 (line 2124)
                      ; - androidx.compose.runtime.SnapshotMutableStateImpl::getValue@11 (line 142)
                      ; - io.github.kdroidfilter.composemediaplayer.windows.WindowsVideoPlayerState::get_hasMedia@16 (line 1402)
                      ; - io.github.kdroidfilter.composemediaplayer.windows.WindowsVideoPlayerState::produceFrames@144 (line 673)
  0x00000207245cf388: f404 41ff 

  0x00000207245cf38c: ;   {other}
  0x00000207245cf38c: 0f1f 8400 | 7c1d 001c | 4533 db85 | c041 0f9d | c3e9 e3f2 | ffff 4183 | fa01 0f87 | 7012 0000 
  0x00000207245cf3ac: 41bb ffff | ffff e9b9 | f0ff ff48 | 8b54 2428 

  0x00000207245cf3bc: ;   {optimized virtual_call}
  0x00000207245cf3bc: 488b eae8 

  0x00000207245cf3c0: ; ImmutableOopMap {rbp=Oop [32]=Oop [40]=Oop [64]=Oop [72]=NarrowOop [96]=Oop [112]=Oop }
                      ;*invokespecial get_duration {reexecute=0 rethrow=0 return_oop=0}
                      ; - io.github.kdroidfilter.composemediaplayer.windows.WindowsVideoPlayerState::produceFrames@183 (line 678)
  0x00000207245cf3c0: bc04 dff8 

  0x00000207245cf3c4: ;   {other}
  0x00000207245cf3c4: 0f1f 8400 | b41d 001d | c5f1 57c9 | c5f9 2ec8 | 0f82 8100 | 0000 4180 | 7f40 000f | 852b 0c00 
  0x00000207245cf3e4: 004c 8b44 | 2470 4c8b | 5424 304d | 8950 1845 | 8960 2841 | c740 2401 | 0000 0049 | 8be8 bae8 
  0x00000207245cf404: ;   {static_call}
  0x00000207245cf404: 0300 00e8 

  0x00000207245cf408: ; ImmutableOopMap {rbp=Oop [32]=Oop [40]=Oop [64]=Oop [72]=NarrowOop [96]=Oop }
                      ;*invokestatic delay {reexecute=0 rethrow=0 return_oop=1}
                      ; - io.github.kdroidfilter.composemediaplayer.windows.WindowsVideoPlayerState::produceFrames@214 (line 681)
  0x00000207245cf408: 7404 41ff 

  0x00000207245cf40c: ;   {other}
  0x00000207245cf40c: 0f1f 8400 | fc1d 001e | 4c8b 5424 | 6049 3bc2 | 0f84 c8f6 | ffff 498b | 9f58 0400 | 004c 8b54 
  0x00000207245cf42c: 2428 4c8b | 4424 3044 

  0x00000207245cf434: ; ImmutableOopMap {r10=Oop r9=NarrowOop rbp=Oop [32]=Oop [64]=Oop [96]=Oop }
                      ;*goto {reexecute=1 rethrow=0 return_oop=0}
                      ; - (reexecute) io.github.kdroidfilter.composemediaplayer.windows.WindowsVideoPlayerState::produceFrames@240 (line 682)
  0x00000207245cf434: 8b4c 2448 

  0x00000207245cf438: ;   {poll}
  0x00000207245cf438: 8503 4d8b | da48 8b74 | 2450 4c8b | 4424 4048 | 8bfd 458b | d14c 8b6c | 2458 8b54 | 244c e9ec 
  0x00000207245cf458: edff ff48 

  0x00000207245cf45c: ;   {optimized virtual_call}
  0x00000207245cf45c: 8bd5 90e8 

  0x00000207245cf460: ; ImmutableOopMap {rbp=Oop [32]=Oop [64]=Oop [72]=NarrowOop [96]=Oop [112]=Oop }
                      ;*invokespecial get_loop {reexecute=0 rethrow=0 return_oop=0}
                      ; - io.github.kdroidfilter.composemediaplayer.windows.WindowsVideoPlayerState::getLoop@1 (line 169)
                      ; - io.github.kdroidfilter.composemediaplayer.windows.WindowsVideoPlayerState::produceFrames@244 (line 683)
  0x00000207245cf460: 3020 0000 

  0x00000207245cf464: ;   {other}
  0x00000207245cf464: 0f1f 8400 | 541e 0020 | 85c0 0f84 | a003 0000 | 4c8b d545 | 8862 4445 | 8b9a e800 | 0000 4585 
  0x00000207245cf484: db0f 84e9 | 1100 004b | 8d14 dc45 

  0x00000207245cf490: ;   {optimized virtual_call}
  0x00000207245cf490: 33c0 90e8 

  0x00000207245cf494: ; ImmutableOopMap {rbp=Oop [32]=Oop [64]=Oop [72]=NarrowOop [96]=Oop [112]=Oop }
                      ;*invokevirtual set {reexecute=0 rethrow=0 return_oop=0}
                      ; - io.github.kdroidfilter.composemediaplayer.windows.WindowsVideoPlayerState::produceFrames@261 (line 686)
  0x00000207245cf494: a8bb aef8 

  0x00000207245cf498: ;   {other}
  0x00000207245cf498: 0f1f 8400 | 881e 0021 | c745 3000 | 0000 80f0 | 8344 24c0 | 00c5 f857 | c048 8bd5 

  0x00000207245cf4b4: ;   {optimized virtual_call}
  0x00000207245cf4b4: 6666 90e8 

  0x00000207245cf4b8: ; ImmutableOopMap {rbp=Oop [32]=Oop [64]=Oop [72]=NarrowOop [96]=Oop [112]=Oop }
                      ;*invokevirtual seekTo {reexecute=0 rethrow=0 return_oop=0}
                      ; - io.github.kdroidfilter.composemediaplayer.windows.WindowsVideoPlayerState::produceFrames@273 (line 688)
  0x00000207245cf4b8: 241f 0000 

  0x00000207245cf4bc: ;   {other}
  0x00000207245cf4bc: 0f1f 8400 | ac1e 0022 

  0x00000207245cf4c4: ;   {optimized virtual_call}
  0x00000207245cf4c4: 488b d5e8 

  0x00000207245cf4c8: ; ImmutableOopMap {rbp=Oop [32]=Oop [64]=Oop [72]=NarrowOop [96]=Oop [112]=Oop }
                      ;*invokevirtual play {reexecute=0 rethrow=0 return_oop=0}
                      ; - io.github.kdroidfilter.composemediaplayer.windows.WindowsVideoPlayerState::produceFrames@277 (line 689)
  0x00000207245cf4c8: 231f 0000 

  0x00000207245cf4cc: ;   {other}
  0x00000207245cf4cc: 0f1f 8400 | bc1e 0023 | 4c8b c545 | 8b50 7c45 | 85d2 0f84 | 81ec ffff | 4b8d 14d4 | 9048 b8ff 
  0x00000207245cf4ec: ffff ffff 

  0x00000207245cf4f0: ;   {virtual_call}
  0x00000207245cf4f0: ffff ffe8 

  0x00000207245cf4f4: ; ImmutableOopMap {rbp=Oop [32]=Oop [64]=Oop [72]=NarrowOop [96]=Oop [112]=Oop }
                      ;*invokeinterface invoke {reexecute=0 rethrow=0 return_oop=1}
                      ; - io.github.kdroidfilter.composemediaplayer.windows.WindowsVideoPlayerState::produceFrames@288 (line 690)
  0x00000207245cf4f4: 88fe 40ff 

  0x00000207245cf4f8: ;   {other}
  0x00000207245cf4f8: 0f1f 8400 | e81e 0024 | 4c8b c5e9 | 5dec ffff | 4489 4c24 | 2c48 894c | 2458 48ff | 7424 3048 
  0x00000207245cf518: 8f44 2450 | 488b 6c24 | 384c 8944 

  0x00000207245cf524: ;   {metadata('io/github/kdroidfilter/composemediaplayer/windows/WindowsVideoPlayerState$waitIfResizing$1')}
  0x00000207245cf524: 2438 48ba | 281e 4644 | 0702 0000 

  0x00000207245cf530: ;   {runtime_call _new_instance_Java}
  0x00000207245cf530: 6666 90e8 

  0x00000207245cf534: ; ImmutableOopMap {rbp=Oop [32]=Oop [64]=Oop [72]=NarrowOop [96]=Oop [104]=Oop }
                      ;*new {reexecute=0 rethrow=0 return_oop=1}
                      ; - io.github.kdroidfilter.composemediaplayer.windows.WindowsVideoPlayerState::waitIfResizing@41
                      ; - io.github.kdroidfilter.composemediaplayer.windows.WindowsVideoPlayerState::produceFrames@503 (line 719)
  0x00000207245cf534: 48eb 4fff 

  0x00000207245cf538: ;   {other}
  0x00000207245cf538: 0f1f 8400 | 281f 0025 | e908 e9ff | ff4c 8bcb | 448b 4328 | 4585 c00f | 84e0 f2ff | ff4d 8b5f 
  0x00000207245cf558: 2849 8bc8 | 48c1 e103 | 4d85 db0f | 844b 0b00 | 004d 8b47 | 384b 894c | 18f8 4983 | c3f8 4d89 
  0x00000207245cf578: 5f28 e9b6 | f2ff ff8b | 2b85 ed74 | 2549 8b47 | 2848 8bcd | 48c1 e103 | 4885 c00f | 848f 0b00 
  0x00000207245cf598: 0049 8b6f | 3848 894c | 05f8 4883 | c0f8 4989 | 4728 4889 | b424 9000 | 0000 4489 | 5424 784c 
  0x00000207245cf5b8: 89ac 2488 | 0000 004c | 8b54 2460 | 4c89 5424 | 6889 5424 | 444c 894c | 2458 4889 | 7c24 504c 
  0x00000207245cf5d8: 8984 2498 | 0000 004c | 895c 2460 | e941 f3ff | ff4d 8b5f | 484d 8b47 | 58f0 8344 | 24c0 0080 
  0x00000207245cf5f8: 3900 0f84 | 73f2 ffff | 4488 214d | 85db 753f | 4889 7c24 | 384c 894c | 2430 8954 | 2428 418b 
  0x00000207245cf618: fa49 8bd7 | 49ba 100c | 027a fa7f | 0000 41ff 

  0x00000207245cf628: ;   {other}
  0x00000207245cf628: d20f 1f84 | 0000 0000 | 0044 8bd7 | 8b54 2428 | 4c8b 4c24 | 3048 8b7c | 2438 e92c | f2ff ff4b 
  0x00000207245cf648: 894c 18f8 | 4983 c3f8 | 4d89 5f48 | e91a f2ff | ff4c 8b54 | 2458 458b | 5228 4585 | d20f 8406 
  0x00000207245cf668: f4ff ff4d | 8b5f 2849 | 8bca 48c1 | e103 4d85 | db0f 84d5 | 0c00 004d | 8b57 384b | 894c 1af8 
  0x00000207245cf688: 4983 c3f8 | 4d89 5f28 | e9dc f3ff | ff4d 8b57 | 484d 8b5f | 58f0 8344 | 24c0 0041 | 8038 000f 
  0x00000207245cf6a8: 84ff f3ff | ff45 8820 | 4d85 d275 | 2049 8bc8 | 498b d749 | ba10 0c02 | 7afa 7f00 | 0041 ffd2 
  0x00000207245cf6c8: ;   {other}
  0x00000207245cf6c8: 0f1f 8400 | 0000 0000 | e9d7 f3ff | ff4f 8944 | 13f8 4983 | c2f8 4d89 | 5748 e9c5 | f3ff ff4d 
  0x00000207245cf6e8: 8b57 484d | 8b5f 58f0 | 8344 24c0 | 0080 3900 | 0f84 dcf2 | ffff 4488 | 214d 85d2 | 751d 498b 
  0x00000207245cf708: d749 ba10 | 0c02 7afa | 7f00 0041 

  0x00000207245cf714: ;   {other}
  0x00000207245cf714: ffd2 0f1f | 8400 0000 | 0000 e9b7 | f2ff ff4b | 894c 13f8 | 4983 c2f8 | 4d89 5748 | e9a5 f2ff 
  0x00000207245cf734: ff4c 8944 | 2420 488b 

  0x00000207245cf73c: ;   {metadata('io/github/kdroidfilter/composemediaplayer/windows/WindowsVideoPlayerState$produceFrames$1')}
  0x00000207245cf73c: eb48 ba18 | 1746 4407 

  0x00000207245cf744: ;   {runtime_call _new_instance_Java}
  0x00000207245cf744: 0200 00e8 

  0x00000207245cf748: ; ImmutableOopMap {rbp=Oop [32]=Oop [40]=Oop }
                      ;*new {reexecute=0 rethrow=0 return_oop=1}
                      ; - io.github.kdroidfilter.composemediaplayer.windows.WindowsVideoPlayerState::produceFrames@41
  0x00000207245cf748: 34e9 4fff 

  0x00000207245cf74c: ;   {other}
  0x00000207245cf74c: 0f1f 8400 | 3c21 0026 | 488b c8e9 | 67e8 ffff | 498b 87b8 | 0100 004c | 8bd0 4983 | c210 4d3b 
  0x00000207245cf76c: 97c8 0100 | 000f 832f | 0e00 004d | 8997 b801 | 0000 410f | 1882 0001 | 0000 48c7 | 0001 0000 
  0x00000207245cf78c: ;   {metadata('io/github/kdroidfilter/composemediaplayer/windows/WindowsVideoPlayerState$$Lambda+0x000002074446e0a0')}
  0x00000207245cf78c: 00c7 4008 | a0e0 4601 | 4489 600c | 4c8b c044 | 8b54 2428 | 4589 500c 

  0x00000207245cf7a4: ;   {oop(a 'io/github/kdroidfilter/composemediaplayer/util/TaggedLogger'{0x000000040f1d8e68})}
  0x00000207245cf7a4: 48ba 688e | 1d0f 0400 

  0x00000207245cf7ac: ;   {optimized virtual_call}
  0x00000207245cf7ac: 0000 90e8 

  0x00000207245cf7b0: ; ImmutableOopMap {[32]=Oop [64]=Oop [72]=NarrowOop [96]=Oop [104]=Oop [112]=Oop [120]=Oop [128]=NarrowOop }
                      ;*invokevirtual w {reexecute=0 rethrow=0 return_oop=0}
                      ; - io.github.kdroidfilter.composemediaplayer.windows.WindowsVideoPlayerState::waitIfResizing@141 (line 1322)
                      ; - io.github.kdroidfilter.composemediaplayer.windows.WindowsVideoPlayerState::produceFrames@503 (line 719)
  0x00000207245cf7b0: ccf6 40ff 

  0x00000207245cf7b4: ;   {other}
  0x00000207245cf7b4: 0f1f 8400 | a421 0027 | 4c8b 5424 | 7045 8b9a | bc00 0000 | 4585 db0f | 84e1 0e00 | 004b 8d14 
  0x00000207245cf7d4: dc44 8b94 | 2480 0000 | 0044 8954 | 2428 4c8b | 5424 784c | 8954 2430 

  0x00000207245cf7ec: ;   {optimized virtual_call}
  0x00000207245cf7ec: 4533 c0e8 

  0x00000207245cf7f0: ; ImmutableOopMap {[32]=Oop [40]=NarrowOop [48]=Oop [64]=Oop [72]=NarrowOop [96]=Oop [104]=Oop [112]=Oop }
                      ;*invokevirtual set {reexecute=0 rethrow=0 return_oop=0}
                      ; - io.github.kdroidfilter.composemediaplayer.windows.WindowsVideoPlayerState::waitIfResizing@149 (line 1325)
                      ; - io.github.kdroidfilter.composemediaplayer.windows.WindowsVideoPlayerState::produceFrames@503 (line 719)
  0x00000207245cf7f0: 8cf6 40ff 

  0x00000207245cf7f4: ;   {other}
  0x00000207245cf7f4: 0f1f 8400 | e421 0028 | 4c8b 5424 | 7045 8962 

  0x00000207245cf804: ;   {oop(a 'java/lang/Boolean'{0x000000040e955e70} = false)}
  0x00000207245cf804: 4049 bb70 | 5e95 0e04 | 0000 00e9 | a2ef ffff 

  0x00000207245cf814: ;   {optimized virtual_call}
  0x00000207245cf814: 488b d5e8 

  0x00000207245cf818: ; ImmutableOopMap {rbp=Oop [32]=Oop [72]=NarrowOop [112]=Oop }
                      ;*invokespecial get_duration {reexecute=0 rethrow=0 return_oop=0}
                      ; - io.github.kdroidfilter.composemediaplayer.windows.WindowsVideoPlayerState::produceFrames@332 (line 698)
  0x00000207245cf818: 64f6 40ff 

  0x00000207245cf81c: ;   {other}
  0x00000207245cf81c: 0f1f 8400 | 0c22 0029 

  0x00000207245cf824: ;   {section_word}
  0x00000207245cf824: c5f9 2e05 | d4e3 ffff | 763a 488b 

  0x00000207245cf830: ;   {optimized virtual_call}
  0x00000207245cf830: d566 90e8 

  0x00000207245cf834: ; ImmutableOopMap {rbp=Oop [32]=Oop [72]=NarrowOop [112]=Oop }
                      ;*invokespecial get_duration {reexecute=0 rethrow=0 return_oop=0}
                      ; - io.github.kdroidfilter.composemediaplayer.windows.WindowsVideoPlayerState::produceFrames@342 (line 699)
  0x00000207245cf834: 48f6 40ff 

  0x00000207245cf838: ;   {other}
  0x00000207245cf838: 0f1f 8400 | 2822 002a 

  0x00000207245cf840: ;   {optimized virtual_call}
  0x00000207245cf840: 488b d5e8 

  0x00000207245cf844: ; ImmutableOopMap {rbp=Oop [32]=Oop [72]=NarrowOop [112]=Oop }
                      ;*invokespecial set_currentTime {reexecute=0 rethrow=0 return_oop=0}
                      ; - io.github.kdroidfilter.composemediaplayer.windows.WindowsVideoPlayerState::produceFrames@345 (line 699)
  0x00000207245cf844: 38f6 40ff 

  0x00000207245cf848: ;   {other}
  0x00000207245cf848: 0f1f 8400 | 3822 002b 

  0x00000207245cf850: ;   {section_word}
  0x00000207245cf850: c5fa 1005 | b0e3 ffff 

  0x00000207245cf858: ;   {optimized virtual_call}
  0x00000207245cf858: 488b d5e8 

  0x00000207245cf85c: ; ImmutableOopMap {rbp=Oop [32]=Oop [72]=NarrowOop [112]=Oop }
                      ;*invokespecial set_progress {reexecute=0 rethrow=0 return_oop=0}
                      ; - io.github.kdroidfilter.composemediaplayer.windows.WindowsVideoPlayerState::produceFrames@350 (line 700)
  0x00000207245cf85c: 20f6 40ff 

  0x00000207245cf860: ;   {other}
  0x00000207245cf860: 0f1f 8400 | 5022 002c 

  0x00000207245cf868: ;   {optimized virtual_call}
  0x00000207245cf868: 488b d5e8 

  0x00000207245cf86c: ; ImmutableOopMap {rbp=Oop [32]=Oop [72]=NarrowOop [112]=Oop }
                      ;*invokevirtual pause {reexecute=0 rethrow=0 return_oop=0}
                      ; - io.github.kdroidfilter.composemediaplayer.windows.WindowsVideoPlayerState::produceFrames@354 (line 702)
  0x00000207245cf86c: 10f6 40ff 

  0x00000207245cf870: ;   {other}
  0x00000207245cf870: 0f1f 8400 | 6022 002d | 4c8b dd45 | 8b53 7845 | 85d2 7428 | 4b8d 14d4 | 4c8b 5424 | 304c 8954 
  0x00000207245cf890: 2428 6666 | 9048 b8ff | ffff ffff 

  0x00000207245cf89c: ;   {virtual_call}
  0x00000207245cf89c: ffff ffe8 

  0x00000207245cf8a0: ; ImmutableOopMap {rbp=Oop [32]=Oop [72]=NarrowOop [112]=Oop }
                      ;*invokeinterface invoke {reexecute=0 rethrow=0 return_oop=1}
                      ; - io.github.kdroidfilter.composemediaplayer.windows.WindowsVideoPlayerState::produceFrames@365 (line 703)
  0x00000207245cf8a0: dcfa 40ff 

  0x00000207245cf8a4: ;   {other}
  0x00000207245cf8a4: 0f1f 8400 | 9422 002e 

  0x00000207245cf8ac: ;   {oop(a 'kotlin/Unit'{0x000000040e8068f8})}
  0x00000207245cf8ac: 49ba f868 | 800e 0400 | 0000 4c89 | 5424 60e9 | 2af2 ffff | 488b 5c24 | 4044 8b53 | 0c45 85d2 
  0x00000207245cf8cc: 0f84 46f6 | ffff 4d8b | 5f28 498b | ca48 c1e1 | 034d 85db | 0f84 860c | 0000 4d8b | 5738 4b89 
  0x00000207245cf8ec: 4c1a f849 | 83c3 f84d | 895f 28e9 | 1cf6 ffff | 488b 5c24 | 5844 8b53 | 2845 85d2 | 0f84 96f6 
  0x00000207245cf90c: ffff 4d8b | 5f28 498b | ca48 c1e1 | 034d 85db | 0f84 670c | 0000 4d8b | 5738 4b89 | 4c1a f849 
  0x00000207245cf92c: 83c3 f84d | 895f 28e9 | 6cf6 ffff | 4d8b 5748 | 4d8b 5f58 | f083 4424 | c000 4180 | 3800 0f84 
  0x00000207245cf94c: 8ff6 ffff | 4588 204d | 85d2 7520 | 498b c849 | 8bd7 49ba | 100c 027a | fa7f 0000 

  0x00000207245cf968: ;   {other}
  0x00000207245cf968: 41ff d20f | 1f84 0000 | 0000 00e9 | 67f6 ffff | 4f89 4413 | f849 83c2 | f84d 8957 | 48e9 55f6 
  0x00000207245cf988: ffff 4d8b | 5748 4d8b | 5f58 f083 | 4424 c000 | 8039 000f | 84ac f5ff | ff44 8821 | 4d85 d275 
  0x00000207245cf9a8: 1d49 8bd7 | 49ba 100c | 027a fa7f | 0000 41ff 

  0x00000207245cf9b8: ;   {other}
  0x00000207245cf9b8: d20f 1f84 | 0000 0000 | 00e9 87f5 | ffff 4b89 | 4c13 f849 | 83c2 f84d | 8957 48e9 | 75f5 ffff 
  0x00000207245cf9d8: baf6 ffff | ff48 8b6c | 2428 4889 | 5c24 204c | 895c 2428 | 4c89 4c24 | 3044 8954 | 2438 4889 
  0x00000207245cf9f8: 7c24 4048 | 894c 2448 

  0x00000207245cfa00: ;   {runtime_call UncommonTrapBlob}
  0x00000207245cfa00: 6666 90e8 

  0x00000207245cfa04: ; ImmutableOopMap {rbp=Oop [32]=Oop [48]=Oop [56]=NarrowOop [64]=Oop [72]=Oop }
                      ;*athrow {reexecute=1 rethrow=0 return_oop=0}
                      ; - (reexecute) kotlin.ResultKt::throwOnFailure@14 (line 132)
                      ; - io.github.kdroidfilter.composemediaplayer.windows.WindowsVideoPlayerState::produceFrames@928 (line 672)
  0x00000207245cfa04: f882 41ff 

  0x00000207245cfa08: ;   {other}
  0x00000207245cfa08: 0f1f 8400 | f823 002f | ba97 ffff | ff48 8b6c | 2428 4889 | 5c24 204c | 895c 2428 | 4c89 4c24 
  0x00000207245cfa28: 3044 8954 | 2438 4889 | 7c24 4048 | 894c 2448 | 4489 4424 

  0x00000207245cfa3c: ;   {runtime_call UncommonTrapBlob}
  0x00000207245cfa3c: 3c66 90e8 

  0x00000207245cfa40: ; ImmutableOopMap {rbp=Oop [32]=Oop [48]=Oop [56]=NarrowOop [60]=NarrowOop [64]=Oop [72]=Oop }
                      ;*athrow {reexecute=1 rethrow=0 return_oop=0}
                      ; - (reexecute) kotlin.ResultKt::throwOnFailure@14 (line 132)
                      ; - io.github.kdroidfilter.composemediaplayer.windows.WindowsVideoPlayerState::produceFrames@928 (line 672)
  0x00000207245cfa40: bc82 41ff 

  0x00000207245cfa44: ;   {other}
  0x00000207245cfa44: 0f1f 8400 | 3424 0030 | ba45 ffff | ff48 8b6c | 2428 4889 | 7c24 2844 | 895c 2430 

  0x00000207245cfa60: ;   {runtime_call UncommonTrapBlob}
  0x00000207245cfa60: 6666 90e8 

  0x00000207245cfa64: ; ImmutableOopMap {rbp=Oop [40]=Oop }
                      ;*ifeq {reexecute=1 rethrow=0 return_oop=0}
                      ; - (reexecute) io.github.kdroidfilter.composemediaplayer.windows.WindowsVideoPlayerState::produceFrames@22
  0x00000207245cfa64: 9882 41ff 

  0x00000207245cfa68: ;   {other}
  0x00000207245cfa68: 0f1f 8400 | 5824 0031 | 4c8b 5424 | 5845 8b5a | 2845 85db | 0f84 17f3 | ffff 4d8b | 5728 498b 
  0x00000207245cfa88: cb48 c1e1 | 034d 85d2 | 0f84 330b | 0000 4d8b | 5f38 4b89 | 4c13 f849 | 83c2 f84d | 8957 28e9 
  0x00000207245cfaa8: edf2 ffff | 4d8b 5748 | 4d8b 5f58 | f083 4424 | c000 4180 | 3800 0f84 | 10f3 ffff | 4588 204d 
  0x00000207245cfac8: 85d2 7520 | 498b c849 | 8bd7 49ba | 100c 027a | fa7f 0000 

  0x00000207245cfadc: ;   {other}
  0x00000207245cfadc: 41ff d20f | 1f84 0000 | 0000 00e9 | e8f2 ffff | 4f89 4413 | f849 83c2 | f84d 8957 | 48e9 d6f2 
  0x00000207245cfafc: ffff baf6 | ffff ff48 | 8b6c 2470 | 4c8b 5424 | 504c 8954 | 2428 448b | 5424 4844 | 8954 2430 
  0x00000207245cfb1c: 4c8b 5424 | 684c 8954 | 2438 4c89 

  0x00000207245cfb28: ;   {runtime_call UncommonTrapBlob}
  0x00000207245cfb28: 4c24 58e8 

  0x00000207245cfb2c: ; ImmutableOopMap {rbp=Oop [32]=Oop [48]=NarrowOop [56]=Oop [88]=Oop [120]=Oop [128]=NarrowOop }
                      ;*athrow {reexecute=1 rethrow=0 return_oop=0}
                      ; - (reexecute) kotlin.ResultKt::throwOnFailure@14 (line 132)
                      ; - io.github.kdroidfilter.composemediaplayer.windows.WindowsVideoPlayerState::waitIfResizing@97 (line 1318)
                      ; - io.github.kdroidfilter.composemediaplayer.windows.WindowsVideoPlayerState::produceFrames@503 (line 719)
  0x00000207245cfb2c: d081 41ff 

  0x00000207245cfb30: ;   {other}
  0x00000207245cfb30: 0f1f 8400 | 2025 0032 | ba97 ffff | ff4c 8b54 | 2470 4c89 | 5424 284c | 8b54 2450 | 4c89 5424 
  0x00000207245cfb50: 3044 8b5c | 2448 4489 | 5c24 384c | 8b54 2468 | 4c89 5424 | 404c 894c 

  0x00000207245cfb68: ;   {runtime_call UncommonTrapBlob}
  0x00000207245cfb68: 2460 90e8 

  0x00000207245cfb6c: ; ImmutableOopMap {rbp=NarrowOop [32]=Oop [40]=Oop [56]=NarrowOop [64]=Oop [96]=Oop [120]=Oop [128]=NarrowOop }
                      ;*athrow {reexecute=1 rethrow=0 return_oop=0}
                      ; - (reexecute) kotlin.ResultKt::throwOnFailure@14 (line 132)
                      ; - io.github.kdroidfilter.composemediaplayer.windows.WindowsVideoPlayerState::waitIfResizing@97 (line 1318)
                      ; - io.github.kdroidfilter.composemediaplayer.windows.WindowsVideoPlayerState::produceFrames@503 (line 719)
  0x00000207245cfb6c: 9081 41ff 

  0x00000207245cfb70: ;   {other}
  0x00000207245cfb70: 0f1f 8400 | 6025 0033 | 4c89 5c24 | 3848 ff74 | 2450 488f | 4424 304c | 8b54 2460 | 4c89 5424 
  0x00000207245cfb90: ;   {metadata('io/github/kdroidfilter/composemediaplayer/windows/WindowsVideoPlayerState$FrameData')}
  0x00000207245cfb90: 2848 baf0 | 3246 4407 

  0x00000207245cfb98: ;   {runtime_call _new_instance_Java}
  0x00000207245cfb98: 0200 00e8 

  0x00000207245cfb9c: ; ImmutableOopMap {rbp=NarrowOop [32]=Oop [40]=Oop [48]=Oop [56]=Oop [88]=Oop [120]=NarrowOop [136]=Oop }
                      ;*new {reexecute=0 rethrow=0 return_oop=1}
                      ; - io.github.kdroidfilter.composemediaplayer.windows.WindowsVideoPlayerState::produceFrames@1024 (line 748)
  0x00000207245cfb9c: e0e4 4fff 

  0x00000207245cfba0: ;   {other}
  0x00000207245cfba0: 0f1f 8400 | 9025 0034 | e914 f3ff | ffba 45ff | ffff 488b | 6c24 2848 | 895c 2420 | 4489 5424 
  0x00000207245cfbc0: 2848 897c | 2430 8974 

  0x00000207245cfbc8: ;   {runtime_call UncommonTrapBlob}
  0x00000207245cfbc8: 242c 90e8 

  0x00000207245cfbcc: ; ImmutableOopMap {rbp=Oop [32]=Oop [40]=NarrowOop [48]=Oop }
                      ;*tableswitch {reexecute=1 rethrow=0 return_oop=0}
                      ; - (reexecute) io.github.kdroidfilter.composemediaplayer.windows.WindowsVideoPlayerState::produceFrames@69 (line 672)
  0x00000207245cfbcc: 3081 41ff 

  0x00000207245cfbd0: ;   {other}
  0x00000207245cfbd0: 0f1f 8400 | c025 0035 | 498b d749 | ba30 0c02 | 7afa 7f00 | 0041 ffd2 

  0x00000207245cfbe8: ;   {other}
  0x00000207245cfbe8: 0f1f 8400 | 0000 0000 | e9d7 e2ff | ffba 5cff | ffff 488b | 6c24 2844 | 8b4c 2448 | 4489 4c24 
  0x00000207245cfc08: 284c 8b44 | 2470 4c89 | 4424 304c | 8b44 2478 | 4c89 4424 | 4044 8954 | 242c 4889 

  0x00000207245cfc24: ;   {runtime_call UncommonTrapBlob}
  0x00000207245cfc24: 4424 70e8 

  0x00000207245cfc28: ; ImmutableOopMap {rbp=Oop [32]=Oop [40]=NarrowOop [44]=NarrowOop [48]=Oop [64]=Oop [112]=Oop [128]=Oop }
                      ;*ifnull {reexecute=1 rethrow=0 return_oop=0}
                      ; - (reexecute) androidx.compose.runtime.snapshots.SnapshotKt::readable@8 (line 2102)
                      ; - androidx.compose.runtime.snapshots.SnapshotKt::readable@35 (line 2124)
                      ; - androidx.compose.runtime.SnapshotMutableStateImpl::getValue@11 (line 142)
                      ; - io.github.kdroidfilter.composemediaplayer.windows.WindowsVideoPlayerState::get_hasMedia@16 (line 1402)
                      ; - io.github.kdroidfilter.composemediaplayer.windows.WindowsVideoPlayerState::produceFrames@144 (line 673)
  0x00000207245cfc28: d480 41ff 

  0x00000207245cfc2c: ;   {other}
  0x00000207245cfc2c: 0f1f 8400 | 1c26 0036 | babe ffff | ff48 8b6c | 2428 448b | 5c24 4844 | 895c 2428 | 4c8b 5c24 
  0x00000207245cfc4c: 704c 895c | 2430 4c8b | 5c24 784c | 895c 2440 | 4c8b 9c24 | 8000 0000 | 4c89 5c24 | 6044 8954 
  0x00000207245cfc6c: 2468 4889 | 4424 7844 | 8954 246c 

  0x00000207245cfc78: ;   {runtime_call UncommonTrapBlob}
  0x00000207245cfc78: 6666 90e8 

  0x00000207245cfc7c: ; ImmutableOopMap {rbp=Oop [32]=Oop [40]=NarrowOop [48]=Oop [64]=Oop [96]=Oop [104]=NarrowOop [108]=NarrowOop [120]=Oop }
                      ;*ifnull {reexecute=1 rethrow=0 return_oop=0}
                      ; - (reexecute) androidx.compose.runtime.snapshots.SnapshotKt::readable@8 (line 2102)
                      ; - androidx.compose.runtime.snapshots.SnapshotKt::readable@35 (line 2124)
                      ; - androidx.compose.runtime.SnapshotMutableStateImpl::getValue@11 (line 142)
                      ; - io.github.kdroidfilter.composemediaplayer.windows.WindowsVideoPlayerState::get_hasMedia@16 (line 1402)
                      ; - io.github.kdroidfilter.composemediaplayer.windows.WindowsVideoPlayerState::produceFrames@144 (line 673)
  0x00000207245cfc7c: 8080 41ff 

  0x00000207245cfc80: ;   {other}
  0x00000207245cfc80: 0f1f 8400 | 7026 0037 | baf6 ffff | ff49 8be8 | 4c89 5c24 

  0x00000207245cfc94: ;   {runtime_call UncommonTrapBlob}
  0x00000207245cfc94: 4066 90e8 

  0x00000207245cfc98: ; ImmutableOopMap {rbp=Oop [32]=Oop [72]=NarrowOop [112]=Oop }
                      ;*invokevirtual IsEOF {reexecute=0 rethrow=0 return_oop=0}
                      ; - io.github.kdroidfilter.composemediaplayer.windows.WindowsVideoPlayerState::produceFrames@176 (line 677)
  0x00000207245cfc98: 6480 41ff 

  0x00000207245cfc9c: ;   {other}
  0x00000207245cfc9c: 0f1f 8400 | 8c26 0038 | bae4 ffff | ff44 8b5c | 2448 4489 | 5c24 304c | 8b54 2470 | 4c89 5424 
  0x00000207245cfcbc: 384c 894c | 2440 4c89 | 4c24 5048 | 8944 2458 | 4489 6c24 | 3448 8944 | 2460 4889 | 7424 7048 
  0x00000207245cfcdc: 897c 2478 | 4489 b424 | 8400 0000 

  0x00000207245cfce8: ;   {runtime_call UncommonTrapBlob}
  0x00000207245cfce8: 6666 90e8 

  0x00000207245cfcec: ; ImmutableOopMap {rbp=NarrowOop [32]=Oop [48]=NarrowOop [52]=NarrowOop [56]=Oop [64]=Oop [80]=Oop [88]=Oop [96]=Oop [112]=Oop }
                      ;*aaload {reexecute=0 rethrow=0 return_oop=0}
                      ; - androidx.compose.runtime.internal.ThreadMap::get@15 (line 70)
                      ; - androidx.compose.runtime.internal.SnapshotThreadLocal::get@30 (line 45)
                      ; - androidx.compose.runtime.snapshots.SnapshotKt::currentSnapshot@3 (line 1284)
                      ; - androidx.compose.runtime.snapshots.Snapshot$Companion::getCurrent@0 (line 294)
                      ; - androidx.compose.runtime.snapshots.SnapshotKt::readable@3 (line 2122)
                      ; - androidx.compose.runtime.SnapshotMutableStateImpl::getValue@11 (line 142)
                      ; - io.github.kdroidfilter.composemediaplayer.windows.WindowsVideoPlayerState::get_hasMedia@16 (line 1402)
                      ; - io.github.kdroidfilter.composemediaplayer.windows.WindowsVideoPlayerState::produceFrames@144 (line 673)
  0x00000207245cfcec: 1080 41ff 

  0x00000207245cfcf0: ;   {other}
  0x00000207245cfcf0: 0f1f 8400 | e026 0039 | bade ffff | ff4c 894c | 2428 4489 

  0x00000207245cfd04: ;   {runtime_call UncommonTrapBlob}
  0x00000207245cfd04: 5424 30e8 

  0x00000207245cfd08: ; ImmutableOopMap {rbp=NarrowOop [32]=Oop [40]=Oop [48]=NarrowOop [112]=Oop }
                      ;*invokeinterface getCoroutineContext {reexecute=0 rethrow=0 return_oop=0}
                      ; - kotlinx.coroutines.CoroutineScopeKt::isActive@1 (line 158)
                      ; - io.github.kdroidfilter.composemediaplayer.windows.WindowsVideoPlayerState::produceFrames@137 (line 673)
  0x00000207245cfd08: f47f 41ff 

  0x00000207245cfd0c: ;   {other}
  0x00000207245cfd0c: 0f1f 8400 | fc26 003a | bade ffff | ff4c 894c | 2428 4489 | 5424 3048 | 894c 2440 

  0x00000207245cfd28: ;   {runtime_call UncommonTrapBlob}
  0x00000207245cfd28: 6666 90e8 

  0x00000207245cfd2c: ; ImmutableOopMap {rbp=NarrowOop [32]=Oop [40]=Oop [48]=NarrowOop [64]=Oop [112]=Oop }
                      ;*invokeinterface get {reexecute=0 rethrow=0 return_oop=0}
                      ; - kotlinx.coroutines.CoroutineScopeKt::isActive@12 (line 158)
                      ; - io.github.kdroidfilter.composemediaplayer.windows.WindowsVideoPlayerState::produceFrames@137 (line 673)
  0x00000207245cfd2c: d07f 41ff 

  0x00000207245cfd30: ;   {other}
  0x00000207245cfd30: 0f1f 8400 | 2027 003b | 448b da41 | ffcb bae4 | ffff ff44 | 8b54 2448 | 4489 5424 | 284c 8b54 
  0x00000207245cfd50: 2470 4c89 | 5424 304c | 8944 2448 | 4889 4c24 | 5089 7424 | 2c48 894c | 2458 4c89 | 4c24 7048 
  0x00000207245cfd70: 8944 2478 | 4c89 8c24 | 8000 0000 | 4489 9c24 | 8800 0000 | 89bc 248c 

  0x00000207245cfd88: ;   {runtime_call UncommonTrapBlob}
  0x00000207245cfd88: 0000 00e8 

  0x00000207245cfd8c: ; ImmutableOopMap {[32]=Oop [40]=NarrowOop [44]=NarrowOop [48]=Oop [56]=Oop [72]=Oop [80]=Oop [88]=Oop [120]=Oop [140]=NarrowOop }
                      ;*laload {reexecute=0 rethrow=0 return_oop=0}
                      ; - androidx.compose.runtime.internal.ThreadMap::find@39 (line 137)
                      ; - androidx.compose.runtime.internal.ThreadMap::get@2 (line 69)
                      ; - androidx.compose.runtime.internal.SnapshotThreadLocal::get@30 (line 45)
                      ; - androidx.compose.runtime.snapshots.SnapshotKt::currentSnapshot@3 (line 1284)
                      ; - androidx.compose.runtime.snapshots.Snapshot$Companion::getCurrent@0 (line 294)
                      ; - androidx.compose.runtime.snapshots.SnapshotKt::readable@3 (line 2122)
                      ; - androidx.compose.runtime.SnapshotMutableStateImpl::getValue@11 (line 142)
                      ; - io.github.kdroidfilter.composemediaplayer.windows.WindowsVideoPlayerState::get_hasMedia@16 (line 1402)
                      ; - io.github.kdroidfilter.composemediaplayer.windows.WindowsVideoPlayerState::produceFrames@144 (line 673)
  0x00000207245cfd8c: 707f 41ff 

  0x00000207245cfd90: ;   {other}
  0x00000207245cfd90: 0f1f 8400 | 8027 003c | bade ffff | ff44 8b5c | 2448 4489 | 5c24 304c | 8944 2440 | 4c89 4424 
  0x00000207245cfdb0: 5048 894c | 2458 4489 | 4c24 3448 | 894c 2460 

  0x00000207245cfdc0: ;   {runtime_call UncommonTrapBlob}
  0x00000207245cfdc0: 6666 90e8 

  0x00000207245cfdc4: ; ImmutableOopMap {rbp=Oop [32]=Oop [48]=NarrowOop [52]=NarrowOop [64]=Oop [80]=Oop [88]=Oop [96]=Oop [112]=Oop }
                      ;*checkcast {reexecute=0 rethrow=0 return_oop=0}
                      ; - androidx.compose.runtime.snapshots.SnapshotKt::currentSnapshot@6 (line 1284)
                      ; - androidx.compose.runtime.snapshots.Snapshot$Companion::getCurrent@0 (line 294)
                      ; - androidx.compose.runtime.snapshots.SnapshotKt::readable@3 (line 2122)
                      ; - androidx.compose.runtime.SnapshotMutableStateImpl::getValue@11 (line 142)
                      ; - io.github.kdroidfilter.composemediaplayer.windows.WindowsVideoPlayerState::get_hasMedia@16 (line 1402)
                      ; - io.github.kdroidfilter.composemediaplayer.windows.WindowsVideoPlayerState::produceFrames@144 (line 673)
  0x00000207245cfdc4: 387f 41ff 

  0x00000207245cfdc8: ;   {other}
  0x00000207245cfdc8: 0f1f 8400 | b827 003d | ba45 ffff | ff4c 8b5c | 2430 4c89 | 5c24 2844 | 8954 2434 

  0x00000207245cfde4: ;   {runtime_call UncommonTrapBlob}
  0x00000207245cfde4: 6666 90e8 

  0x00000207245cfde8: ; ImmutableOopMap {[32]=Oop [56]=Oop [72]=NarrowOop [104]=Oop }
                      ;*ifne {reexecute=1 rethrow=0 return_oop=0}
                      ; - (reexecute) io.github.kdroidfilter.composemediaplayer.windows.WindowsVideoPlayerState::produceFrames@433 (line 711)
  0x00000207245cfde8: 147f 41ff 

  0x00000207245cfdec: ;   {other}
  0x00000207245cfdec: 0f1f 8400 | dc27 003e | ba45 ffff | ff4c 8b54 | 2450 4c89 | 5424 2844 | 8b44 2448 | 4489 4424 
  0x00000207245cfe0c: 304c 895c | 2448 4889 | 4424 584c | 895c 2468 | 4889 4424 | 7089 9c24 | 9800 0000 | 899c 249c 
  0x00000207245cfe2c: ;   {runtime_call UncommonTrapBlob}
  0x00000207245cfe2c: 0000 00e8 

  0x00000207245cfe30: ; ImmutableOopMap {rbp=Oop [32]=Oop [48]=NarrowOop [72]=Oop [88]=Oop [104]=Oop [112]=Oop [152]=NarrowOop [156]=NarrowOop }
                      ;*ifnonnull {reexecute=1 rethrow=0 return_oop=0}
                      ; - (reexecute) kotlin.jvm.internal.Intrinsics::checkNotNull@1 (line 24)
                      ; - kotlin.coroutines.jvm.internal.ContinuationImpl::getContext@5 (line 106)
                      ; - kotlin.coroutines.jvm.internal.ContinuationImpl::<init>@7 (line 103)
                      ; - io.github.kdroidfilter.composemediaplayer.windows.WindowsVideoPlayerState$waitIfResizing$1::<init>@7
                      ; - io.github.kdroidfilter.composemediaplayer.windows.WindowsVideoPlayerState::waitIfResizing@47
                      ; - io.github.kdroidfilter.composemediaplayer.windows.WindowsVideoPlayerState::produceFrames@503 (line 719)
  0x00000207245cfe30: cc7e 41ff 

  0x00000207245cfe34: ;   {other}
  0x00000207245cfe34: 0f1f 8400 | 2428 003f | 498b d749 | ba30 0c02 | 7afa 7f00 | 0041 ffd2 

  0x00000207245cfe4c: ;   {other}
  0x00000207245cfe4c: 0f1f 8400 | 0000 0000 | e9ae e1ff | ff49 8bd7 | 49ba 300c | 027a fa7f | 0000 41ff 

  0x00000207245cfe68: ;   {other}
  0x00000207245cfe68: d20f 1f84 | 0000 0000 | 00e9 e0e1 | ffff 33ed | 4585 d240 | 0f95 c5ba | 45ff ffff 

  0x00000207245cfe84: ;   {runtime_call UncommonTrapBlob}
  0x00000207245cfe84: 6666 90e8 

  0x00000207245cfe88: ; ImmutableOopMap {[32]=Oop [72]=NarrowOop [104]=Oop [112]=Oop }
                      ;*ifne {reexecute=1 rethrow=0 return_oop=0}
                      ; - (reexecute) io.github.kdroidfilter.composemediaplayer.windows.WindowsVideoPlayerState::produceFrames@157 (line 673)
  0x00000207245cfe88: 747e 41ff 

  0x00000207245cfe8c: ;   {other}
  0x00000207245cfe8c: 0f1f 8400 | 7c28 0040 | 498b f849 | 8bd7 49ba | 300c 027a | fa7f 0000 

  0x00000207245cfea4: ;   {other}
  0x00000207245cfea4: 41ff d20f | 1f84 0000 | 0000 004c | 8b4c 2470 | 4c8b c7e9 | b9e2 ffff | ba45 ffff | ff4c 8b54 
  0x00000207245cfec4: 2438 4c89 

  0x00000207245cfec8: ;   {runtime_call UncommonTrapBlob}
  0x00000207245cfec8: 5424 28e8 

  0x00000207245cfecc: ; ImmutableOopMap {[32]=Oop [40]=Oop [72]=NarrowOop [112]=Oop }
                      ;*ifeq {reexecute=1 rethrow=0 return_oop=0}
                      ; - (reexecute) io.github.kdroidfilter.composemediaplayer.windows.WindowsVideoPlayerState::produceFrames@140 (line 673)
  0x00000207245cfecc: 307e 41ff 

  0x00000207245cfed0: ;   {other}
  0x00000207245cfed0: 0f1f 8400 | c028 0041 | ba45 ffff | ff49 c7c2 | ffff ffff | 493b fabd | ffff ffff | 7c08 400f 
  0x00000207245cfef0: 95c5 400f | b6ed 448b | 5c24 4844 | 895c 2430 | 4c89 4424 | 404c 8944 | 2450 4889 | 4c24 5844 
  0x00000207245cff10: 894c 2434 | 4889 4c24 | 6048 897c 

  0x00000207245cff1c: ;   {runtime_call UncommonTrapBlob}
  0x00000207245cff1c: 2468 90e8 

  0x00000207245cff20: ; ImmutableOopMap {[32]=Oop [48]=NarrowOop [52]=NarrowOop [64]=Oop [80]=Oop [88]=Oop [96]=Oop [112]=Oop }
                      ;*ifne {reexecute=1 rethrow=0 return_oop=0}
                      ; - (reexecute) androidx.compose.runtime.internal.SnapshotThreadLocal::get@9 (line 42)
                      ; - androidx.compose.runtime.snapshots.SnapshotKt::currentSnapshot@3 (line 1284)
                      ; - androidx.compose.runtime.snapshots.Snapshot$Companion::getCurrent@0 (line 294)
                      ; - androidx.compose.runtime.snapshots.SnapshotKt::readable@3 (line 2122)
                      ; - androidx.compose.runtime.SnapshotMutableStateImpl::getValue@11 (line 142)
                      ; - io.github.kdroidfilter.composemediaplayer.windows.WindowsVideoPlayerState::get_hasMedia@16 (line 1402)
                      ; - io.github.kdroidfilter.composemediaplayer.windows.WindowsVideoPlayerState::produceFrames@144 (line 673)
  0x00000207245cff20: dc7d 41ff 

  0x00000207245cff24: ;   {other}
  0x00000207245cff24: 0f1f 8400 | 1429 0042 | ba45 ffff 

  0x00000207245cff30: ;   {runtime_call UncommonTrapBlob}
  0x00000207245cff30: ff66 90e8 

  0x00000207245cff34: ; ImmutableOopMap {[32]=Oop [72]=NarrowOop [104]=Oop [112]=Oop }
                      ;*ifeq {reexecute=1 rethrow=0 return_oop=0}
                      ; - (reexecute) io.github.kdroidfilter.composemediaplayer.windows.WindowsVideoPlayerState::produceFrames@147 (line 673)
  0x00000207245cff34: c87d 41ff 

  0x00000207245cff38: ;   {other}
  0x00000207245cff38: 0f1f 8400 | 2829 0043 | 4533 d24d | 3bda bdff | ffff ff7c | 0840 0f95 | c540 0fb6 | edba 45ff 
  0x00000207245cff58: ffff 4c89 

  0x00000207245cff5c: ;   {runtime_call UncommonTrapBlob}
  0x00000207245cff5c: 5c24 30e8 

  0x00000207245cff60: ; ImmutableOopMap {[32]=Oop [72]=NarrowOop [104]=Oop [112]=Oop }
                      ;*ifeq {reexecute=1 rethrow=0 return_oop=0}
                      ; - (reexecute) io.github.kdroidfilter.composemediaplayer.windows.WindowsVideoPlayerState::produceFrames@168 (line 675)
  0x00000207245cff60: 9c7d 41ff 

  0x00000207245cff64: ;   {other}
  0x00000207245cff64: 0f1f 8400 | 5429 0044 | ba45 ffff | ff4c 8b5c | 2450 4c89 | 5c24 2844 | 8b5c 2448 | 4489 5c24 
  0x00000207245cff84: 304c 8b5c | 2468 4c89 | 5c24 3844 | 8944 2434 | 4489 5424 

  0x00000207245cff98: ;   {runtime_call UncommonTrapBlob}
  0x00000207245cff98: 5866 90e8 

  0x00000207245cff9c: ; ImmutableOopMap {rbp=Oop [32]=Oop [48]=NarrowOop [52]=NarrowOop [56]=Oop [120]=Oop }
                      ;*tableswitch {reexecute=1 rethrow=0 return_oop=0}
                      ; - (reexecute) io.github.kdroidfilter.composemediaplayer.windows.WindowsVideoPlayerState::waitIfResizing@68 (line 1318)
                      ; - io.github.kdroidfilter.composemediaplayer.windows.WindowsVideoPlayerState::produceFrames@503 (line 719)
  0x00000207245cff9c: 607d 41ff 

  0x00000207245cffa0: ;   {other}
  0x00000207245cffa0: 0f1f 8400 | 9029 0045 | ba97 ffff | ff4c 8b54 | 2470 4c89 | 5424 284c | 8b54 2450 | 4c89 5424 
  0x00000207245cffc0: 3044 8b5c | 2448 4489 | 5c24 384c | 8b54 2468 | 4c89 5424 | 4044 894c | 243c 4889 

  0x00000207245cffdc: ;   {runtime_call UncommonTrapBlob}
  0x00000207245cffdc: 4c24 60e8 

  0x00000207245cffe0: ; ImmutableOopMap {rbp=NarrowOop [32]=Oop [40]=Oop [56]=NarrowOop [60]=NarrowOop [64]=Oop [96]=Oop [120]=Oop }
                      ;*athrow {reexecute=1 rethrow=0 return_oop=0}
                      ; - (reexecute) kotlin.ResultKt::throwOnFailure@14 (line 132)
                      ; - io.github.kdroidfilter.composemediaplayer.windows.WindowsVideoPlayerState::waitIfResizing@215 (line 1318)
                      ; - io.github.kdroidfilter.composemediaplayer.windows.WindowsVideoPlayerState::produceFrames@503 (line 719)
  0x00000207245cffe0: 1c7d 41ff 

  0x00000207245cffe4: ;   {other}
  0x00000207245cffe4: 0f1f 8400 | d429 0046 | bade ffff | ff44 8954 | 2428 4889 | 7c24 304c | 894c 2448 

  0x00000207245d0000: ;   {runtime_call UncommonTrapBlob}
  0x00000207245d0000: 6666 90e8 

  0x00000207245d0004: ; ImmutableOopMap {rbp=NarrowOop [32]=Oop [40]=NarrowOop [48]=Oop [72]=Oop }
                      ;*invokeinterface lock {reexecute=0 rethrow=0 return_oop=0}
                      ; - io.github.kdroidfilter.composemediaplayer.windows.WindowsVideoPlayerState::produceFrames@642 (line 1455)
  0x00000207245d0004: f87c 41ff 

  0x00000207245d0008: ;   {other}
  0x00000207245d0008: 0f1f 8400 | f829 0047 | 4c8b 4424 | 7045 8b50 | 2845 85d2 | 0f84 c8f3 | ffff 4d8b | 5f28 498b 
  0x00000207245d0028: ca48 c1e1 | 034d 85db | 0f84 5a06 | 0000 4d8b | 5738 4b89 | 4c1a f849 | 83c3 f84d | 895f 28e9 
  0x00000207245d0048: 9ef3 ffff | ba45 ffff | ff44 8954 | 2428 4889 | 7c24 3048 | ff74 2450 | 488f 4424 | 384c 895c 
  0x00000207245d0068: 2450 4c89 | 4c24 584c | 895c 2460 | 4c89 4c24 

  0x00000207245d0078: ;   {runtime_call UncommonTrapBlob}
  0x00000207245d0078: 6866 90e8 

  0x00000207245d007c: ; ImmutableOopMap {rbp=NarrowOop [32]=Oop [40]=NarrowOop [48]=Oop [80]=Oop [88]=Oop [96]=Oop [104]=Oop }
                      ;*if_acmpne {reexecute=1 rethrow=0 return_oop=0}
                      ; - (reexecute) kotlinx.coroutines.sync.MutexImpl::tryLockImpl@26 (line 186)
                      ; - kotlinx.coroutines.sync.MutexImpl::tryLock@2 (line 179)
                      ; - kotlinx.coroutines.sync.MutexImpl::lock$suspendImpl@2 (line 167)
                      ; - kotlinx.coroutines.sync.MutexImpl::lock@3
                      ; - io.github.kdroidfilter.composemediaplayer.windows.WindowsVideoPlayerState::produceFrames@642 (line 1455)
  0x00000207245d007c: 807c 41ff 

  0x00000207245d0080: ;   {other}
  0x00000207245d0080: 0f1f 8400 | 702a 0048 | ba45 ffff | ff4c 8b54 | 2450 4c89 | 5424 3048 | 8944 2448 | 4c8b 5424 
  0x00000207245d00a0: 584c 8954 

  0x00000207245d00a4: ;   {runtime_call UncommonTrapBlob}
  0x00000207245d00a4: 2450 90e8 

  0x00000207245d00a8: ; ImmutableOopMap {[32]=Oop [48]=Oop [72]=Oop [80]=Oop [96]=Oop [120]=NarrowOop }
                      ;*ifne {reexecute=1 rethrow=0 return_oop=0}
                      ; - (reexecute) kotlinx.coroutines.sync.MutexImpl::isLocked@4 (line 145)
                      ; - kotlinx.coroutines.sync.MutexImpl::unlock@2 (line 209)
                      ; - io.github.kdroidfilter.composemediaplayer.windows.WindowsVideoPlayerState::produceFrames@706 (line 1459)
  0x00000207245d00a8: 547c 41ff 

  0x00000207245d00ac: ;   {other}
  0x00000207245d00ac: 0f1f 8400 | 9c2a 0049 | 4889 7c24 | 3848 895c | 2430 8954 | 2428 418b | fa49 8bd7 | 49ba 300c 
  0x00000207245d00cc: 027a fa7f | 0000 41ff 

  0x00000207245d00d4: ;   {other}
  0x00000207245d00d4: d20f 1f84 | 0000 0000 | 0044 8bd7 | 8b54 2428 | 4c8b 4c24 | 3048 8b7c | 2438 e942 | e7ff ffba 
  0x00000207245d00f4: 45ff ffff | 488b 6c24 | 2044 895c | 2428 4c8b | 5424 504c | 8954 2430 | 4889 5c24 | 484c 8b54 
  0x00000207245d0114: 2458 4c89 

  0x00000207245d0118: ;   {runtime_call UncommonTrapBlob}
  0x00000207245d0118: 5424 50e8 

  0x00000207245d011c: ; ImmutableOopMap {rbp=Oop [48]=Oop [72]=Oop [80]=Oop [96]=Oop [120]=NarrowOop }
                      ;*iflt {reexecute=1 rethrow=0 return_oop=0}
                      ; - (reexecute) kotlinx.coroutines.sync.SemaphoreAndMutexImpl::release@55 (line 255)
                      ; - kotlinx.coroutines.sync.MutexImpl::unlock@123 (line 218)
                      ; - io.github.kdroidfilter.composemediaplayer.windows.WindowsVideoPlayerState::produceFrames@706 (line 1459)
  0x00000207245d011c: e07b 41ff 

  0x00000207245d0120: ;   {other}
  0x00000207245d0120: 0f1f 8400 | 102b 004a | 4889 5c24 | 504c 895c | 2448 4c89 | 4424 4048 | 897c 2438 | 4c89 4c24 
  0x00000207245d0140: 3089 5424 | 2841 8bfa | 498b d749 | ba30 0c02 | 7afa 7f00 | 0041 ffd2 

  0x00000207245d0158: ;   {other}
  0x00000207245d0158: 0f1f 8400 | 0000 0000 | 448b d78b | 5424 284c | 8b4c 2430 | 488b 7c24 | 384c 8b44 | 2440 4c8b 
  0x00000207245d0178: 5c24 4848 | 8b5c 2450 | e925 f4ff | ff33 ed45 | 85db 400f | 95c5 ba45 | ffff ff44 | 8954 2428 
  0x00000207245d0198: 4889 4c24 | 3048 895c 

  0x00000207245d01a0: ;   {runtime_call UncommonTrapBlob}
  0x00000207245d01a0: 2440 90e8 

  0x00000207245d01a4: ; ImmutableOopMap {[32]=Oop [40]=NarrowOop [48]=Oop [64]=Oop }
                      ;*ifeq {reexecute=1 rethrow=0 return_oop=0}
                      ; - (reexecute) io.github.kdroidfilter.composemediaplayer.windows.WindowsVideoPlayerState::produceFrames@547 (line 725)
  0x00000207245d01a4: 587b 41ff 

  0x00000207245d01a8: ;   {other}
  0x00000207245d01a8: 0f1f 8400 | 982b 004b | ba45 ffff | ff44 8954 | 2428 4889 | 7c24 3048 | ff74 2450 | 488f 4424 
  0x00000207245d01c8: 384c 895c | 2450 4c89 | 4c24 584c | 895c 2460 | 4c89 4c24 | 6889 9c24 | 8800 0000 

  0x00000207245d01e4: ;   {runtime_call UncommonTrapBlob}
  0x00000207245d01e4: 6666 90e8 

  0x00000207245d01e8: ; ImmutableOopMap {[32]=Oop [40]=NarrowOop [48]=Oop [80]=Oop [88]=Oop [96]=Oop [104]=Oop }
                      ;*if_icmple {reexecute=1 rethrow=0 return_oop=0}
                      ; - (reexecute) kotlinx.coroutines.sync.SemaphoreAndMutexImpl::tryAcquire@13 (line 159)
                      ; - kotlinx.coroutines.sync.MutexImpl::tryLockImpl@2 (line 185)
                      ; - kotlinx.coroutines.sync.MutexImpl::tryLock@2 (line 179)
                      ; - kotlinx.coroutines.sync.MutexImpl::lock$suspendImpl@2 (line 167)
                      ; - kotlinx.coroutines.sync.MutexImpl::lock@3
                      ; - io.github.kdroidfilter.composemediaplayer.windows.WindowsVideoPlayerState::produceFrames@642 (line 1455)
  0x00000207245d01e8: 147b 41ff 

  0x00000207245d01ec: ;   {other}
  0x00000207245d01ec: 0f1f 8400 | dc2b 004c | ba45 ffff | ff48 8b6c | 2420 4489 | 5424 2048 | 897c 2428 | 48ff 7424 
  0x00000207245d020c: 5048 8f44 | 2430 4c89 | 5c24 484c | 894c 2450 | 4c89 5c24 | 584c 894c | 2460 899c | 2480 0000 
  0x00000207245d022c: ;   {runtime_call UncommonTrapBlob}
  0x00000207245d022c: 0066 90e8 

  0x00000207245d0230: ; ImmutableOopMap {rbp=Oop [32]=NarrowOop [40]=Oop [72]=Oop [80]=Oop [88]=Oop [96]=Oop }
                      ;*ifgt {reexecute=1 rethrow=0 return_oop=0}
                      ; - (reexecute) kotlinx.coroutines.sync.SemaphoreAndMutexImpl::tryAcquire@24 (line 165)
                      ; - kotlinx.coroutines.sync.MutexImpl::tryLockImpl@2 (line 185)
                      ; - kotlinx.coroutines.sync.MutexImpl::tryLock@2 (line 179)
                      ; - kotlinx.coroutines.sync.MutexImpl::lock$suspendImpl@2 (line 167)
                      ; - kotlinx.coroutines.sync.MutexImpl::lock@3
                      ; - io.github.kdroidfilter.composemediaplayer.windows.WindowsVideoPlayerState::produceFrames@642 (line 1455)
  0x00000207245d0230: cc7a 41ff 

  0x00000207245d0234: ;   {other}
  0x00000207245d0234: 0f1f 8400 | 242c 004d | ba45 ffff | ff44 8954 | 2428 4889 | 7c24 3048 | ff74 2450 | 488f 4424 
  0x00000207245d0254: 384c 895c | 2450 4c89 | 4c24 584c | 895c 2460 | 4c89 4c24 | 6889 5c24 

  0x00000207245d026c: ;   {runtime_call UncommonTrapBlob}
  0x00000207245d026c: 2c66 90e8 

  0x00000207245d0270: ; ImmutableOopMap {[32]=Oop [40]=NarrowOop [48]=Oop [80]=Oop [88]=Oop [96]=Oop [104]=Oop }
                      ;*ifeq {reexecute=1 rethrow=0 return_oop=0}
                      ; - (reexecute) kotlinx.coroutines.sync.SemaphoreAndMutexImpl::tryAcquire@40 (line 166)
                      ; - kotlinx.coroutines.sync.MutexImpl::tryLockImpl@2 (line 185)
                      ; - kotlinx.coroutines.sync.MutexImpl::tryLock@2 (line 179)
                      ; - kotlinx.coroutines.sync.MutexImpl::lock$suspendImpl@2 (line 167)
                      ; - kotlinx.coroutines.sync.MutexImpl::lock@3
                      ; - io.github.kdroidfilter.composemediaplayer.windows.WindowsVideoPlayerState::produceFrames@642 (line 1455)
  0x00000207245d0270: 8c7a 41ff 

  0x00000207245d0274: ;   {other}
  0x00000207245d0274: 0f1f 8400 | 642c 004e | ba45 ffff | ff4c 8b54 | 2450 4c89 | 5424 3048 | 8944 2448 | 4c8b 5424 
  0x00000207245d0294: 584c 8954 

  0x00000207245d0298: ;   {runtime_call UncommonTrapBlob}
  0x00000207245d0298: 2450 90e8 

  0x00000207245d029c: ; ImmutableOopMap {rbp=NarrowOop [32]=Oop [48]=Oop [72]=Oop [80]=Oop [96]=Oop [120]=NarrowOop }
                      ;*if_acmpeq {reexecute=1 rethrow=0 return_oop=0}
                      ; - (reexecute) kotlinx.coroutines.sync.MutexImpl::unlock@37 (line 212)
                      ; - io.github.kdroidfilter.composemediaplayer.windows.WindowsVideoPlayerState::produceFrames@706 (line 1459)
  0x00000207245d029c: 607a 41ff 

  0x00000207245d02a0: ;   {other}
  0x00000207245d02a0: 0f1f 8400 | 902c 004f | ba45 ffff | ff4c 8b54 | 2450 4c89 | 5424 3048 | 8944 2448 | 4c8b 5424 
  0x00000207245d02c0: 584c 8954 

  0x00000207245d02c4: ;   {runtime_call UncommonTrapBlob}
  0x00000207245d02c4: 2450 90e8 

  0x00000207245d02c8: ; ImmutableOopMap {rbp=NarrowOop [32]=Oop [48]=Oop [72]=Oop [80]=Oop [96]=Oop [120]=NarrowOop }
                      ;*if_acmpeq {reexecute=1 rethrow=0 return_oop=0}
                      ; - (reexecute) kotlinx.coroutines.sync.MutexImpl::unlock@42 (line 214)
                      ; - io.github.kdroidfilter.composemediaplayer.windows.WindowsVideoPlayerState::produceFrames@706 (line 1459)
  0x00000207245d02c8: 347a 41ff 

  0x00000207245d02cc: ;   {other}
  0x00000207245d02cc: 0f1f 8400 | bc2c 0050 | ba45 ffff | ff4c 8b54 | 2450 4c89 | 5424 3048 | 895c 2448 | 4c8b 5424 
  0x00000207245d02ec: 584c 8954 

  0x00000207245d02f0: ;   {runtime_call UncommonTrapBlob}
  0x00000207245d02f0: 2450 90e8 

  0x00000207245d02f4: ; ImmutableOopMap {[32]=Oop [48]=Oop [72]=Oop [80]=Oop [96]=Oop [120]=NarrowOop }
                      ;*ifeq {reexecute=1 rethrow=0 return_oop=0}
                      ; - (reexecute) kotlinx.coroutines.sync.MutexImpl::unlock@119 (line 216)
                      ; - io.github.kdroidfilter.composemediaplayer.windows.WindowsVideoPlayerState::produceFrames@706 (line 1459)
  0x00000207245d02f4: 087a 41ff 

  0x00000207245d02f8: ;   {other}
  0x00000207245d02f8: 0f1f 8400 | e82c 0051 | ba45 ffff | ff44 895c | 2430 4c8b | 5424 504c | 8954 2438 | 4889 5c24 
  0x00000207245d0318: ;   {runtime_call UncommonTrapBlob}
  0x00000207245d0318: 5066 90e8 

  0x00000207245d031c: ; ImmutableOopMap {[32]=Oop [56]=Oop [80]=Oop [88]=Oop [96]=Oop [120]=NarrowOop }
                      ;*if_icmplt {reexecute=1 rethrow=0 return_oop=0}
                      ; - (reexecute) kotlinx.coroutines.sync.SemaphoreAndMutexImpl::release@13 (line 248)
                      ; - kotlinx.coroutines.sync.MutexImpl::unlock@123 (line 218)
                      ; - io.github.kdroidfilter.composemediaplayer.windows.WindowsVideoPlayerState::produceFrames@706 (line 1459)
  0x00000207245d031c: e079 41ff 

  0x00000207245d0320: ;   {other}
  0x00000207245d0320: 0f1f 8400 | 102d 0052 | ba45 ffff | ff4c 8b54 | 2450 4c89 | 5424 384c | 8b54 2458 | 4c89 5424 
  0x00000207245d0340: 5048 8944 

  0x00000207245d0344: ;   {runtime_call UncommonTrapBlob}
  0x00000207245d0344: 2460 90e8 

  0x00000207245d0348: ; ImmutableOopMap {rbp=Oop [32]=Oop [56]=Oop [80]=Oop [96]=Oop [120]=NarrowOop [136]=Oop }
                      ;*if_acmpne {reexecute=1 rethrow=0 return_oop=0}
                      ; - (reexecute) io.github.kdroidfilter.composemediaplayer.windows.WindowsVideoPlayerState::produceFrames@904 (line 745)
  0x00000207245d0348: b479 41ff 

  0x00000207245d034c: ;   {other}
  0x00000207245d034c: 0f1f 8400 | 3c2d 0053 | 498b d749 | ba30 0c02 | 7afa 7f00 | 0041 ffd2 

  0x00000207245d0364: ;   {other}
  0x00000207245d0364: 0f1f 8400 | 0000 0000 | e900 e7ff | ffba f6ff | ffff 4c8b | 4424 284c | 8944 2420 | 4889 5c24 
  0x00000207245d0384: 284c 895c | 2430 4489 | 5424 3848 | 897c 2440 | 4889 7424 

  0x00000207245d0398: ;   {runtime_call UncommonTrapBlob}
  0x00000207245d0398: 4866 90e8 

  0x00000207245d039c: ; ImmutableOopMap {rbp=Oop [32]=Oop [40]=Oop [56]=NarrowOop [64]=Oop [72]=Oop }
                      ;*athrow {reexecute=1 rethrow=0 return_oop=0}
                      ; - (reexecute) kotlin.ResultKt::throwOnFailure@14 (line 132)
                      ; - io.github.kdroidfilter.composemediaplayer.windows.WindowsVideoPlayerState::produceFrames@1109 (line 672)
  0x00000207245d039c: 6079 41ff 

  0x00000207245d03a0: ;   {other}
  0x00000207245d03a0: 0f1f 8400 | 902d 0054 | ba97 ffff | ff4c 8b4c | 2428 4c89 | 4c24 2048 | 895c 2428 | 4c89 5c24 
  0x00000207245d03c0: 3044 8954 | 2438 4889 | 7c24 4048 | 8974 2448 | 4489 4424 

  0x00000207245d03d4: ;   {runtime_call UncommonTrapBlob}
  0x00000207245d03d4: 3c66 90e8 

  0x00000207245d03d8: ; ImmutableOopMap {rbp=Oop [32]=Oop [40]=Oop [56]=NarrowOop [60]=NarrowOop [64]=Oop [72]=Oop }
                      ;*athrow {reexecute=1 rethrow=0 return_oop=0}
                      ; - (reexecute) kotlin.ResultKt::throwOnFailure@14 (line 132)
                      ; - io.github.kdroidfilter.composemediaplayer.windows.WindowsVideoPlayerState::produceFrames@1109 (line 672)
  0x00000207245d03d8: 2479 41ff 

  0x00000207245d03dc: ;   {other}
  0x00000207245d03dc: 0f1f 8400 | cc2d 0055 | ba97 ffff | ff4c 8b54 | 2470 4c89 | 5424 284c | 8b54 2450 | 4c89 5424 
  0x00000207245d03fc: 3044 8b54 | 2448 4489 | 5424 384c | 8b54 2468 | 4c89 5424 | 4044 894c | 243c 4c89 

  0x00000207245d0418: ;   {runtime_call UncommonTrapBlob}
  0x00000207245d0418: 4424 60e8 

  0x00000207245d041c: ; ImmutableOopMap {rbp=NarrowOop [32]=Oop [40]=Oop [56]=NarrowOop [60]=NarrowOop [64]=Oop [96]=Oop [120]=Oop }
                      ;*athrow {reexecute=1 rethrow=0 return_oop=0}
                      ; - (reexecute) kotlin.ResultKt::throwOnFailure@14 (line 132)
                      ; - io.github.kdroidfilter.composemediaplayer.windows.WindowsVideoPlayerState::waitIfResizing@185 (line 1318)
                      ; - io.github.kdroidfilter.composemediaplayer.windows.WindowsVideoPlayerState::produceFrames@503 (line 719)
  0x00000207245d041c: e078 41ff 

  0x00000207245d0420: ;   {other}
  0x00000207245d0420: 0f1f 8400 | 102e 0056 | baf6 ffff | ff48 8b6c | 2428 4889 | 5c24 204c | 895c 2428 | 4489 5424 
  0x00000207245d0440: 3048 897c | 2438 4c89 

  0x00000207245d0448: ;   {runtime_call UncommonTrapBlob}
  0x00000207245d0448: 4c24 40e8 

  0x00000207245d044c: ; ImmutableOopMap {rbp=Oop [32]=Oop [48]=NarrowOop [56]=Oop [64]=Oop }
                      ;*athrow {reexecute=1 rethrow=0 return_oop=0}
                      ; - (reexecute) kotlin.ResultKt::throwOnFailure@14 (line 132)
                      ; - io.github.kdroidfilter.composemediaplayer.windows.WindowsVideoPlayerState::produceFrames@523 (line 672)
  0x00000207245d044c: b078 41ff 

  0x00000207245d0450: ;   {other}
  0x00000207245d0450: 0f1f 8400 | 402e 0057 | ba97 ffff | ff4c 8b44 | 2428 4c89 | 4424 2048 | 895c 2428 | 4c89 5c24 
  0x00000207245d0470: 3044 8954 | 2438 4889 | 7c24 404c | 894c 2448 

  0x00000207245d0480: ;   {runtime_call UncommonTrapBlob}
  0x00000207245d0480: 6666 90e8 

  0x00000207245d0484: ; ImmutableOopMap {rbp=NarrowOop [32]=Oop [40]=Oop [56]=NarrowOop [64]=Oop [72]=Oop }
                      ;*athrow {reexecute=1 rethrow=0 return_oop=0}
                      ; - (reexecute) kotlin.ResultKt::throwOnFailure@14 (line 132)
                      ; - io.github.kdroidfilter.composemediaplayer.windows.WindowsVideoPlayerState::produceFrames@523 (line 672)
  0x00000207245d0484: 7878 41ff 

  0x00000207245d0488: ;   {other}
  0x00000207245d0488: 0f1f 8400 | 782e 0058 | baf6 ffff | ff4c 8b44 | 2428 4c89 | 4424 2048 | 895c 2428 | 4c89 5c24 
  0x00000207245d04a8: 3044 8954 | 2438 4889 | 7c24 4048 | 8974 2448 

  0x00000207245d04b8: ;   {runtime_call UncommonTrapBlob}
  0x00000207245d04b8: 6666 90e8 

  0x00000207245d04bc: ; ImmutableOopMap {rbp=Oop [32]=Oop [40]=Oop [56]=NarrowOop [64]=Oop [72]=Oop }
                      ;*athrow {reexecute=1 rethrow=0 return_oop=0}
                      ; - (reexecute) kotlin.ResultKt::throwOnFailure@14 (line 132)
                      ; - io.github.kdroidfilter.composemediaplayer.windows.WindowsVideoPlayerState::produceFrames@1003 (line 672)
  0x00000207245d04bc: 4078 41ff 

  0x00000207245d04c0: ;   {other}
  0x00000207245d04c0: 0f1f 8400 | b02e 0059 | ba97 ffff | ff4c 8b44 | 2428 4c89 | 4424 2048 | 895c 2428 | 4c89 5c24 
  0x00000207245d04e0: 3044 8954 | 2438 4889 | 7c24 4048 | 8974 2448 | 894c 243c 

  0x00000207245d04f4: ;   {runtime_call UncommonTrapBlob}
  0x00000207245d04f4: 6666 90e8 

  0x00000207245d04f8: ; ImmutableOopMap {rbp=Oop [32]=Oop [40]=Oop [56]=NarrowOop [60]=NarrowOop [64]=Oop [72]=Oop }
                      ;*athrow {reexecute=1 rethrow=0 return_oop=0}
                      ; - (reexecute) kotlin.ResultKt::throwOnFailure@14 (line 132)
                      ; - io.github.kdroidfilter.composemediaplayer.windows.WindowsVideoPlayerState::produceFrames@1003 (line 672)
  0x00000207245d04f8: 0478 41ff 

  0x00000207245d04fc: ;   {other}
  0x00000207245d04fc: 0f1f 8400 | ec2e 005a | bade ffff | ff48 8b6c | 2420 4c8b | 5c24 584c | 895c 2450 | 4889 5c24 
  0x00000207245d051c: ;   {runtime_call UncommonTrapBlob}
  0x00000207245d051c: 5866 90e8 

  0x00000207245d0520: ; ImmutableOopMap {rbp=Oop [48]=Oop [56]=Oop [80]=Oop [88]=Oop [120]=NarrowOop [124]=NarrowOop [136]=Oop }
                      ;*invokeinterface trySend-JP2dKIU {reexecute=0 rethrow=0 return_oop=0}
                      ; - io.github.kdroidfilter.composemediaplayer.windows.WindowsVideoPlayerState::produceFrames@1047 (line 748)
  0x00000207245d0520: dc77 41ff 

  0x00000207245d0524: ;   {other}
  0x00000207245d0524: 0f1f 8400 | 142f 005b | ba45 ffff | ff4c 8b5c | 2470 4c89 | 5c24 284c | 8b5c 2450 | 4c89 5c24 
  0x00000207245d0544: 3044 8b5c | 2448 4489 | 5c24 384c | 8b5c 2468 | 4c89 5c24 | 4048 8944 

  0x00000207245d055c: ;   {runtime_call UncommonTrapBlob}
  0x00000207245d055c: 2468 90e8 

  0x00000207245d0560: ; ImmutableOopMap {[32]=Oop [40]=Oop [56]=NarrowOop [64]=Oop [104]=Oop [120]=Oop [128]=NarrowOop }
                      ;*if_acmpne {reexecute=1 rethrow=0 return_oop=0}
                      ; - (reexecute) io.github.kdroidfilter.composemediaplayer.windows.WindowsVideoPlayerState::waitIfResizing@177 (line 1330)
                      ; - io.github.kdroidfilter.composemediaplayer.windows.WindowsVideoPlayerState::produceFrames@503 (line 719)
  0x00000207245d0560: 9c77 41ff 

  0x00000207245d0564: ;   {other}
  0x00000207245d0564: 0f1f 8400 | 542f 005c | 498b d749 | ba30 0c02 | 7afa 7f00 | 0041 ffd2 

  0x00000207245d057c: ;   {other}
  0x00000207245d057c: 0f1f 8400 | 0000 0000 | e98f e9ff | ff49 8bd7 | 49ba 300c | 027a fa7f | 0000 41ff 

  0x00000207245d0598: ;   {other}
  0x00000207245d0598: d20f 1f84 | 0000 0000 | 00e9 fee9 

  0x00000207245d05a4: ;   {metadata('io/github/kdroidfilter/composemediaplayer/windows/WindowsVideoPlayerState$$Lambda+0x000002074446e0a0')}
  0x00000207245d05a4: ffff 48ba | a0e0 4644 | 0702 0000 | 4c89 5c24 

  0x00000207245d05b4: ;   {runtime_call _new_instance_Java}
  0x00000207245d05b4: 3066 90e8 

  0x00000207245d05b8: ; ImmutableOopMap {[32]=Oop [40]=NarrowOop [48]=Oop [64]=Oop [72]=NarrowOop [96]=Oop [104]=Oop [112]=Oop [120]=Oop [128]=NarrowOop }
                      ;*invokevirtual allocateInstance {reexecute=0 rethrow=0 return_oop=1}
                      ; - java.lang.invoke.DirectMethodHandle::allocateInstance@12 (line 501)
                      ; - java.lang.invoke.DirectMethodHandle$Holder::newInvokeSpecial@1
                      ; - java.lang.invoke.Invokers$Holder::linkToTargetMethod@5
                      ; - io.github.kdroidfilter.composemediaplayer.windows.WindowsVideoPlayerState::waitIfResizing@136 (line 1322)
                      ; - io.github.kdroidfilter.composemediaplayer.windows.WindowsVideoPlayerState::produceFrames@503 (line 719)
  0x00000207245d05b8: c4da 4fff 

  0x00000207245d05bc: ;   {other}
  0x00000207245d05bc: 0f1f 8400 | ac2f 005d | e9cf f1ff | ff49 8bd7 | 49ba 300c | 027a fa7f | 0000 41ff 

  0x00000207245d05d8: ;   {other}
  0x00000207245d05d8: d20f 1f84 | 0000 0000 | 00e9 b3e7 | ffff ba45 | ffff ff4c | 8b54 2450 | 4c89 5424 | 2844 8b44 
  0x00000207245d05f8: 2448 4489 | 4424 304c | 8b54 2468 | 4c89 5424 | 3848 8944 

  0x00000207245d060c: ;   {runtime_call UncommonTrapBlob}
  0x00000207245d060c: 2460 90e8 

  0x00000207245d0610: ; ImmutableOopMap {rbp=Oop [32]=Oop [48]=NarrowOop [52]=NarrowOop [56]=Oop [96]=Oop [120]=Oop }
                      ;*if_acmpne {reexecute=1 rethrow=0 return_oop=0}
                      ; - (reexecute) io.github.kdroidfilter.composemediaplayer.windows.WindowsVideoPlayerState::waitIfResizing@207 (line 1331)
                      ; - io.github.kdroidfilter.composemediaplayer.windows.WindowsVideoPlayerState::produceFrames@503 (line 719)
  0x00000207245d0610: ec76 41ff 

  0x00000207245d0614: ;   {other}
  0x00000207245d0614: 0f1f 8400 | 0430 005e | 41ff caba | 45ff ffff | 8b5c 2448 | 895c 2428 | 4c8b 5c24 | 704c 895c 
  0x00000207245d0634: 2430 4c89 | 4424 4848 | 894c 2450 | 4489 4c24 | 2c48 894c | 2458 4889 | 7c24 7048 | 8974 2478 
  0x00000207245d0654: 4889 bc24 | 8000 0000 | 4489 9424 | 8c00 0000 

  0x00000207245d0664: ;   {runtime_call UncommonTrapBlob}
  0x00000207245d0664: 6666 90e8 

  0x00000207245d0668: ; ImmutableOopMap {[32]=Oop [40]=NarrowOop [44]=NarrowOop [48]=Oop [56]=Oop [72]=Oop [80]=Oop [88]=Oop [120]=Oop }
                      ;*tableswitch {reexecute=1 rethrow=0 return_oop=0}
                      ; - (reexecute) androidx.compose.runtime.internal.ThreadMap::find@8 (line 135)
                      ; - androidx.compose.runtime.internal.ThreadMap::get@2 (line 69)
                      ; - androidx.compose.runtime.internal.SnapshotThreadLocal::get@30 (line 45)
                      ; - androidx.compose.runtime.snapshots.SnapshotKt::currentSnapshot@3 (line 1284)
                      ; - androidx.compose.runtime.snapshots.Snapshot$Companion::getCurrent@0 (line 294)
                      ; - androidx.compose.runtime.snapshots.SnapshotKt::readable@3 (line 2122)
                      ; - androidx.compose.runtime.SnapshotMutableStateImpl::getValue@11 (line 142)
                      ; - io.github.kdroidfilter.composemediaplayer.windows.WindowsVideoPlayerState::get_hasMedia@16 (line 1402)
                      ; - io.github.kdroidfilter.composemediaplayer.windows.WindowsVideoPlayerState::produceFrames@144 (line 673)
  0x00000207245d0668: 9476 41ff 

  0x00000207245d066c: ;   {other}
  0x00000207245d066c: 0f1f 8400 | 5c30 005f | baf6 ffff | ff4c 8b54 | 2430 4c89 

  0x00000207245d0680: ;   {runtime_call UncommonTrapBlob}
  0x00000207245d0680: 5424 28e8 

  0x00000207245d0684: ; ImmutableOopMap {rbp=Oop [32]=Oop [72]=NarrowOop [112]=Oop }
                      ;*invokevirtual set {reexecute=0 rethrow=0 return_oop=0}
                      ; - io.github.kdroidfilter.composemediaplayer.windows.WindowsVideoPlayerState::produceFrames@261 (line 686)
  0x00000207245d0684: 7876 41ff 

  0x00000207245d0688: ;   {other}
  0x00000207245d0688: 0f1f 8400 | 7830 0060 | 498b d749 | ba30 0c02 | 7afa 7f00 | 0041 ffd2 

  0x00000207245d06a0: ;   {other}
  0x00000207245d06a0: 0f1f 8400 | 0000 0000 | 4c8b 4424 | 70e9 38ed | ffff baf6 | ffff ff4c | 8954 2428 | 4c8b 5424 
  0x00000207245d06c0: 504c 8954 | 2430 448b | 5424 4844 | 8954 2438 | 4c8b 5424 | 684c 8954 

  0x00000207245d06d8: ;   {runtime_call UncommonTrapBlob}
  0x00000207245d06d8: 2440 90e8 

  0x00000207245d06dc: ; ImmutableOopMap {[32]=Oop [40]=Oop [56]=NarrowOop [64]=Oop [120]=Oop [128]=NarrowOop }
                      ;*invokevirtual set {reexecute=0 rethrow=0 return_oop=0}
                      ; - io.github.kdroidfilter.composemediaplayer.windows.WindowsVideoPlayerState::waitIfResizing@149 (line 1325)
                      ; - io.github.kdroidfilter.composemediaplayer.windows.WindowsVideoPlayerState::produceFrames@503 (line 719)
  0x00000207245d06dc: 2076 41ff 

  0x00000207245d06e0: ;   {other}
  0x00000207245d06e0: 0f1f 8400 | d030 0061 | bade ffff | ff48 8b6c | 2428 4889 | 5c24 204c | 895c 2428 | 4489 5424 
  0x00000207245d0700: 3048 897c | 2438 4489 

  0x00000207245d0708: ;   {runtime_call UncommonTrapBlob}
  0x00000207245d0708: 4c24 34e8 

  0x00000207245d070c: ; ImmutableOopMap {rbp=Oop [32]=Oop [48]=NarrowOop [52]=NarrowOop [56]=Oop }
                      ;*checkcast {reexecute=0 rethrow=0 return_oop=0}
                      ; - io.github.kdroidfilter.composemediaplayer.windows.WindowsVideoPlayerState::produceFrames@1102 (line 672)
  0x00000207245d070c: f075 41ff 

  0x00000207245d0710: ;   {other}
  0x00000207245d0710: 0f1f 8400 | 0031 0062 | bade ffff | ff48 8b6c | 2438 4889 

  0x00000207245d0724: ;   {runtime_call UncommonTrapBlob}
  0x00000207245d0724: 4424 40e8 

  0x00000207245d0728: ; ImmutableOopMap {rbp=Oop [32]=Oop [64]=Oop [72]=NarrowOop [104]=Oop [112]=Oop }
                      ;*checkcast {reexecute=0 rethrow=0 return_oop=0}
                      ; - kotlinx.coroutines.CoroutineScopeKt::isActive@17 (line 158)
                      ; - io.github.kdroidfilter.composemediaplayer.windows.WindowsVideoPlayerState::produceFrames@137 (line 673)
  0x00000207245d0728: d475 41ff 

  0x00000207245d072c: ;   {other}
  0x00000207245d072c: 0f1f 8400 | 1c31 0063 | bade ffff | ff49 8be8 | 4489 5424 

  0x00000207245d0740: ;   {runtime_call UncommonTrapBlob}
  0x00000207245d0740: 2c66 90e8 

  0x00000207245d0744: ; ImmutableOopMap {rbp=Oop [32]=Oop [44]=NarrowOop [72]=NarrowOop [112]=Oop }
                      ;*checkcast {reexecute=0 rethrow=0 return_oop=0}
                      ; - io.github.kdroidfilter.composemediaplayer.windows.WindowsVideoPlayerState::get_hasMedia@4 (line 104)
                      ; - io.github.kdroidfilter.composemediaplayer.windows.WindowsVideoPlayerState::produceFrames@144 (line 673)
  0x00000207245d0744: b875 41ff 

  0x00000207245d0748: ;   {other}
  0x00000207245d0748: 0f1f 8400 | 3831 0064 | bade ffff | ff44 8b5c | 2448 4489 | 5c24 304c | 8944 2440 | 4c89 4424 
  0x00000207245d0768: 5048 894c | 2458 4489 | 4c24 3448 | 894c 2460 | 4889 7c24 

  0x00000207245d077c: ;   {runtime_call UncommonTrapBlob}
  0x00000207245d077c: 6866 90e8 

  0x00000207245d0780: ; ImmutableOopMap {rbp=NarrowOop [32]=Oop [48]=NarrowOop [52]=NarrowOop [64]=Oop [80]=Oop [88]=Oop [96]=Oop [112]=Oop }
                      ;*checkcast {reexecute=0 rethrow=0 return_oop=0}
                      ; - androidx.compose.runtime.internal.SnapshotThreadLocal::get@26 (line 45)
                      ; - androidx.compose.runtime.snapshots.SnapshotKt::currentSnapshot@3 (line 1284)
                      ; - androidx.compose.runtime.snapshots.Snapshot$Companion::getCurrent@0 (line 294)
                      ; - androidx.compose.runtime.snapshots.SnapshotKt::readable@3 (line 2122)
                      ; - androidx.compose.runtime.SnapshotMutableStateImpl::getValue@11 (line 142)
                      ; - io.github.kdroidfilter.composemediaplayer.windows.WindowsVideoPlayerState::get_hasMedia@16 (line 1402)
                      ; - io.github.kdroidfilter.composemediaplayer.windows.WindowsVideoPlayerState::produceFrames@144 (line 673)
  0x00000207245d0780: 7c75 41ff 

  0x00000207245d0784: ;   {other}
  0x00000207245d0784: 0f1f 8400 | 7431 0065 | bade ffff | ff48 8b6c | 2468 448b | 5424 4844 | 8954 2428 | 4c8b 5424 
  0x00000207245d07a4: 784c 8954 | 2440 4c89 

  0x00000207245d07ac: ;   {runtime_call UncommonTrapBlob}
  0x00000207245d07ac: 5c24 58e8 

  0x00000207245d07b0: ; ImmutableOopMap {rbp=Oop [32]=Oop [40]=NarrowOop [64]=Oop [88]=Oop [112]=Oop }
                      ;*checkcast {reexecute=0 rethrow=0 return_oop=0}
                      ; - androidx.compose.runtime.SnapshotMutableStateImpl::getValue@14 (line 142)
                      ; - io.github.kdroidfilter.composemediaplayer.windows.WindowsVideoPlayerState::get_hasMedia@16 (line 1402)
                      ; - io.github.kdroidfilter.composemediaplayer.windows.WindowsVideoPlayerState::produceFrames@144 (line 673)
  0x00000207245d07b0: 4c75 41ff 

  0x00000207245d07b4: ;   {other}
  0x00000207245d07b4: 0f1f 8400 | a431 0066 | bade ffff | ff4c 8b54 | 2468 4c89 | 5424 2844 | 8b5c 2448 | 4489 5c24 
  0x00000207245d07d4: ;   {runtime_call UncommonTrapBlob}
  0x00000207245d07d4: 3066 90e8 

  0x00000207245d07d8: ; ImmutableOopMap {rbp=NarrowOop [32]=Oop [40]=Oop [48]=NarrowOop [112]=Oop [120]=Oop }
                      ;*checkcast {reexecute=0 rethrow=0 return_oop=0}
                      ; - io.github.kdroidfilter.composemediaplayer.windows.WindowsVideoPlayerState::get_hasMedia@21 (line 1402)
                      ; - io.github.kdroidfilter.composemediaplayer.windows.WindowsVideoPlayerState::produceFrames@144 (line 673)
  0x00000207245d07d8: 2475 41ff 

  0x00000207245d07dc: ;   {other}
  0x00000207245d07dc: 0f1f 8400 | cc31 0067 | bade ffff | ff4c 8b54 | 2430 4c89 | 5424 2848 | 8944 2440 

  0x00000207245d07f8: ;   {runtime_call UncommonTrapBlob}
  0x00000207245d07f8: 6666 90e8 

  0x00000207245d07fc: ; ImmutableOopMap {[32]=Oop [56]=Oop [64]=Oop [72]=NarrowOop [104]=Oop }
                      ;*checkcast {reexecute=0 rethrow=0 return_oop=0}
                      ; - io.github.kdroidfilter.composemediaplayer.windows.WindowsVideoPlayerState::produceFrames@427 (line 711)
  0x00000207245d07fc: 0075 41ff 

  0x00000207245d0800: ;   {other}
  0x00000207245d0800: 0f1f 8400 | f031 0068 | bade ffff | ff44 8954 | 2428 4889 | 4c24 3048 | 895c 2440 

  0x00000207245d081c: ;   {runtime_call UncommonTrapBlob}
  0x00000207245d081c: 6666 90e8 

  0x00000207245d0820: ; ImmutableOopMap {rbp=NarrowOop [32]=Oop [40]=NarrowOop [48]=Oop [64]=Oop }
                      ;*checkcast {reexecute=0 rethrow=0 return_oop=0}
                      ; - io.github.kdroidfilter.composemediaplayer.windows.WindowsVideoPlayerState::produceFrames@528 (line 719)
  0x00000207245d0820: dc74 41ff 

  0x00000207245d0824: ;   {other}
  0x00000207245d0824: 0f1f 8400 | 1432 0069 | bade ffff | ff4c 8b54 | 2450 4c89 | 5424 384c | 8b54 2458 | 4c89 5424 
  0x00000207245d0844: ;   {runtime_call UncommonTrapBlob}
  0x00000207245d0844: 5066 90e8 

  0x00000207245d0848: ; ImmutableOopMap {rbp=Oop [32]=Oop [56]=Oop [80]=Oop [120]=NarrowOop [136]=Oop }
                      ;*instanceof {reexecute=0 rethrow=0 return_oop=0}
                      ; - io.github.kdroidfilter.composemediaplayer.windows.WindowsVideoPlayerState::produceFrames@1014 (line 747)
  0x00000207245d0848: b474 41ff 

  0x00000207245d084c: ;   {other}
  0x00000207245d084c: 0f1f 8400 | 3c32 006a | bade ffff | ff48 8b6c | 2428 4889 | 5c24 204c | 895c 2428 | 4489 5424 
  0x00000207245d086c: 3048 897c | 2438 4489 

  0x00000207245d0874: ;   {runtime_call UncommonTrapBlob}
  0x00000207245d0874: 4c24 34e8 

  0x00000207245d0878: ; ImmutableOopMap {rbp=Oop [32]=Oop [48]=NarrowOop [52]=NarrowOop [56]=Oop }
                      ;*checkcast {reexecute=0 rethrow=0 return_oop=0}
                      ; - io.github.kdroidfilter.composemediaplayer.windows.WindowsVideoPlayerState::produceFrames@996 (line 672)
  0x00000207245d0878: 8474 41ff 

  0x00000207245d087c: ;   {other}
  0x00000207245d087c: 0f1f 8400 | 6c32 006b | bade ffff | ff48 8b6c | 2428 4889 | 5c24 204c | 895c 2428 | 4489 5424 
  0x00000207245d089c: 3048 897c | 2438 4489 

  0x00000207245d08a4: ;   {runtime_call UncommonTrapBlob}
  0x00000207245d08a4: 4c24 34e8 

  0x00000207245d08a8: ; ImmutableOopMap {rbp=Oop [32]=Oop [48]=NarrowOop [52]=NarrowOop [56]=Oop }
                      ;*checkcast {reexecute=0 rethrow=0 return_oop=0}
                      ; - io.github.kdroidfilter.composemediaplayer.windows.WindowsVideoPlayerState::produceFrames@921 (line 672)
  0x00000207245d08a8: 5474 41ff 

  0x00000207245d08ac: ;   {other}
  0x00000207245d08ac: 0f1f 8400 | 9c32 006c | baf4 ffff | ff48 8b6c 

  0x00000207245d08bc: ;   {runtime_call UncommonTrapBlob}
  0x00000207245d08bc: 2428 90e8 

  0x00000207245d08c0: ; ImmutableOopMap {rbp=Oop }
                      ;*instanceof {reexecute=0 rethrow=0 return_oop=0}
                      ; - io.github.kdroidfilter.composemediaplayer.windows.WindowsVideoPlayerState::produceFrames@1
  0x00000207245d08c0: 3c74 41ff 

  0x00000207245d08c4: ;   {other}
  0x00000207245d08c4: 0f1f 8400 | b432 006d | 488b d0e9 | 33d4 ffff | 448b 5808 | 49ba 0000 | 0043 0702 | 0000 4d03 
  0x00000207245d08e4: d34d 8b52 

  0x00000207245d08e8: ;   {metadata('java/util/concurrent/CancellationException')}
  0x00000207245d08e8: 5849 bbe8 | 850b 4407 | 0200 004d | 3bd3 0f84 | b0ef ffff | 488b d0e9 | 03d4 ffff | 488b d0e9 
  0x00000207245d0908: fbd3 ffff | 448b 5008 | 49bb 0000 | 0043 0702 | 0000 4d03 | da4d 8b53 

  0x00000207245d0920: ;   {metadata('java/util/concurrent/CancellationException')}
  0x00000207245d0920: 5849 bbe8 | 850b 4407 | 0200 004d | 3bd3 0f84 | 78ef ffff | 488b d0e9 | cbd3 ffff | baf4 ffff 
  0x00000207245d0940: ff48 8b6c | 2428 4889 | 5c24 204c | 895c 2428 | 4489 5424 | 3048 897c 

  0x00000207245d0958: ;   {runtime_call UncommonTrapBlob}
  0x00000207245d0958: 2438 90e8 

  0x00000207245d095c: ; ImmutableOopMap {rbp=Oop [32]=Oop [48]=NarrowOop [56]=Oop }
                      ;*checkcast {reexecute=0 rethrow=0 return_oop=0}
                      ; - io.github.kdroidfilter.composemediaplayer.windows.WindowsVideoPlayerState::produceFrames@921 (line 672)
  0x00000207245d095c: a073 41ff 

  0x00000207245d0960: ;   {other}
  0x00000207245d0960: 0f1f 8400 | 5033 006e | baf4 ffff | ff4c 8b54 | 2430 4c89 

  0x00000207245d0974: ;   {runtime_call UncommonTrapBlob}
  0x00000207245d0974: 5424 28e8 

  0x00000207245d0978: ; ImmutableOopMap {[32]=Oop [56]=Oop [72]=NarrowOop [104]=Oop }
                      ;*checkcast {reexecute=0 rethrow=0 return_oop=0}
                      ; - io.github.kdroidfilter.composemediaplayer.windows.WindowsVideoPlayerState::produceFrames@427 (line 711)
  0x00000207245d0978: 8473 41ff 

  0x00000207245d097c: ;   {other}
  0x00000207245d097c: 0f1f 8400 | 6c33 006f | 488b d0e9 | 7bd3 ffff | 488b d0e9 | 73d3 ffff | baf4 ffff | ff4c 8b54 
  0x00000207245d099c: 2438 4c89 | 5424 2844 | 8b5c 2448 | 4489 5c24 

  0x00000207245d09ac: ;   {runtime_call UncommonTrapBlob}
  0x00000207245d09ac: 3066 90e8 

  0x00000207245d09b0: ; ImmutableOopMap {rbp=Oop [32]=Oop [40]=Oop [48]=NarrowOop [64]=Oop [104]=Oop [112]=Oop }
                      ;*instanceof {reexecute=0 rethrow=0 return_oop=0}
                      ; - kotlin.coroutines.CombinedContext::get@39 (line 124)
                      ; - kotlinx.coroutines.CoroutineScopeKt::isActive@12 (line 158)
                      ; - io.github.kdroidfilter.composemediaplayer.windows.WindowsVideoPlayerState::produceFrames@137 (line 673)
  0x00000207245d09b0: 4c73 41ff 

  0x00000207245d09b4: ;   {other}
  0x00000207245d09b4: 0f1f 8400 | a433 0070 | eb04 eb02 | eb00 488b | d0e9 3dd3 | ffff baf6 | ffff ff49 | 8be9 4489 
  0x00000207245d09d4: ;   {runtime_call UncommonTrapBlob}
  0x00000207245d09d4: 5424 28e8 

  0x00000207245d09d8: ; ImmutableOopMap {rbp=Oop [32]=Oop [40]=NarrowOop [112]=Oop }
                      ;*invokeinterface getCoroutineContext {reexecute=0 rethrow=0 return_oop=0}
                      ; - kotlinx.coroutines.CoroutineScopeKt::isActive@1 (line 158)
                      ; - io.github.kdroidfilter.composemediaplayer.windows.WindowsVideoPlayerState::produceFrames@137 (line 673)
  0x00000207245d09d8: 2473 41ff 

  0x00000207245d09dc: ;   {other}
  0x00000207245d09dc: 0f1f 8400 | cc33 0071 | baf6 ffff | ff49 8be9 | 4489 5424 | 2848 894c 

  0x00000207245d09f4: ;   {runtime_call UncommonTrapBlob}
  0x00000207245d09f4: 2438 90e8 

  0x00000207245d09f8: ; ImmutableOopMap {rbp=Oop [32]=Oop [40]=NarrowOop [56]=Oop [112]=Oop }
                      ;*invokeinterface get {reexecute=0 rethrow=0 return_oop=0}
                      ; - kotlinx.coroutines.CoroutineScopeKt::isActive@12 (line 158)
                      ; - io.github.kdroidfilter.composemediaplayer.windows.WindowsVideoPlayerState::produceFrames@137 (line 673)
  0x00000207245d09f8: 0473 41ff 

  0x00000207245d09fc: ;   {other}
  0x00000207245d09fc: 0f1f 8400 | ec33 0072 | baf4 ffff | ff48 8b6c 

  0x00000207245d0a0c: ;   {runtime_call UncommonTrapBlob}
  0x00000207245d0a0c: 2438 90e8 

  0x00000207245d0a10: ; ImmutableOopMap {rbp=Oop [32]=Oop [72]=NarrowOop [104]=Oop [112]=Oop }
                      ;*checkcast {reexecute=0 rethrow=0 return_oop=0}
                      ; - kotlinx.coroutines.CoroutineScopeKt::isActive@17 (line 158)
                      ; - io.github.kdroidfilter.composemediaplayer.windows.WindowsVideoPlayerState::produceFrames@137 (line 673)
  0x00000207245d0a10: ec72 41ff 

  0x00000207245d0a14: ;   {other}
  0x00000207245d0a14: 0f1f 8400 | 0434 0073 | baf4 ffff | ff48 8b6c | 2438 4c89 

  0x00000207245d0a28: ;   {runtime_call UncommonTrapBlob}
  0x00000207245d0a28: 5424 40e8 

  0x00000207245d0a2c: ; ImmutableOopMap {rbp=Oop [32]=Oop [64]=Oop [72]=NarrowOop [104]=Oop [112]=Oop }
                      ;*instanceof {reexecute=0 rethrow=0 return_oop=0}
                      ; - kotlinx.coroutines.JobSupport::isActive@6 (line 176)
                      ; - kotlinx.coroutines.CoroutineScopeKt::isActive@24 (line 158)
                      ; - io.github.kdroidfilter.composemediaplayer.windows.WindowsVideoPlayerState::produceFrames@137 (line 673)
  0x00000207245d0a2c: d072 41ff 

  0x00000207245d0a30: ;   {other}
  0x00000207245d0a30: 0f1f 8400 | 2034 0074 | baf4 ffff | ff49 8be8 

  0x00000207245d0a40: ;   {runtime_call UncommonTrapBlob}
  0x00000207245d0a40: 6666 90e8 

  0x00000207245d0a44: ; ImmutableOopMap {rbp=Oop [32]=Oop [72]=NarrowOop [112]=Oop }
                      ;*checkcast {reexecute=0 rethrow=0 return_oop=0}
                      ; - io.github.kdroidfilter.composemediaplayer.windows.WindowsVideoPlayerState::get_hasMedia@4 (line 104)
                      ; - io.github.kdroidfilter.composemediaplayer.windows.WindowsVideoPlayerState::produceFrames@144 (line 673)
  0x00000207245d0a44: b872 41ff 

  0x00000207245d0a48: ;   {other}
  0x00000207245d0a48: 0f1f 8400 | 3834 0075 | baf6 ffff | ff44 8b5c | 2448 4489 | 5c24 284c | 8944 2448 | 4889 4c24 
  0x00000207245d0a68: 5044 894c | 242c 4889 | 4c24 5848 | 897c 2460 

  0x00000207245d0a78: ;   {runtime_call UncommonTrapBlob}
  0x00000207245d0a78: 6666 90e8 

  0x00000207245d0a7c: ; ImmutableOopMap {[32]=Oop [40]=NarrowOop [44]=NarrowOop [56]=Oop [72]=Oop [80]=Oop [88]=Oop [112]=Oop }
                      ;*invokevirtual get {reexecute=0 rethrow=0 return_oop=0}
                      ; - androidx.compose.runtime.internal.SnapshotThreadLocal::get@23 (line 45)
                      ; - androidx.compose.runtime.snapshots.SnapshotKt::currentSnapshot@3 (line 1284)
                      ; - androidx.compose.runtime.snapshots.Snapshot$Companion::getCurrent@0 (line 294)
                      ; - androidx.compose.runtime.snapshots.SnapshotKt::readable@3 (line 2122)
                      ; - androidx.compose.runtime.SnapshotMutableStateImpl::getValue@11 (line 142)
                      ; - io.github.kdroidfilter.composemediaplayer.windows.WindowsVideoPlayerState::get_hasMedia@16 (line 1402)
                      ; - io.github.kdroidfilter.composemediaplayer.windows.WindowsVideoPlayerState::produceFrames@144 (line 673)
  0x00000207245d0a7c: 8072 41ff 

  0x00000207245d0a80: ;   {other}
  0x00000207245d0a80: 0f1f 8400 | 7034 0076 | baf4 ffff | ff44 8b54 | 2448 4489 | 5424 284c | 8944 2448 | 4889 4c24 
  0x00000207245d0aa0: 5044 894c | 242c 4889 | 4c24 5848 | 897c 2460 

  0x00000207245d0ab0: ;   {runtime_call UncommonTrapBlob}
  0x00000207245d0ab0: 6666 90e8 

  0x00000207245d0ab4: ; ImmutableOopMap {[32]=Oop [40]=NarrowOop [44]=NarrowOop [56]=Oop [72]=Oop [80]=Oop [88]=Oop [112]=Oop }
                      ;*checkcast {reexecute=0 rethrow=0 return_oop=0}
                      ; - androidx.compose.runtime.internal.SnapshotThreadLocal::get@26 (line 45)
                      ; - androidx.compose.runtime.snapshots.SnapshotKt::currentSnapshot@3 (line 1284)
                      ; - androidx.compose.runtime.snapshots.Snapshot$Companion::getCurrent@0 (line 294)
                      ; - androidx.compose.runtime.snapshots.SnapshotKt::readable@3 (line 2122)
                      ; - androidx.compose.runtime.SnapshotMutableStateImpl::getValue@11 (line 142)
                      ; - io.github.kdroidfilter.composemediaplayer.windows.WindowsVideoPlayerState::get_hasMedia@16 (line 1402)
                      ; - io.github.kdroidfilter.composemediaplayer.windows.WindowsVideoPlayerState::produceFrames@144 (line 673)
  0x00000207245d0ab4: 4872 41ff 

  0x00000207245d0ab8: ;   {other}
  0x00000207245d0ab8: 0f1f 8400 | a834 0077 | baf4 ffff | ff48 8b6c | 2468 448b | 5c24 4844 | 895c 2428 

  0x00000207245d0ad4: ;   {runtime_call UncommonTrapBlob}
  0x00000207245d0ad4: 6666 90e8 

  0x00000207245d0ad8: ; ImmutableOopMap {rbp=Oop [32]=Oop [40]=NarrowOop [112]=Oop [120]=Oop }
                      ;*checkcast {reexecute=0 rethrow=0 return_oop=0}
                      ; - io.github.kdroidfilter.composemediaplayer.windows.WindowsVideoPlayerState::get_hasMedia@21 (line 1402)
                      ; - io.github.kdroidfilter.composemediaplayer.windows.WindowsVideoPlayerState::produceFrames@144 (line 673)
  0x00000207245d0ad8: 2472 41ff 

  0x00000207245d0adc: ;   {other}
  0x00000207245d0adc: 0f1f 8400 | cc34 0078 | baf6 ffff | ff49 8be8 

  0x00000207245d0aec: ;   {runtime_call UncommonTrapBlob}
  0x00000207245d0aec: 6666 90e8 

  0x00000207245d0af0: ; ImmutableOopMap {rbp=Oop [32]=Oop [72]=NarrowOop [112]=Oop }
                      ;*invokevirtual get {reexecute=0 rethrow=0 return_oop=0}
                      ; - io.github.kdroidfilter.composemediaplayer.windows.WindowsVideoPlayerState::produceFrames@154 (line 673)
  0x00000207245d0af0: 0c72 41ff 

  0x00000207245d0af4: ;   {other}
  0x00000207245d0af4: 0f1f 8400 | e434 0079 | 448b da41 | ffcb baf6 | ffff ff8b | 5c24 4889 | 5c24 284c | 8b54 2470 
  0x00000207245d0b14: 4c89 5424 | 304c 8944 | 2448 4889 | 4c24 5089 | 7424 2c48 | 894c 2458 | 4c89 4c24 | 7048 8944 
  0x00000207245d0b34: 2478 4c89 | 8c24 8000 | 0000 4489 | 9c24 8800 

  0x00000207245d0b44: ;   {runtime_call UncommonTrapBlob}
  0x00000207245d0b44: 0000 90e8 

  0x00000207245d0b48: ; ImmutableOopMap {[32]=Oop [40]=NarrowOop [44]=NarrowOop [48]=Oop [56]=Oop [72]=Oop [80]=Oop [88]=Oop [120]=Oop }
                      ;*laload {reexecute=0 rethrow=0 return_oop=0}
                      ; - androidx.compose.runtime.internal.ThreadMap::find@39 (line 137)
                      ; - androidx.compose.runtime.internal.ThreadMap::get@2 (line 69)
                      ; - androidx.compose.runtime.internal.SnapshotThreadLocal::get@30 (line 45)
                      ; - androidx.compose.runtime.snapshots.SnapshotKt::currentSnapshot@3 (line 1284)
                      ; - androidx.compose.runtime.snapshots.Snapshot$Companion::getCurrent@0 (line 294)
                      ; - androidx.compose.runtime.snapshots.SnapshotKt::readable@3 (line 2122)
                      ; - androidx.compose.runtime.SnapshotMutableStateImpl::getValue@11 (line 142)
                      ; - io.github.kdroidfilter.composemediaplayer.windows.WindowsVideoPlayerState::get_hasMedia@16 (line 1402)
                      ; - io.github.kdroidfilter.composemediaplayer.windows.WindowsVideoPlayerState::produceFrames@144 (line 673)
  0x00000207245d0b48: b471 41ff 

  0x00000207245d0b4c: ;   {other}
  0x00000207245d0b4c: 0f1f 8400 | 3c35 007a | baf6 ffff | ff44 8b5c | 2448 4489 | 5c24 284c | 8b54 2470 | 4c89 5424 
  0x00000207245d0b6c: 304c 8944 | 2448 4889 | 4424 5044 | 896c 242c | 4889 4424 | 5848 8974 | 2468 4889 | 7c24 7044 
  0x00000207245d0b8c: 8974 247c 

  0x00000207245d0b90: ;   {runtime_call UncommonTrapBlob}
  0x00000207245d0b90: 6666 90e8 

  0x00000207245d0b94: ; ImmutableOopMap {[32]=Oop [40]=NarrowOop [44]=NarrowOop [48]=Oop [56]=Oop [72]=Oop [80]=Oop [88]=Oop [104]=Oop }
                      ;*aaload {reexecute=0 rethrow=0 return_oop=0}
                      ; - androidx.compose.runtime.internal.ThreadMap::get@15 (line 70)
                      ; - androidx.compose.runtime.internal.SnapshotThreadLocal::get@30 (line 45)
                      ; - androidx.compose.runtime.snapshots.SnapshotKt::currentSnapshot@3 (line 1284)
                      ; - androidx.compose.runtime.snapshots.Snapshot$Companion::getCurrent@0 (line 294)
                      ; - androidx.compose.runtime.snapshots.SnapshotKt::readable@3 (line 2122)
                      ; - androidx.compose.runtime.SnapshotMutableStateImpl::getValue@11 (line 142)
                      ; - io.github.kdroidfilter.composemediaplayer.windows.WindowsVideoPlayerState::get_hasMedia@16 (line 1402)
                      ; - io.github.kdroidfilter.composemediaplayer.windows.WindowsVideoPlayerState::produceFrames@144 (line 673)
  0x00000207245d0b94: 6871 41ff 

  0x00000207245d0b98: ;   {other}
  0x00000207245d0b98: 0f1f 8400 | 8835 007b | ba45 ffff | ff48 8b6c | 2468 8b4c | 2448 894c | 2428 4c8b | 4424 704c 
  0x00000207245d0bb8: 8944 2430 | 4c8b 4424 | 784c 8944 | 2440 4c8b | 8424 8000 | 0000 4c89 | 4424 6044 | 8954 2468 
  0x00000207245d0bd8: 4c8b 9424 | 8800 0000 | 4c89 5424 | 704c 894c | 2478 4c89 | 9c24 8800 

  0x00000207245d0bf0: ;   {runtime_call UncommonTrapBlob}
  0x00000207245d0bf0: 0000 90e8 

  0x00000207245d0bf4: ; ImmutableOopMap {rbp=Oop [32]=Oop [40]=NarrowOop [48]=Oop [64]=Oop [96]=Oop [104]=NarrowOop [120]=Oop [136]=Oop }
                      ;*ifnull {reexecute=1 rethrow=0 return_oop=0}
                      ; - (reexecute) androidx.compose.runtime.snapshots.SnapshotKt::readable@79 (line 2110)
                      ; - androidx.compose.runtime.snapshots.SnapshotKt::readable@35 (line 2124)
                      ; - androidx.compose.runtime.SnapshotMutableStateImpl::getValue@11 (line 142)
                      ; - io.github.kdroidfilter.composemediaplayer.windows.WindowsVideoPlayerState::get_hasMedia@16 (line 1402)
                      ; - io.github.kdroidfilter.composemediaplayer.windows.WindowsVideoPlayerState::produceFrames@144 (line 673)
  0x00000207245d0bf4: 0871 41ff 

  0x00000207245d0bf8: ;   {other}
  0x00000207245d0bf8: 0f1f 8400 | e835 007c | baf6 ffff | ff48 8b6c | 2470 4c8b | 5424 504c | 8954 2428 | 448b 5c24 
  0x00000207245d0c18: 4844 895c | 2430 4c8b | 5424 684c | 8954 2438 | 4489 4424 | 3448 894c 

  0x00000207245d0c30: ;   {runtime_call UncommonTrapBlob}
  0x00000207245d0c30: 2458 90e8 

  0x00000207245d0c34: ; ImmutableOopMap {rbp=Oop [32]=Oop [48]=NarrowOop [52]=NarrowOop [56]=Oop [88]=Oop [120]=Oop }
                      ;*athrow {reexecute=1 rethrow=0 return_oop=0}
                      ; - (reexecute) kotlin.ResultKt::throwOnFailure@14 (line 132)
                      ; - io.github.kdroidfilter.composemediaplayer.windows.WindowsVideoPlayerState::waitIfResizing@215 (line 1318)
                      ; - io.github.kdroidfilter.composemediaplayer.windows.WindowsVideoPlayerState::produceFrames@503 (line 719)
  0x00000207245d0c34: c870 41ff 

  0x00000207245d0c38: ;   {other}
  0x00000207245d0c38: 0f1f 8400 | 2836 007d | baf4 ffff | ff48 8b6c | 2420 4489 | 5424 2048 | 894c 2428 | 4889 5c24 
  0x00000207245d0c58: ;   {runtime_call UncommonTrapBlob}
  0x00000207245d0c58: 3866 90e8 

  0x00000207245d0c5c: ; ImmutableOopMap {rbp=Oop [32]=NarrowOop [40]=Oop [56]=Oop }
                      ;*checkcast {reexecute=0 rethrow=0 return_oop=0}
                      ; - io.github.kdroidfilter.composemediaplayer.windows.WindowsVideoPlayerState::produceFrames@528 (line 719)
  0x00000207245d0c5c: a070 41ff 

  0x00000207245d0c60: ;   {other}
  0x00000207245d0c60: 0f1f 8400 | 5036 007e | baf6 ffff | ff48 8b6c | 2420 4489 | 5424 2048 | 894c 2428 | 4889 5c24 
  0x00000207245d0c80: ;   {runtime_call UncommonTrapBlob}
  0x00000207245d0c80: 3866 90e8 

  0x00000207245d0c84: ; ImmutableOopMap {rbp=Oop [32]=NarrowOop [40]=Oop [56]=Oop }
                      ;*invokevirtual get {reexecute=0 rethrow=0 return_oop=0}
                      ; - io.github.kdroidfilter.composemediaplayer.windows.WindowsVideoPlayerState::produceFrames@544 (line 725)
  0x00000207245d0c84: 7870 41ff 

  0x00000207245d0c88: ;   {other}
  0x00000207245d0c88: 0f1f 8400 | 7836 007f | baf6 ffff | ff48 8b6c | 2420 4489 | 5424 2048 | 897c 2428 | 4c89 4c24 
  0x00000207245d0ca8: ;   {runtime_call UncommonTrapBlob}
  0x00000207245d0ca8: 4066 90e8 

  0x00000207245d0cac: ; ImmutableOopMap {rbp=Oop [32]=NarrowOop [40]=Oop [64]=Oop }
                      ;*invokeinterface lock {reexecute=0 rethrow=0 return_oop=0}
                      ; - io.github.kdroidfilter.composemediaplayer.windows.WindowsVideoPlayerState::produceFrames@642 (line 1455)
  0x00000207245d0cac: 5070 41ff 

  0x00000207245d0cb0: ;   {other}
  0x00000207245d0cb0: 0f1f 8400 | a036 0080 | 448b 5008 | 49bb 0000 | 0043 0702 | 0000 4d03 | da4d 8b53 

  0x00000207245d0ccc: ;   {metadata('java/util/concurrent/CancellationException')}
  0x00000207245d0ccc: 5849 bbe8 | 850b 4407 | 0200 004d | 3bd3 7510 | 488b d044 | 8b8c 2480 | 0000 00e9 | 4ada ffff 
  0x00000207245d0cec: 488b d0e9 | 13d0 ffff | baf6 ffff | ff4c 8b54 | 2450 4c89 | 5424 2844 | 8b5c 2448 | 4489 5c24 
  0x00000207245d0d0c: 304c 8b54 | 2468 4c89 

  0x00000207245d0d14: ;   {runtime_call UncommonTrapBlob}
  0x00000207245d0d14: 5424 38e8 

  0x00000207245d0d18: ; ImmutableOopMap {rbp=Oop [32]=Oop [48]=NarrowOop [56]=Oop [120]=Oop [128]=NarrowOop }
                      ;*invokevirtual get {reexecute=0 rethrow=0 return_oop=0}
                      ; - io.github.kdroidfilter.composemediaplayer.windows.WindowsVideoPlayerState::waitIfResizing@104 (line 1319)
                      ; - io.github.kdroidfilter.composemediaplayer.windows.WindowsVideoPlayerState::produceFrames@503 (line 719)
  0x00000207245d0d18: e46f 41ff 

  0x00000207245d0d1c: ;   {other}
  0x00000207245d0d1c: 0f1f 8400 | 0c37 0081 | 488b d0e9 | dbcf ffff | 488b d0e9 | d3cf ffff | 488b d0e9 | cbcf ffff 
  0x00000207245d0d3c: 488b d0e9 | c3cf ffff | baf4 ffff | ff48 8b6c | 2428 4889 | 5c24 204c | 895c 2428 | 4489 5424 
  0x00000207245d0d5c: 3048 897c 

  0x00000207245d0d60: ;   {runtime_call UncommonTrapBlob}
  0x00000207245d0d60: 2438 90e8 

  0x00000207245d0d64: ; ImmutableOopMap {rbp=Oop [32]=Oop [48]=NarrowOop [56]=Oop }
                      ;*checkcast {reexecute=0 rethrow=0 return_oop=0}
                      ; - io.github.kdroidfilter.composemediaplayer.windows.WindowsVideoPlayerState::produceFrames@1102 (line 672)
  0x00000207245d0d64: 986f 41ff 

  0x00000207245d0d68: ;   {other}
  0x00000207245d0d68: 0f1f 8400 | 5837 0082 | 488b d0e9 | 8fcf ffff | 488b d0e9 | 87cf ffff | 448b 5808 | 49ba 0000 
  0x00000207245d0d88: 0043 0702 | 0000 4d03 | d34d 8b52 

  0x00000207245d0d94: ;   {metadata('java/util/concurrent/CancellationException')}
  0x00000207245d0d94: 5849 bbe8 | 850b 4407 | 0200 004d | 3bd3 750d | 488b d044 | 8b4c 2434 | e985 d9ff | ff48 8bd0 
  0x00000207245d0db4: e94e cfff | ffba f6ff | ffff 488b | 6c24 704c | 8b54 2450 | 4c89 5424 | 2844 8b54 | 2448 4489 
  0x00000207245d0dd4: 5424 304c | 8b54 2468 | 4c89 5424 | 3844 894c | 2434 4c89 

  0x00000207245d0de8: ;   {runtime_call UncommonTrapBlob}
  0x00000207245d0de8: 4424 58e8 

  0x00000207245d0dec: ; ImmutableOopMap {rbp=Oop [32]=Oop [48]=NarrowOop [52]=NarrowOop [56]=Oop [88]=Oop [120]=Oop }
                      ;*athrow {reexecute=1 rethrow=0 return_oop=0}
                      ; - (reexecute) kotlin.ResultKt::throwOnFailure@14 (line 132)
                      ; - io.github.kdroidfilter.composemediaplayer.windows.WindowsVideoPlayerState::waitIfResizing@185 (line 1318)
                      ; - io.github.kdroidfilter.composemediaplayer.windows.WindowsVideoPlayerState::produceFrames@503 (line 719)
  0x00000207245d0dec: 106f 41ff 

  0x00000207245d0df0: ;   {other}
  0x00000207245d0df0: 0f1f 8400 | e037 0083 | baf4 ffff | ff48 8b6c | 2428 4889 | 5c24 204c | 895c 2428 | 4489 5424 
  0x00000207245d0e10: 3048 897c 

  0x00000207245d0e14: ;   {runtime_call UncommonTrapBlob}
  0x00000207245d0e14: 2438 90e8 

  0x00000207245d0e18: ; ImmutableOopMap {rbp=Oop [32]=Oop [48]=NarrowOop [56]=Oop }
                      ;*checkcast {reexecute=0 rethrow=0 return_oop=0}
                      ; - io.github.kdroidfilter.composemediaplayer.windows.WindowsVideoPlayerState::produceFrames@996 (line 672)
  0x00000207245d0e18: e46e 41ff 

  0x00000207245d0e1c: ;   {other}
  0x00000207245d0e1c: 0f1f 8400 | 0c38 0084 | baf4 ffff | ff48 8b6c 

  0x00000207245d0e2c: ;   {runtime_call UncommonTrapBlob}
  0x00000207245d0e2c: 2420 90e8 

  0x00000207245d0e30: ; ImmutableOopMap {rbp=Oop [80]=Oop [88]=Oop [120]=NarrowOop [136]=Oop }
                      ;*instanceof {reexecute=0 rethrow=0 return_oop=0}
                      ; - io.github.kdroidfilter.composemediaplayer.windows.WindowsVideoPlayerState::produceFrames@1014 (line 747)
  0x00000207245d0e30: cc6e 41ff 

  0x00000207245d0e34: ;   {other}
  0x00000207245d0e34: 0f1f 8400 | 2438 0085 | baf6 ffff | ff48 8b6c | 2420 4c8b | 5424 584c | 8954 2450 | 4889 5c24 
  0x00000207245d0e54: ;   {runtime_call UncommonTrapBlob}
  0x00000207245d0e54: 5866 90e8 

  0x00000207245d0e58: ; ImmutableOopMap {rbp=Oop [48]=Oop [56]=Oop [80]=Oop [88]=Oop [120]=NarrowOop [136]=Oop }
                      ;*invokeinterface trySend-JP2dKIU {reexecute=0 rethrow=0 return_oop=0}
                      ; - io.github.kdroidfilter.composemediaplayer.windows.WindowsVideoPlayerState::produceFrames@1047 (line 748)
  0x00000207245d0e58: a46e 41ff 

  0x00000207245d0e5c: ;   {other}
  0x00000207245d0e5c: 0f1f 8400 | 4c38 0086 | eb06 eb04 | eb02 eb00 | 488b d0e9 | 93ce ffff | 488b d0e9 | 8bce ffff 
  0x00000207245d0e7c: 488b d0e9 | 83ce ffff | 488b d0e9 | 7bce ffff | 488b d0e9 | 73ce ffff | 448b 5808 | 49ba 0000 
  0x00000207245d0e9c: 0043 0702 | 0000 4d03 | d34d 8b52 

  0x00000207245d0ea8: ;   {metadata('java/lang/Exception')}
  0x00000207245d0ea8: 4049 bbb8 | c000 4307 | 0200 004d | 3bd3 0f85 | dc00 0000 | 4889 4424 | 60e9 8700 | 0000 448b 
  0x00000207245d0ec8: 5008 49bb | 0000 0043 | 0702 0000 | 4d03 da4d 

  0x00000207245d0ed8: ;   {metadata('java/lang/Exception')}
  0x00000207245d0ed8: 8b53 4049 | bbb8 c000 | 4307 0200 | 004d 3bd3 | 0f85 b200 | 0000 4889 | 4424 60eb | 5844 8b58 
  0x00000207245d0ef8: 0849 ba00 | 0000 4307 | 0200 004d | 03d3 4d8b 

  0x00000207245d0f08: ;   {metadata('java/lang/Exception')}
  0x00000207245d0f08: 5240 49bb | b8c0 0043 | 0702 0000 | 4d3b d30f | 858b 0000 | 0048 8944 | 2460 eb29 | 448b 5808 
  0x00000207245d0f28: 49ba 0000 | 0043 0702 | 0000 4d03 | d34d 8b52 

  0x00000207245d0f38: ;   {metadata('java/lang/Exception')}
  0x00000207245d0f38: 4049 bbb8 | c000 4307 | 0200 004d | 3bd3 7568 | 4889 4424 | 6048 8b54 | 2460 6666 | 9048 b8ff 
  0x00000207245d0f58: ffff ffff 

  0x00000207245d0f5c: ;   {virtual_call}
  0x00000207245d0f5c: ffff ffe8 

  0x00000207245d0f60: ; ImmutableOopMap {rbp=Oop [32]=Oop [72]=NarrowOop [96]=Oop [112]=Oop }
                      ;*invokevirtual getMessage {reexecute=0 rethrow=0 return_oop=1}
                      ; - io.github.kdroidfilter.composemediaplayer.windows.WindowsVideoPlayerState::produceFrames@312 (line 692)
  0x00000207245d0f60: 1ce4 40ff 

  0x00000207245d0f64: ;   {other}
  0x00000207245d0f64: 0f1f 8400 | 5439 0087 | baad ffff | ff4c 8b54 | 2430 4c89 | 5424 2844 | 8b54 2448 | 4489 5424 
  0x00000207245d0f84: 3048 8944 

  0x00000207245d0f88: ;   {runtime_call UncommonTrapBlob}
  0x00000207245d0f88: 2450 90e8 

  0x00000207245d0f8c: ; ImmutableOopMap {rbp=Oop [32]=Oop [48]=NarrowOop [80]=Oop [96]=Oop [112]=Oop }
                      ;*invokedynamic {reexecute=0 rethrow=0 return_oop=0}
                      ; - io.github.kdroidfilter.composemediaplayer.windows.WindowsVideoPlayerState::produceFrames@315 (line 692)
  0x00000207245d0f8c: 706d 41ff 

  0x00000207245d0f90: ;   {other}
  0x00000207245d0f90: 0f1f 8400 | 8039 0088 | 488b d0e9 | 67cd ffff | 488b d0e9 | 5fcd ffff | 488b d0e9 | 57cd ffff 
  0x00000207245d0fb0: 488b d0e9 | 4fcd ffff | 488b d0e9 | 47cd ffff | 488b d0e9 | 3fcd ffff | 488b d0e9 | 37cd ffff 
  0x00000207245d0fd0: 488b d0e9 | 2fcd ffff | 488b d0e9 | 27cd ffff | 488b d0e9 | 1fcd ffff | 488b d0e9 | 17cd ffff 
  0x00000207245d0ff0: 488b d0e9 | 0fcd ffff | 488b d0e9 | 07cd ffff | 488b d0e9 | ffcc ffff | 488b d0e9 | f7cc ffff 
  0x00000207245d1010: 488b d0e9 | efcc ffff | 488b d0e9 | e7cc ffff | 488b d0e9 | dfcc ffff | 488b d0e9 | d7cc ffff 
  0x00000207245d1030: 498b d749 | ba30 0c02 | 7afa 7f00 | 0041 ffd2 

  0x00000207245d1040: ;   {other}
  0x00000207245d1040: 0f1f 8400 | 0000 0000 | e93b 0100 | 0044 8b50 | 0849 bb00 | 0000 4307 | 0200 004d | 03da 4d8b 
  0x00000207245d1060: ;   {metadata('java/util/concurrent/CancellationException')}
  0x00000207245d1060: 5358 49b8 | e885 0b44 | 0702 0000 | 4d3b d00f | 8437 e8ff | ff4d 8b53 

  0x00000207245d1078: ;   {metadata('java/lang/Exception')}
  0x00000207245d1078: 4049 bbb8 | c000 4307 | 0200 004d | 3bd3 0f85 | 8802 0000 | 4889 4424 | 60eb 7d48 | 8944 2430 
  0x00000207245d1098: 488b 5424 | 604c 8b84 | 2488 0000 

  0x00000207245d10a4: ;   {optimized virtual_call}
  0x00000207245d10a4: 0066 90e8 

  0x00000207245d10a8: ; ImmutableOopMap {[32]=Oop [48]=Oop [80]=Oop [88]=Oop [96]=Oop [104]=Oop [120]=NarrowOop }
                      ;*invokeinterface unlock {reexecute=0 rethrow=0 return_oop=0}
                      ; - io.github.kdroidfilter.composemediaplayer.windows.WindowsVideoPlayerState::produceFrames@720 (line 1459)
  0x00000207245d10a8: d4dd 40ff 

  0x00000207245d10ac: ;   {other}
  0x00000207245d10ac: 0f1f 8400 | 9c3a 0089 | 458b 97e4 | 0500 0045 | 85d2 0f85 | 2e02 0000 | 4c8b 4424 | 3045 8b50 
  0x00000207245d10cc: 0849 bb00 | 0000 4307 | 0200 004d | 03da 4d8b 

  0x00000207245d10dc: ;   {metadata('java/util/concurrent/CancellationException')}
  0x00000207245d10dc: 5358 49b9 | e885 0b44 | 0702 0000 | 4d3b d10f | 84bb e7ff | ff4d 8b53 

  0x00000207245d10f4: ;   {metadata('java/lang/Exception')}
  0x00000207245d10f4: 4049 bbb8 | c000 4307 | 0200 004d | 3bd3 0f85 | 1201 0000 | 4d8b d04c | 8954 2460 | 4c8b 5424 
  0x00000207245d1114: 5045 8b52 | 4c49 8bd2 | 48c1 e203 

  0x00000207245d1120: ;   {static_call}
  0x00000207245d1120: 6666 90e8 

  0x00000207245d1124: ; ImmutableOopMap {[32]=Oop [80]=Oop [88]=Oop [96]=Oop [104]=Oop [120]=NarrowOop }
                      ;*invokestatic isActive {reexecute=0 rethrow=0 return_oop=0}
                      ; - io.github.kdroidfilter.composemediaplayer.windows.WindowsVideoPlayerState::produceFrames@747 (line 737)
  0x00000207245d1124: 58e7 40ff 

  0x00000207245d1128: ;   {other}
  0x00000207245d1128: 0f1f 8400 | 183b 008a | 85c0 7444 | 488b 5424 

  0x00000207245d1138: ;   {optimized virtual_call}
  0x00000207245d1138: 5066 90e8 

  0x00000207245d113c: ; ImmutableOopMap {[32]=Oop [80]=Oop [88]=Oop [96]=Oop [104]=Oop [120]=NarrowOop }
                      ;*invokespecial get_hasMedia {reexecute=0 rethrow=0 return_oop=0}
                      ; - io.github.kdroidfilter.composemediaplayer.windows.WindowsVideoPlayerState::produceFrames@754 (line 737)
  0x00000207245d113c: 40dd 40ff 

  0x00000207245d1140: ;   {other}
  0x00000207245d1140: 0f1f 8400 | 303b 008b | 85c0 742c | 4c8b 5c24 | 5045 8b53 | 5c45 85d2 | 0f84 be01 | 0000 4b8d 
  0x00000207245d1160: ;   {optimized virtual_call}
  0x00000207245d1160: 14d4 90e8 

  0x00000207245d1164: ; ImmutableOopMap {[32]=Oop [80]=Oop [88]=Oop [96]=Oop [104]=Oop [120]=NarrowOop }
                      ;*invokevirtual get {reexecute=0 rethrow=0 return_oop=0}
                      ; - io.github.kdroidfilter.composemediaplayer.windows.WindowsVideoPlayerState::produceFrames@764 (line 737)
  0x00000207245d1164: 18dd 40ff 

  0x00000207245d1168: ;   {other}
  0x00000207245d1168: 0f1f 8400 | 583b 008c | 85c0 0f84 | aa00 0000 | 4180 7f40 | 000f 85e5 | 0000 0048 | 8b5c 2458 
  0x00000207245d1188: 488b 7c24 | 604c 8bdf | 49c1 eb03 | 4489 5b28 | 4c8b d74c | 8bdb 4d33 | d349 c1ea | 174d 85d2 
  0x00000207245d11a8: 741a 49c1 | eb09 48b9 | 0000 212c | 0702 0000 | 4903 cb80 | 3902 0f85 | e000 0000 | 488b 6c24 
  0x00000207245d11c8: 604c 8b94 | 2498 0000 | 004c 8953 | 18c7 4324 | 0700 0000 | 4889 5c24 | 58ba 6400 | 0000 4c8b 
  0x00000207245d11e8: ;   {static_call}
  0x00000207245d11e8: c366 90e8 

  0x00000207245d11ec: ; ImmutableOopMap {rbp=Oop [32]=Oop [80]=Oop [88]=Oop [96]=Oop [104]=Oop [120]=NarrowOop }
                      ;*invokestatic delay {reexecute=0 rethrow=0 return_oop=1}
                      ; - io.github.kdroidfilter.composemediaplayer.windows.WindowsVideoPlayerState::produceFrames@812 (line 740)
  0x00000207245d11ec: 90e6 40ff 

  0x00000207245d11f0: ;   {other}
  0x00000207245d11f0: 0f1f 8400 | e03b 008d | 4c8b 5424 | 684c 8954 | 2460 493b | c20f 84df | d8ff ff48 | 89ac 2488 
  0x00000207245d1210: 0000 0033 | ede9 f5d7 | ffff 498b | d0e9 e5ca | ffff 488b | 5424 6066 | 9048 b8ff | ffff ffff 
  0x00000207245d1230: ;   {virtual_call}
  0x00000207245d1230: ffff ffe8 

  0x00000207245d1234: ; ImmutableOopMap {[32]=Oop [80]=Oop [88]=Oop [96]=Oop [120]=NarrowOop }
                      ;*invokevirtual getMessage {reexecute=0 rethrow=0 return_oop=1}
                      ; - io.github.kdroidfilter.composemediaplayer.windows.WindowsVideoPlayerState::produceFrames@773 (line 738)
  0x00000207245d1234: 48e1 40ff 

  0x00000207245d1238: ;   {other}
  0x00000207245d1238: 0f1f 8400 | 283c 008e | baad ffff | ff48 8b6c | 2420 4c8b | 5c24 504c | 895c 2448 | 4889 4424 
  0x00000207245d1258: ;   {runtime_call UncommonTrapBlob}
  0x00000207245d1258: 5066 90e8 

  0x00000207245d125c: ; ImmutableOopMap {rbp=Oop [72]=Oop [80]=Oop [88]=Oop [96]=Oop [120]=NarrowOop }
                      ;*invokedynamic {reexecute=0 rethrow=0 return_oop=0}
                      ; - io.github.kdroidfilter.composemediaplayer.windows.WindowsVideoPlayerState::produceFrames@776 (line 738)
  0x00000207245d125c: a06a 41ff 

  0x00000207245d1260: ;   {other}
  0x00000207245d1260: 0f1f 8400 | 503c 008f | 488b 5c24 | 5844 8b53 | 2845 85d2 | 0f84 0eff | ffff 4d8b | 5f28 498b 
  0x00000207245d1280: ca48 c1e1 | 034d 85db | 0f84 a2fd | ffff 4d8b | 5738 4b89 | 4c1a f849 | 83c3 f84d | 895f 28e9 
  0x00000207245d12a0: e4fe ffff | 4d8b 5758 | 4d8b 5f48 | f083 4424 | c000 8039 | 000f 8409 | ffff ff44 | 8821 4d85 
  0x00000207245d12c0: db75 1d49 | 8bd7 49ba | 100c 027a | fa7f 0000 

  0x00000207245d12d0: ;   {other}
  0x00000207245d12d0: 41ff d20f | 1f84 0000 | 0000 00e9 | e4fe ffff | 4b89 4c1a | f849 83c3 | f84d 895f | 48e9 d2fe 
  0x00000207245d12f0: ffff ba97 | ffff ff48 | 8b6c 2420 | 4c8b 5424 | 504c 8954 

  0x00000207245d1304: ;   {runtime_call UncommonTrapBlob}
  0x00000207245d1304: 2438 90e8 

  0x00000207245d1308: ; ImmutableOopMap {rbp=Oop [48]=Oop [56]=Oop [88]=Oop [96]=Oop [120]=NarrowOop }
                      ;*athrow {reexecute=1 rethrow=0 return_oop=0}
                      ; - (reexecute) io.github.kdroidfilter.composemediaplayer.windows.WindowsVideoPlayerState::produceFrames@727 (line 1459)
  0x00000207245d1308: f469 41ff 

  0x00000207245d130c: ;   {other}
  0x00000207245d130c: 0f1f 8400 | fc3c 0090 | 488b d0e9 | ebc9 ffff | baf6 ffff | ff48 8b6c 

  0x00000207245d1324: ;   {runtime_call UncommonTrapBlob}
  0x00000207245d1324: 2420 90e8 

  0x00000207245d1328: ; ImmutableOopMap {rbp=Oop [80]=Oop [88]=Oop [96]=Oop [120]=NarrowOop }
                      ;*invokevirtual get {reexecute=0 rethrow=0 return_oop=0}
                      ; - io.github.kdroidfilter.composemediaplayer.windows.WindowsVideoPlayerState::produceFrames@764 (line 737)
  0x00000207245d1328: d469 41ff 

  0x00000207245d132c: ;   {other}
  0x00000207245d132c: 0f1f 8400 | 1c3d 0091 | 488b d0e9 | cbc9 ffff | 488b d0e9 | c3c9 ffff 

  0x00000207245d1344: ;   {internal_word}
  0x00000207245d1344: 49ba f7ea | 5c24 0702 | 0000 4d89 | 9768 0400 

  0x00000207245d1354: ;   {runtime_call SafepointBlob}
  0x00000207245d1354: 00e9 2658 

  0x00000207245d1358: ;   {runtime_call StubRoutines (final stubs)}
  0x00000207245d1358: 41ff e821 | da41 ffe9 | fac8 ffff | f4f4 f4f4 
[Stub Code]
  0x00000207245d1368: ;   {no_reloc}
  0x00000207245d1368: 48bb 0000 | 0000 0000 

  0x00000207245d1370: ;   {runtime_call}
  0x00000207245d1370: 0000 e9fb 

  0x00000207245d1374: ;   {static_stub}
  0x00000207245d1374: ffff ff48 | bb00 0000 | 0000 0000 

  0x00000207245d1380: ;   {runtime_call}
  0x00000207245d1380: 00e9 fbff 

  0x00000207245d1384: ;   {static_stub}
  0x00000207245d1384: ffff 48bb | 0000 0000 | 0000 0000 

  0x00000207245d1390: ;   {runtime_call}
  0x00000207245d1390: e9fb ffff 

  0x00000207245d1394: ;   {static_stub}
  0x00000207245d1394: ff48 bb00 | 0000 0000 

  0x00000207245d139c: ;   {runtime_call}
  0x00000207245d139c: 0000 00e9 | fbff ffff 

  0x00000207245d13a4: ;   {static_stub}
  0x00000207245d13a4: 48bb 0000 | 0000 0000 

  0x00000207245d13ac: ;   {runtime_call}
  0x00000207245d13ac: 0000 e9fb 

  0x00000207245d13b0: ;   {static_stub}
  0x00000207245d13b0: ffff ff48 | bb00 0000 | 0000 0000 

  0x00000207245d13bc: ;   {runtime_call}
  0x00000207245d13bc: 00e9 fbff 

  0x00000207245d13c0: ;   {static_stub}
  0x00000207245d13c0: ffff 48bb | 0000 0000 | 0000 0000 

  0x00000207245d13cc: ;   {runtime_call}
  0x00000207245d13cc: e9fb ffff 

  0x00000207245d13d0: ;   {static_stub}
  0x00000207245d13d0: ff48 bb00 | 0000 0000 

  0x00000207245d13d8: ;   {runtime_call}
  0x00000207245d13d8: 0000 00e9 | fbff ffff 

  0x00000207245d13e0: ;   {static_stub}
  0x00000207245d13e0: 48bb c8e2 | 3f86 0702 

  0x00000207245d13e8: ;   {runtime_call I2C/C2I adapters}
  0x00000207245d13e8: 0000 e919 

  0x00000207245d13ec: ;   {static_stub}
  0x00000207245d13ec: 6843 ff48 | bbb8 de3f | 8607 0200 

  0x00000207245d13f8: ;   {runtime_call I2C/C2I adapters}
  0x00000207245d13f8: 00e9 852a 

  0x00000207245d13fc: ;   {static_stub}
  0x00000207245d13fc: 41ff 48bb | 0000 0000 | 0000 0000 

  0x00000207245d1408: ;   {runtime_call}
  0x00000207245d1408: e9fb ffff 

  0x00000207245d140c: ;   {static_stub}
  0x00000207245d140c: ff48 bb00 | 0000 0000 

  0x00000207245d1414: ;   {runtime_call}
  0x00000207245d1414: 0000 00e9 | fbff ffff 

  0x00000207245d141c: ;   {static_stub}
  0x00000207245d141c: 48bb 0000 | 0000 0000 

  0x00000207245d1424: ;   {runtime_call}
  0x00000207245d1424: 0000 e9fb 

  0x00000207245d1428: ;   {static_stub}
  0x00000207245d1428: ffff ff48 | bb00 0000 | 0000 0000 

  0x00000207245d1434: ;   {runtime_call}
  0x00000207245d1434: 00e9 fbff 

  0x00000207245d1438: ;   {static_stub}
  0x00000207245d1438: ffff 48bb | 0000 0000 | 0000 0000 

  0x00000207245d1444: ;   {runtime_call}
  0x00000207245d1444: e9fb ffff 

  0x00000207245d1448: ;   {static_stub}
  0x00000207245d1448: ff48 bb00 | 0000 0000 

  0x00000207245d1450: ;   {runtime_call}
  0x00000207245d1450: 0000 00e9 | fbff ffff 

  0x00000207245d1458: ;   {static_stub}
  0x00000207245d1458: 48bb 0000 | 0000 0000 

  0x00000207245d1460: ;   {runtime_call}
  0x00000207245d1460: 0000 e9fb 

  0x00000207245d1464: ;   {static_stub}
  0x00000207245d1464: ffff ff48 | bb00 0000 | 0000 0000 

  0x00000207245d1470: ;   {runtime_call}
  0x00000207245d1470: 00e9 fbff 

  0x00000207245d1474: ;   {static_stub}
  0x00000207245d1474: ffff 48bb | 0000 0000 | 0000 0000 

  0x00000207245d1480: ;   {runtime_call}
  0x00000207245d1480: e9fb ffff 

  0x00000207245d1484: ;   {static_stub}
  0x00000207245d1484: ff48 bb00 | 0000 0000 

  0x00000207245d148c: ;   {runtime_call}
  0x00000207245d148c: 0000 00e9 | fbff ffff 

  0x00000207245d1494: ;   {static_stub}
  0x00000207245d1494: 48bb 2895 | 3f86 0702 

  0x00000207245d149c: ;   {runtime_call I2C/C2I adapters}
  0x00000207245d149c: 0000 e9e0 

  0x00000207245d14a0: ;   {static_stub}
  0x00000207245d14a0: 2941 ff48 | bb00 0000 | 0000 0000 

  0x00000207245d14ac: ;   {runtime_call}
  0x00000207245d14ac: 00e9 fbff 

  0x00000207245d14b0: ;   {runtime_call ExceptionBlob}
  0x00000207245d14b0: ffff e9c9 | da4f ffe8 | 0000 0000 | 4883 2c24 

  0x00000207245d14c0: ;   {runtime_call DeoptimizationBlob}
  0x00000207245d14c0: 05e9 5a6b | 41ff f4f4 
[/MachCode]


---------------  P R O C E S S  ---------------

Threads class SMR info:
_java_thread_list=0x000002070aa81650, length=75, elements={
0x00000207122d90c0, 0x0000020742a5da10, 0x0000020742a5e570, 0x0000020742a61240,
0x0000020742a63040, 0x0000020742a63f30, 0x0000020742a66ad0, 0x0000020742a8d730,
0x0000020742a91810, 0x0000020742b62130, 0x0000020742c5df40, 0x0000020742c56360,
0x0000020742c569e0, 0x0000020742d5d460, 0x0000020788001c70, 0x0000020788544150,
0x00000207885331b0, 0x0000020788ba7d50, 0x0000020788bd3050, 0x0000020788e02170,
0x0000020788e00730, 0x0000020788e02800, 0x0000020788e02e90, 0x000002078904b0c0,
0x000002078904bde0, 0x000002078904f8f0, 0x000002078904c470, 0x000002078904d820,
0x000002078904f260, 0x000002078904d190, 0x0000020788dffa10, 0x000002079ed20400,
0x000002079ed21120, 0x000002079ed1e9c0, 0x000002079ed217b0, 0x000002079ed224d0,
0x000002079ed1f050, 0x000002079ed22b60, 0x000002079ed1f6e0, 0x000002079ed231f0,
0x000002079ed23880, 0x000002079ed20a90, 0x000002079ed245a0, 0x000002079ed25fe0,
0x000002079ed24c30, 0x000002079ed25950, 0x000002079ee56b50, 0x000002079ee57870,
0x000002079ee592b0, 0x000002079ee59fd0, 0x000002079ee5a660, 0x000002079ee57f00,
0x000002079ee58c20, 0x000002079ee5acf0, 0x000002079ee5b380, 0x000002079ee5ba10,
0x000002079ee5c0a0, 0x000002079ee5cdc0, 0x000002079ee5d450, 0x000002079ee5dae0,
0x000002079ef83810, 0x000002079ef82af0, 0x000002079ef84530, 0x000002079ef84bc0,
0x000002079ef81740, 0x000002079ef83180, 0x000002079ef85250, 0x000002079ef879b0,
0x000002079ef88040, 0x000002079ef88d60, 0x000002079ef86600, 0x000002079ef86c90,
0x000002079f018840, 0x00000207a1094e60, 0x00000207bd4e4b90
}

Java Threads: ( => current thread )
  0x00000207122d90c0 JavaThread "main"                              [_thread_blocked, id=13848, stack(0x00000051f8d00000,0x00000051f8e00000) (1024K)]
  0x0000020742a5da10 JavaThread "Reference Handler"          daemon [_thread_blocked, id=13116, stack(0x00000051f9500000,0x00000051f9600000) (1024K)]
  0x0000020742a5e570 JavaThread "Finalizer"                  daemon [_thread_blocked, id=35492, stack(0x00000051f9600000,0x00000051f9700000) (1024K)]
  0x0000020742a61240 JavaThread "Signal Dispatcher"          daemon [_thread_blocked, id=32400, stack(0x00000051f9700000,0x00000051f9800000) (1024K)]
  0x0000020742a63040 JavaThread "Attach Listener"            daemon [_thread_blocked, id=36304, stack(0x00000051f9800000,0x00000051f9900000) (1024K)]
  0x0000020742a63f30 JavaThread "Service Thread"             daemon [_thread_blocked, id=32616, stack(0x00000051f9900000,0x00000051f9a00000) (1024K)]
  0x0000020742a66ad0 JavaThread "Monitor Deflation Thread"   daemon [_thread_blocked, id=23572, stack(0x00000051f9a00000,0x00000051f9b00000) (1024K)]
  0x0000020742a8d730 JavaThread "C2 CompilerThread0"         daemon [_thread_blocked, id=34688, stack(0x00000051f9b00000,0x00000051f9c00000) (1024K)]
  0x0000020742a91810 JavaThread "C1 CompilerThread0"         daemon [_thread_blocked, id=31084, stack(0x00000051f9c00000,0x00000051f9d00000) (1024K)]
  0x0000020742b62130 JavaThread "Common-Cleaner"             daemon [_thread_blocked, id=27096, stack(0x00000051f9d00000,0x00000051f9e00000) (1024K)]
  0x0000020742c5df40 JavaThread "JDWP Transport Listener: dt_socket" daemon [_thread_blocked, id=4084, stack(0x00000051f9f00000,0x00000051fa000000) (1024K)]
  0x0000020742c56360 JavaThread "JDWP Event Helper Thread"   daemon [_thread_blocked, id=27604, stack(0x00000051fa000000,0x00000051fa100000) (1024K)]
  0x0000020742c569e0 JavaThread "JDWP Command Reader"        daemon [_thread_in_native, id=9408, stack(0x00000051fa100000,0x00000051fa200000) (1024K)]
  0x0000020742d5d460 JavaThread "IntelliJ Suspend Helper"    daemon [_thread_blocked, id=21728, stack(0x00000051fa200000,0x00000051fa300000) (1024K)]
  0x0000020788001c70 JavaThread "CoarseTimer"                daemon [_thread_blocked, id=27180, stack(0x00000051fa300000,0x00000051fa400000) (1024K)]
  0x0000020788544150 JavaThread "Coroutines Debugger Cleaner" daemon [_thread_blocked, id=13204, stack(0x00000051fa400000,0x00000051fa500000) (1024K)]
  0x00000207885331b0 JavaThread "Notification Thread"        daemon [_thread_blocked, id=36272, stack(0x00000051fa500000,0x00000051fa600000) (1024K)]
  0x0000020788ba7d50 JavaThread "Java2D Disposer"            daemon [_thread_blocked, id=35488, stack(0x00000051fa600000,0x00000051fa700000) (1024K)]
  0x0000020788bd3050 JavaThread "AWT-Shutdown"                      [_thread_blocked, id=30336, stack(0x00000051fa700000,0x00000051fa800000) (1024K)]
  0x0000020788e02170 JavaThread "DefaultDispatcher-worker-3" daemon [_thread_blocked, id=35584, stack(0x00000051fab00000,0x00000051fac00000) (1024K)]
  0x0000020788e00730 JavaThread "Reference Cleaner"          daemon [_thread_blocked, id=30080, stack(0x00000051fac00000,0x00000051fad00000) (1024K)]
  0x0000020788e02800 JavaThread "kotlinx.coroutines.DefaultExecutor" daemon [_thread_blocked, id=35420, stack(0x00000051fad00000,0x00000051fae00000) (1024K)]
  0x0000020788e02e90 JavaThread "AWT-EventQueue-0"                  [_thread_blocked, id=31684, stack(0x00000051fae00000,0x00000051faf00000) (1024K)]
  0x000002078904b0c0 JavaThread "DefaultDispatcher-worker-4" daemon [_thread_blocked, id=25100, stack(0x00000051fdd00000,0x00000051fde00000) (1024K)]
=>0x000002078904bde0 JavaThread "DefaultDispatcher-worker-7 @coroutine#13228" daemon [_thread_in_native, id=3912, stack(0x00000051fe000000,0x00000051fe100000) (1024K)]
  0x000002078904f8f0 JavaThread "DefaultDispatcher-worker-10" daemon [_thread_blocked, id=36340, stack(0x00000051fe300000,0x00000051fe400000) (1024K)]
  0x000002078904c470 JavaThread "DefaultDispatcher-worker-11" daemon [_thread_blocked, id=6612, stack(0x00000051fe400000,0x00000051fe500000) (1024K)]
  0x000002078904d820 JavaThread "DefaultDispatcher-worker-13" daemon [_thread_blocked, id=21764, stack(0x00000051fe600000,0x00000051fe700000) (1024K)]
  0x000002078904f260 JavaThread "DefaultDispatcher-worker-14" daemon [_thread_blocked, id=35192, stack(0x00000051fe700000,0x00000051fe800000) (1024K)]
  0x000002078904d190 JavaThread "DefaultDispatcher-worker-15" daemon [_thread_blocked, id=30688, stack(0x00000051fe800000,0x00000051fe900000) (1024K)]
  0x0000020788dffa10 JavaThread "DefaultDispatcher-worker-18" daemon [_thread_blocked, id=21724, stack(0x00000051feb00000,0x00000051fec00000) (1024K)]
  0x000002079ed20400 JavaThread "DefaultDispatcher-worker-19" daemon [_thread_blocked, id=4312, stack(0x00000051fec00000,0x00000051fed00000) (1024K)]
  0x000002079ed21120 JavaThread "DefaultDispatcher-worker-20" daemon [_thread_blocked, id=33560, stack(0x00000051fed00000,0x00000051fee00000) (1024K)]
  0x000002079ed1e9c0 JavaThread "DefaultDispatcher-worker-21" daemon [_thread_blocked, id=35248, stack(0x00000051fee00000,0x00000051fef00000) (1024K)]
  0x000002079ed217b0 JavaThread "DefaultDispatcher-worker-24" daemon [_thread_blocked, id=4088, stack(0x00000051ff100000,0x00000051ff200000) (1024K)]
  0x000002079ed224d0 JavaThread "DefaultDispatcher-worker-25" daemon [_thread_blocked, id=32376, stack(0x00000051ff200000,0x00000051ff300000) (1024K)]
  0x000002079ed1f050 JavaThread "DefaultDispatcher-worker-26" daemon [_thread_blocked, id=36148, stack(0x00000051ff300000,0x00000051ff400000) (1024K)]
  0x000002079ed22b60 JavaThread "DefaultDispatcher-worker-27" daemon [_thread_blocked, id=7812, stack(0x00000051ff400000,0x00000051ff500000) (1024K)]
  0x000002079ed1f6e0 JavaThread "DefaultDispatcher-worker-28" daemon [_thread_blocked, id=29824, stack(0x00000051ff500000,0x00000051ff600000) (1024K)]
  0x000002079ed231f0 JavaThread "DefaultDispatcher-worker-29" daemon [_thread_blocked, id=13720, stack(0x00000051ff600000,0x00000051ff700000) (1024K)]
  0x000002079ed23880 JavaThread "DefaultDispatcher-worker-30" daemon [_thread_blocked, id=8536, stack(0x00000051ff700000,0x00000051ff800000) (1024K)]
  0x000002079ed20a90 JavaThread "DefaultDispatcher-worker-31" daemon [_thread_blocked, id=35380, stack(0x00000051ff900000,0x00000051ffa00000) (1024K)]
  0x000002079ed245a0 JavaThread "DefaultDispatcher-worker-33" daemon [_thread_blocked, id=9924, stack(0x00000051ffa00000,0x00000051ffb00000) (1024K)]
  0x000002079ed25fe0 JavaThread "DefaultDispatcher-worker-34" daemon [_thread_blocked, id=28768, stack(0x00000051ffb00000,0x00000051ffc00000) (1024K)]
  0x000002079ed24c30 JavaThread "DefaultDispatcher-worker-35" daemon [_thread_blocked, id=13800, stack(0x00000051ffc00000,0x00000051ffd00000) (1024K)]
  0x000002079ed25950 JavaThread "DefaultDispatcher-worker-37" daemon [_thread_blocked, id=32924, stack(0x00000051ffe00000,0x00000051fff00000) (1024K)]
  0x000002079ee56b50 JavaThread "DefaultDispatcher-worker-38" daemon [_thread_blocked, id=36296, stack(0x00000051fff00000,0x0000005200000000) (1024K)]
  0x000002079ee57870 JavaThread "DefaultDispatcher-worker-39" daemon [_thread_blocked, id=35440, stack(0x0000005180000000,0x0000005180100000) (1024K)]
  0x000002079ee592b0 JavaThread "DefaultDispatcher-worker-41" daemon [_thread_blocked, id=33980, stack(0x0000005180200000,0x0000005180300000) (1024K)]
  0x000002079ee59fd0 JavaThread "DefaultDispatcher-worker-42" daemon [_thread_blocked, id=3752, stack(0x0000005180300000,0x0000005180400000) (1024K)]
  0x000002079ee5a660 JavaThread "DefaultDispatcher-worker-43" daemon [_thread_blocked, id=632, stack(0x0000005180400000,0x0000005180500000) (1024K)]
  0x000002079ee57f00 JavaThread "DefaultDispatcher-worker-44" daemon [_thread_blocked, id=22432, stack(0x0000005180500000,0x0000005180600000) (1024K)]
  0x000002079ee58c20 JavaThread "DefaultDispatcher-worker-45" daemon [_thread_blocked, id=16952, stack(0x0000005180600000,0x0000005180700000) (1024K)]
  0x000002079ee5acf0 JavaThread "DefaultDispatcher-worker-47" daemon [_thread_blocked, id=14936, stack(0x0000005180800000,0x0000005180900000) (1024K)]
  0x000002079ee5b380 JavaThread "DefaultDispatcher-worker-48" daemon [_thread_blocked, id=12244, stack(0x0000005180900000,0x0000005180a00000) (1024K)]
  0x000002079ee5ba10 JavaThread "DefaultDispatcher-worker-49" daemon [_thread_blocked, id=26024, stack(0x0000005180a00000,0x0000005180b00000) (1024K)]
  0x000002079ee5c0a0 JavaThread "DefaultDispatcher-worker-50" daemon [_thread_blocked, id=23136, stack(0x0000005180b00000,0x0000005180c00000) (1024K)]
  0x000002079ee5cdc0 JavaThread "DefaultDispatcher-worker-22" daemon [_thread_blocked, id=22556, stack(0x0000005180f00000,0x0000005181000000) (1024K)]
  0x000002079ee5d450 JavaThread "DefaultDispatcher-worker-5" daemon [_thread_blocked, id=33316, stack(0x0000005181000000,0x0000005181100000) (1024K)]
  0x000002079ee5dae0 JavaThread "DefaultDispatcher-worker-40" daemon [_thread_blocked, id=20420, stack(0x0000005181100000,0x0000005181200000) (1024K)]
  0x000002079ef83810 JavaThread "DefaultDispatcher-worker-8" daemon [_thread_blocked, id=2752, stack(0x0000005181300000,0x0000005181400000) (1024K)]
  0x000002079ef82af0 JavaThread "DefaultDispatcher-worker-6" daemon [_thread_blocked, id=14504, stack(0x0000005181400000,0x0000005181500000) (1024K)]
  0x000002079ef84530 JavaThread "DefaultDispatcher-worker-9" daemon [_thread_blocked, id=35472, stack(0x0000005181500000,0x0000005181600000) (1024K)]
  0x000002079ef84bc0 JavaThread "DefaultDispatcher-worker-46" daemon [_thread_blocked, id=30724, stack(0x0000005181600000,0x0000005181700000) (1024K)]
  0x000002079ef81740 JavaThread "DefaultDispatcher-worker-2" daemon [_thread_blocked, id=8980, stack(0x0000005181700000,0x0000005181800000) (1024K)]
  0x000002079ef83180 JavaThread "DefaultDispatcher-worker-17" daemon [_thread_blocked, id=36476, stack(0x0000005181800000,0x0000005181900000) (1024K)]
  0x000002079ef85250 JavaThread "DefaultDispatcher-worker-36" daemon [_thread_blocked, id=12056, stack(0x0000005181900000,0x0000005181a00000) (1024K)]
  0x000002079ef879b0 JavaThread "DefaultDispatcher-worker-12" daemon [_thread_blocked, id=34436, stack(0x0000005181e00000,0x0000005181f00000) (1024K)]
  0x000002079ef88040 JavaThread "DefaultDispatcher-worker-1" daemon [_thread_blocked, id=3884, stack(0x0000005181f00000,0x0000005182000000) (1024K)]
  0x000002079ef88d60 JavaThread "DefaultDispatcher-worker-16" daemon [_thread_blocked, id=36156, stack(0x0000005182200000,0x0000005182300000) (1024K)]
  0x000002079ef86600 JavaThread "DefaultDispatcher-worker-32" daemon [_thread_blocked, id=15892, stack(0x0000005182300000,0x0000005182400000) (1024K)]
  0x000002079ef86c90 JavaThread "DefaultDispatcher-worker-23" daemon [_thread_blocked, id=33072, stack(0x0000005182400000,0x0000005182500000) (1024K)]
  0x000002079f018840 JavaThread "TimerQueue"                 daemon [_thread_blocked, id=34084, stack(0x0000005182600000,0x0000005182700000) (1024K)]
  0x00000207a1094e60 JavaThread "JavaCPP Deallocator"        daemon [_thread_blocked, id=30392, stack(0x0000005182900000,0x0000005182a00000) (1024K)]
  0x00000207bd4e4b90 JavaThread "skiko-dispatcher-to-block-on" daemon [_thread_blocked, id=39648, stack(0x00000051a0900000,0x00000051a0a00000) (1024K)]
Total: 75

Other Threads:
  0x000002072c2e56c0 VMThread "VM Thread"                           [id=17520, stack(0x00000051f9400000,0x00000051f9500000) (1024K)]
  0x0000020742a41360 WatcherThread "VM Periodic Task Thread"        [id=34364, stack(0x00000051f9300000,0x00000051f9400000) (1024K)]
  0x00000207128109f0 WorkerThread "GC Thread#0"                     [id=8244, stack(0x00000051f8e00000,0x00000051f8f00000) (1024K)]
  0x0000020789057e20 WorkerThread "GC Thread#1"                     [id=11608, stack(0x00000051faf00000,0x00000051fb000000) (1024K)]
  0x00000207890581c0 WorkerThread "GC Thread#2"                     [id=10528, stack(0x00000051fb000000,0x00000051fb100000) (1024K)]
  0x0000020789059780 WorkerThread "GC Thread#3"                     [id=34180, stack(0x00000051fb100000,0x00000051fb200000) (1024K)]
  0x0000020789058560 WorkerThread "GC Thread#4"                     [id=23728, stack(0x00000051fb200000,0x00000051fb300000) (1024K)]
  0x000002078905a260 WorkerThread "GC Thread#5"                     [id=30528, stack(0x00000051fb300000,0x00000051fb400000) (1024K)]
  0x000002078905ad40 WorkerThread "GC Thread#6"                     [id=35544, stack(0x00000051fb400000,0x00000051fb500000) (1024K)]
  0x0000020789059b20 WorkerThread "GC Thread#7"                     [id=36680, stack(0x00000051fb500000,0x00000051fb600000) (1024K)]
  0x0000020789058900 WorkerThread "GC Thread#8"                     [id=23828, stack(0x00000051fb600000,0x00000051fb700000) (1024K)]
  0x000002078905a600 WorkerThread "GC Thread#9"                     [id=36516, stack(0x00000051fb700000,0x00000051fb800000) (1024K)]
  0x000002072c1b1010 ConcurrentGCThread "G1 Main Marker"            [id=3620, stack(0x00000051f8f00000,0x00000051f9000000) (1024K)]
  0x000002072c1b21c0 WorkerThread "G1 Conc#0"                       [id=23656, stack(0x00000051f9000000,0x00000051f9100000) (1024K)]
  0x000002078defebf0 WorkerThread "G1 Conc#1"                       [id=34664, stack(0x0000005182700000,0x0000005182800000) (1024K)]
  0x000002078defb590 WorkerThread "G1 Conc#2"                       [id=8052, stack(0x0000005182800000,0x0000005182900000) (1024K)]
  0x000002072c223e00 ConcurrentGCThread "G1 Refine#0"               [id=35452, stack(0x00000051f9100000,0x00000051f9200000) (1024K)]
  0x000002072c224780 ConcurrentGCThread "G1 Service"                [id=17220, stack(0x00000051f9200000,0x00000051f9300000) (1024K)]
Total: 18

Threads with active compile tasks:
Total: 0

VM state: not at safepoint (normal execution)

VM Mutex/Monitor currently owned by a thread: None

Heap address: 0x000000040e000000, size: 16160 MB, Compressed Oops mode: Zero based, Oop shift amount: 3

CDS archive(s) mapped at: [0x0000020743000000-0x0000020743c90000-0x0000020743c90000), size 13172736, SharedBaseAddress: 0x0000020743000000, ArchiveRelocationMode: 1.
Compressed class space mapped at: 0x0000020744000000-0x0000020784000000, reserved size: 1073741824
Narrow klass base: 0x0000020743000000, Narrow klass shift: 0, Narrow klass range: 0x100000000

GC Precious Log:
 CardTable entry size: 512
 Card Set container configuration: InlinePtr #cards 4 size 8 Array Of Cards #cards 64 size 144 Howl #buckets 8 coarsen threshold 14745 Howl Bitmap #cards 2048 size 272 coarsen threshold 1843 Card regions per heap region 1 cards per card region 16384
 CPUs: 12 total, 12 available
 Memory: 64632M
 Large Page Support: Disabled
 NUMA Support: Disabled
 Compressed Oops: Enabled (Zero based)
 Heap Region Size: 8M
 Heap Min Capacity: 8M
 Heap Initial Capacity: 1016M
 Heap Max Capacity: 16160M
 Pre-touch: Disabled
 Parallel Workers: 10
 Concurrent Workers: 3
 Concurrent Refinement Workers: 10
 Periodic GC: Disabled

Heap:
 garbage-first heap   total 622592K, used 85305K [0x000000040e000000, 0x0000000800000000)
  region size 8192K, 3 young (24576K), 1 survivors (8192K)
 Metaspace       used 45688K, committed 46400K, reserved 1114112K
  class space    used 4452K, committed 4800K, reserved 1048576K

Heap Regions: E=young(eden), S=young(survivor), O=old, HS=humongous(starts), HC=humongous(continues), CS=collection set, F=free, TAMS=top-at-mark-start, PB=parsable bottom
|   0|0x000000040e000000, 0x000000040e7fffa0, 0x000000040e800000| 99%| O|  |TAMS 0x000000040e000000| PB 0x000000040e000000| Untracked 
|   1|0x000000040e800000, 0x000000040efffff8, 0x000000040f000000| 99%| O|  |TAMS 0x000000040e800000| PB 0x000000040e800000| Untracked 
|   2|0x000000040f000000, 0x000000040f800000, 0x000000040f800000|100%| O|  |TAMS 0x000000040f000000| PB 0x000000040f000000| Untracked 
|   3|0x000000040f800000, 0x000000040fffff18, 0x0000000410000000| 99%| O|  |TAMS 0x000000040f800000| PB 0x000000040f800000| Untracked 
|   4|0x0000000410000000, 0x00000004107fff90, 0x0000000410800000| 99%| O|  |TAMS 0x0000000410000000| PB 0x0000000410000000| Untracked 
|   5|0x0000000410800000, 0x0000000410ffffd0, 0x0000000411000000| 99%| O|  |TAMS 0x0000000410800000| PB 0x0000000410800000| Untracked 
|   6|0x0000000411000000, 0x00000004111f2728, 0x0000000411800000| 24%| O|  |TAMS 0x0000000411000000| PB 0x0000000411000000| Untracked 
|   7|0x0000000411800000, 0x0000000411d6efb0, 0x0000000412000000| 67%| O|  |TAMS 0x0000000411800000| PB 0x0000000411800000| Untracked 
|   8|0x0000000412000000, 0x0000000412800000, 0x0000000412800000|100%| O|  |TAMS 0x0000000412000000| PB 0x0000000412000000| Untracked 
|   9|0x0000000412800000, 0x0000000412becff0, 0x0000000413000000| 49%| O|  |TAMS 0x0000000412800000| PB 0x0000000412800000| Untracked 
|  10|0x0000000413000000, 0x0000000413000000, 0x0000000413800000|  0%| F|  |TAMS 0x0000000413000000| PB 0x0000000413000000| Untracked 
|  11|0x0000000413800000, 0x0000000413800000, 0x0000000414000000|  0%| F|  |TAMS 0x0000000413800000| PB 0x0000000413800000| Untracked 
|  12|0x0000000414000000, 0x0000000414000000, 0x0000000414800000|  0%| F|  |TAMS 0x0000000414000000| PB 0x0000000414000000| Untracked 
|  13|0x0000000414800000, 0x0000000414800000, 0x0000000415000000|  0%| F|  |TAMS 0x0000000414800000| PB 0x0000000414800000| Untracked 
|  14|0x0000000415000000, 0x0000000415000000, 0x0000000415800000|  0%| F|  |TAMS 0x0000000415000000| PB 0x0000000415000000| Untracked 
|  15|0x0000000415800000, 0x0000000416000000, 0x0000000416000000|100%| S|CS|TAMS 0x0000000415800000| PB 0x0000000415800000| Complete 
|  16|0x0000000416000000, 0x0000000416000000, 0x0000000416800000|  0%| F|  |TAMS 0x0000000416000000| PB 0x0000000416000000| Untracked 
|  17|0x0000000416800000, 0x0000000416800000, 0x0000000417000000|  0%| F|  |TAMS 0x0000000416800000| PB 0x0000000416800000| Untracked 
|  18|0x0000000417000000, 0x0000000417000000, 0x0000000417800000|  0%| F|  |TAMS 0x0000000417000000| PB 0x0000000417000000| Untracked 
|  19|0x0000000417800000, 0x0000000417800000, 0x0000000418000000|  0%| F|  |TAMS 0x0000000417800000| PB 0x0000000417800000| Untracked 
|  20|0x0000000418000000, 0x0000000418000000, 0x0000000418800000|  0%| F|  |TAMS 0x0000000418000000| PB 0x0000000418000000| Untracked 
|  21|0x0000000418800000, 0x0000000418800000, 0x0000000419000000|  0%| F|  |TAMS 0x0000000418800000| PB 0x0000000418800000| Untracked 
|  22|0x0000000419000000, 0x0000000419000000, 0x0000000419800000|  0%| F|  |TAMS 0x0000000419000000| PB 0x0000000419000000| Untracked 
|  23|0x0000000419800000, 0x0000000419800000, 0x000000041a000000|  0%| F|  |TAMS 0x0000000419800000| PB 0x0000000419800000| Untracked 
|  24|0x000000041a000000, 0x000000041a000000, 0x000000041a800000|  0%| F|  |TAMS 0x000000041a000000| PB 0x000000041a000000| Untracked 
|  25|0x000000041a800000, 0x000000041a800000, 0x000000041b000000|  0%| F|  |TAMS 0x000000041a800000| PB 0x000000041a800000| Untracked 
|  26|0x000000041b000000, 0x000000041b000000, 0x000000041b800000|  0%| F|  |TAMS 0x000000041b000000| PB 0x000000041b000000| Untracked 
|  27|0x000000041b800000, 0x000000041b800000, 0x000000041c000000|  0%| F|  |TAMS 0x000000041b800000| PB 0x000000041b800000| Untracked 
|  28|0x000000041c000000, 0x000000041c000000, 0x000000041c800000|  0%| F|  |TAMS 0x000000041c000000| PB 0x000000041c000000| Untracked 
|  29|0x000000041c800000, 0x000000041c800000, 0x000000041d000000|  0%| F|  |TAMS 0x000000041c800000| PB 0x000000041c800000| Untracked 
|  30|0x000000041d000000, 0x000000041d000000, 0x000000041d800000|  0%| F|  |TAMS 0x000000041d000000| PB 0x000000041d000000| Untracked 
|  31|0x000000041d800000, 0x000000041d800000, 0x000000041e000000|  0%| F|  |TAMS 0x000000041d800000| PB 0x000000041d800000| Untracked 
|  32|0x000000041e000000, 0x000000041e000000, 0x000000041e800000|  0%| F|  |TAMS 0x000000041e000000| PB 0x000000041e000000| Untracked 
|  33|0x000000041e800000, 0x000000041e800000, 0x000000041f000000|  0%| F|  |TAMS 0x000000041e800000| PB 0x000000041e800000| Untracked 
|  34|0x000000041f000000, 0x000000041f000000, 0x000000041f800000|  0%| F|  |TAMS 0x000000041f000000| PB 0x000000041f000000| Untracked 
|  35|0x000000041f800000, 0x000000041f800000, 0x0000000420000000|  0%| F|  |TAMS 0x000000041f800000| PB 0x000000041f800000| Untracked 
|  36|0x0000000420000000, 0x0000000420000000, 0x0000000420800000|  0%| F|  |TAMS 0x0000000420000000| PB 0x0000000420000000| Untracked 
|  37|0x0000000420800000, 0x0000000420800000, 0x0000000421000000|  0%| F|  |TAMS 0x0000000420800000| PB 0x0000000420800000| Untracked 
|  38|0x0000000421000000, 0x0000000421000000, 0x0000000421800000|  0%| F|  |TAMS 0x0000000421000000| PB 0x0000000421000000| Untracked 
|  39|0x0000000421800000, 0x0000000421800000, 0x0000000422000000|  0%| F|  |TAMS 0x0000000421800000| PB 0x0000000421800000| Untracked 
|  40|0x0000000422000000, 0x0000000422000000, 0x0000000422800000|  0%| F|  |TAMS 0x0000000422000000| PB 0x0000000422000000| Untracked 
|  41|0x0000000422800000, 0x0000000422800000, 0x0000000423000000|  0%| F|  |TAMS 0x0000000422800000| PB 0x0000000422800000| Untracked 
|  42|0x0000000423000000, 0x0000000423000000, 0x0000000423800000|  0%| F|  |TAMS 0x0000000423000000| PB 0x0000000423000000| Untracked 
|  43|0x0000000423800000, 0x0000000423800000, 0x0000000424000000|  0%| F|  |TAMS 0x0000000423800000| PB 0x0000000423800000| Untracked 
|  44|0x0000000424000000, 0x0000000424000000, 0x0000000424800000|  0%| F|  |TAMS 0x0000000424000000| PB 0x0000000424000000| Untracked 
|  45|0x0000000424800000, 0x0000000424800000, 0x0000000425000000|  0%| F|  |TAMS 0x0000000424800000| PB 0x0000000424800000| Untracked 
|  46|0x0000000425000000, 0x0000000425000000, 0x0000000425800000|  0%| F|  |TAMS 0x0000000425000000| PB 0x0000000425000000| Untracked 
|  47|0x0000000425800000, 0x0000000425800000, 0x0000000426000000|  0%| F|  |TAMS 0x0000000425800000| PB 0x0000000425800000| Untracked 
|  48|0x0000000426000000, 0x0000000426000000, 0x0000000426800000|  0%| F|  |TAMS 0x0000000426000000| PB 0x0000000426000000| Untracked 
|  49|0x0000000426800000, 0x0000000426800000, 0x0000000427000000|  0%| F|  |TAMS 0x0000000426800000| PB 0x0000000426800000| Untracked 
|  50|0x0000000427000000, 0x0000000427000000, 0x0000000427800000|  0%| F|  |TAMS 0x0000000427000000| PB 0x0000000427000000| Untracked 
|  51|0x0000000427800000, 0x0000000427800000, 0x0000000428000000|  0%| F|  |TAMS 0x0000000427800000| PB 0x0000000427800000| Untracked 
|  52|0x0000000428000000, 0x0000000428000000, 0x0000000428800000|  0%| F|  |TAMS 0x0000000428000000| PB 0x0000000428000000| Untracked 
|  53|0x0000000428800000, 0x0000000428800000, 0x0000000429000000|  0%| F|  |TAMS 0x0000000428800000| PB 0x0000000428800000| Untracked 
|  54|0x0000000429000000, 0x0000000429000000, 0x0000000429800000|  0%| F|  |TAMS 0x0000000429000000| PB 0x0000000429000000| Untracked 
|  55|0x0000000429800000, 0x0000000429800000, 0x000000042a000000|  0%| F|  |TAMS 0x0000000429800000| PB 0x0000000429800000| Untracked 
|  56|0x000000042a000000, 0x000000042a000000, 0x000000042a800000|  0%| F|  |TAMS 0x000000042a000000| PB 0x000000042a000000| Untracked 
|  57|0x000000042a800000, 0x000000042a800000, 0x000000042b000000|  0%| F|  |TAMS 0x000000042a800000| PB 0x000000042a800000| Untracked 
|  58|0x000000042b000000, 0x000000042b000000, 0x000000042b800000|  0%| F|  |TAMS 0x000000042b000000| PB 0x000000042b000000| Untracked 
|  59|0x000000042b800000, 0x000000042b800000, 0x000000042c000000|  0%| F|  |TAMS 0x000000042b800000| PB 0x000000042b800000| Untracked 
|  60|0x000000042c000000, 0x000000042c000000, 0x000000042c800000|  0%| F|  |TAMS 0x000000042c000000| PB 0x000000042c000000| Untracked 
|  61|0x000000042c800000, 0x000000042c800000, 0x000000042d000000|  0%| F|  |TAMS 0x000000042c800000| PB 0x000000042c800000| Untracked 
|  62|0x000000042d000000, 0x000000042d000000, 0x000000042d800000|  0%| F|  |TAMS 0x000000042d000000| PB 0x000000042d000000| Untracked 
|  63|0x000000042d800000, 0x000000042d800000, 0x000000042e000000|  0%| F|  |TAMS 0x000000042d800000| PB 0x000000042d800000| Untracked 
|  64|0x000000042e000000, 0x000000042e000000, 0x000000042e800000|  0%| F|  |TAMS 0x000000042e000000| PB 0x000000042e000000| Untracked 
|  65|0x000000042e800000, 0x000000042e800000, 0x000000042f000000|  0%| F|  |TAMS 0x000000042e800000| PB 0x000000042e800000| Untracked 
|  66|0x000000042f000000, 0x000000042f000000, 0x000000042f800000|  0%| F|  |TAMS 0x000000042f000000| PB 0x000000042f000000| Untracked 
|  67|0x000000042f800000, 0x000000042f800000, 0x0000000430000000|  0%| F|  |TAMS 0x000000042f800000| PB 0x000000042f800000| Untracked 
|  68|0x0000000430000000, 0x0000000430000000, 0x0000000430800000|  0%| F|  |TAMS 0x0000000430000000| PB 0x0000000430000000| Untracked 
|  69|0x0000000430800000, 0x0000000430800000, 0x0000000431000000|  0%| F|  |TAMS 0x0000000430800000| PB 0x0000000430800000| Untracked 
|  70|0x0000000431000000, 0x0000000431000000, 0x0000000431800000|  0%| F|  |TAMS 0x0000000431000000| PB 0x0000000431000000| Untracked 
|  71|0x0000000431800000, 0x0000000431800000, 0x0000000432000000|  0%| F|  |TAMS 0x0000000431800000| PB 0x0000000431800000| Untracked 
|  72|0x0000000432000000, 0x0000000432000000, 0x0000000432800000|  0%| F|  |TAMS 0x0000000432000000| PB 0x0000000432000000| Untracked 
|  73|0x0000000432800000, 0x0000000432800000, 0x0000000433000000|  0%| F|  |TAMS 0x0000000432800000| PB 0x0000000432800000| Untracked 
|  74|0x0000000433000000, 0x0000000433744a58, 0x0000000433800000| 90%| E|  |TAMS 0x0000000433000000| PB 0x0000000433000000| Complete 
| 126|0x000000044d000000, 0x000000044d800000, 0x000000044d800000|100%| E|CS|TAMS 0x000000044d000000| PB 0x000000044d000000| Complete 

Card table byte_map: [0x000002072e280000,0x0000020730210000] _byte_map_base: 0x000002072c210000

Marking Bits: (CMBitMap*) 0x0000020712810da0
 Bits: [0x0000020730210000, 0x000002073fe90000)

Polling page: 0x0000020712490000

Metaspace:

Usage:
  Non-class:     40.27 MB used.
      Class:      4.35 MB used.
       Both:     44.62 MB used.

Virtual space:
  Non-class space:       64.00 MB reserved,      40.62 MB ( 63%) committed,  1 nodes.
      Class space:        1.00 GB reserved,       4.69 MB ( <1%) committed,  1 nodes.
             Both:        1.06 GB reserved,      45.31 MB (  4%) committed. 

Chunk freelists:
   Non-Class:  6.45 MB
       Class:  11.36 MB
        Both:  17.81 MB

MaxMetaspaceSize: unlimited
CompressedClassSpaceSize: 1.00 GB
Initial GC threshold: 21.00 MB
Current GC threshold: 74.38 MB
CDS: on
 - commit_granule_bytes: 65536.
 - commit_granule_words: 8192.
 - virtual_space_node_default_size: 8388608.
 - enlarge_chunks_in_place: 1.
 - use_allocation_guard: 0.


Internal statistics:

num_allocs_failed_limit: 8.
num_arena_births: 918.
num_arena_deaths: 0.
num_vsnodes_births: 2.
num_vsnodes_deaths: 0.
num_space_committed: 725.
num_space_uncommitted: 0.
num_chunks_returned_to_freelist: 8.
num_chunks_taken_from_freelist: 2312.
num_chunk_merges: 8.
num_chunk_splits: 1591.
num_chunks_enlarged: 1204.
num_inconsistent_stats: 0.

CodeHeap 'non-profiled nmethods': size=120000Kb used=7863Kb max_used=7863Kb free=112136Kb
 bounds [0x0000020723f30000, 0x00000207246e0000, 0x000002072b460000]
CodeHeap 'profiled nmethods': size=120000Kb used=17793Kb max_used=17793Kb free=102206Kb
 bounds [0x000002071c460000, 0x000002071d5d0000, 0x0000020723990000]
CodeHeap 'non-nmethods': size=5760Kb used=3614Kb max_used=3637Kb free=2146Kb
 bounds [0x0000020723990000, 0x0000020723d40000, 0x0000020723f30000]
 total_blobs=10369 nmethods=8608 adapters=1665
 compilation: enabled
              stopped_count=0, restarted_count=0
 full_count=0

Compilation events (20 events):
Event: 72.985 Thread 0x0000020742a91810 nmethod 9004 0x000002071c557310 code [0x000002071c557500, 0x000002071c557950]
Event: 72.987 Thread 0x0000020742a8d730 nmethod 8998 0x00000207246da710 code [0x00000207246da940, 0x00000207246db0e8]
Event: 72.987 Thread 0x0000020742a8d730 9005       4       androidx.compose.runtime.ComposerKt$$Lambda/0x0000020744415c78::invoke (16 bytes)
Event: 72.989 Thread 0x0000020742a8d730 nmethod 9005 0x00000207246db790 code [0x00000207246db980, 0x00000207246dbd30]
Event: 72.992 Thread 0x0000020742a91810 9006       3       io.github.kdroidfilter.composemediaplayer.windows.WindowsVideoPlayerState::clearFrameChannel (16 bytes)
Event: 72.992 Thread 0x0000020742a91810 nmethod 9006 0x000002071c53c110 code [0x000002071c53c2e0, 0x000002071c53c748]
Event: 73.029 Thread 0x0000020742a8d730 9007       4       kotlinx.coroutines.CancellableContinuationImpl::detachChild$kotlinx_coroutines_core (28 bytes)
Event: 73.030 Thread 0x0000020742a8d730 nmethod 9007 0x00000207246dc010 code [0x00000207246dc1c0, 0x00000207246dc420]
Event: 73.056 Thread 0x0000020742a91810 9008       1       androidx.collection.IntSet::getCapacity (5 bytes)
Event: 73.057 Thread 0x0000020742a91810 nmethod 9008 0x00000207246dc590 code [0x00000207246dc720, 0x00000207246dc7e8]
Event: 73.057 Thread 0x0000020742a91810 9009   !   3       kotlinx.coroutines.internal.ThreadSafeHeap::remove (89 bytes)
Event: 73.057 Thread 0x0000020742a91810 nmethod 9009 0x000002071c7e3310 code [0x000002071c7e3520, 0x000002071c7e3e20]
Event: 73.057 Thread 0x0000020742a91810 9010       3       io.github.kdroidfilter.composemediaplayer.windows.WindowsVideoPlayerState$startVideoPipeline$1$2::invokeSuspend (79 bytes)
Event: 73.057 Thread 0x0000020742a91810 nmethod 9010 0x000002071c6df210 code [0x000002071c6df460, 0x000002071c6dfd80]
Event: 73.057 Thread 0x0000020742a91810 9011       3       io.github.kdroidfilter.composemediaplayer.windows.WindowsVideoPlayerState$startVideoPipeline$1$1::invokeSuspend (79 bytes)
Event: 73.057 Thread 0x0000020742a91810 nmethod 9011 0x000002071c562790 code [0x000002071c5629e0, 0x000002071c563300]
Event: 73.073 Thread 0x0000020742a91810 9012       3       androidx.collection.MutableIntSet::findFirstAvailableSlot (131 bytes)
Event: 73.074 Thread 0x0000020742a91810 nmethod 9012 0x000002071c73f910 code [0x000002071c73fac0, 0x000002071c73fda8]
Event: 73.074 Thread 0x0000020742a91810 9013       3       kotlinx.coroutines.DisposeOnCancel::invoke (10 bytes)
Event: 73.074 Thread 0x0000020742a91810 nmethod 9013 0x000002071c8bef10 code [0x000002071c8bf0c0, 0x000002071c8bf2a8]

GC Heap History (20 events):
Event: 1.451 GC heap before
{Heap before GC invocations=8 (full 0):
 garbage-first heap   total 90112K, used 54148K [0x000000040e000000, 0x0000000800000000)
  region size 8192K, 5 young (40960K), 1 survivors (8192K)
 Metaspace       used 30416K, committed 30784K, reserved 1114112K
  class space    used 2998K, committed 3136K, reserved 1048576K
}
Event: 1.454 GC heap after
{Heap after GC invocations=9 (full 0):
 garbage-first heap   total 565248K, used 36099K [0x000000040e000000, 0x0000000800000000)
  region size 8192K, 1 young (8192K), 1 survivors (8192K)
 Metaspace       used 30416K, committed 30784K, reserved 1114112K
  class space    used 2998K, committed 3136K, reserved 1048576K
}
Event: 1.707 GC heap before
{Heap before GC invocations=9 (full 0):
 garbage-first heap   total 565248K, used 355587K [0x000000040e000000, 0x0000000800000000)
  region size 8192K, 41 young (335872K), 1 survivors (8192K)
 Metaspace       used 33319K, committed 33728K, reserved 1114112K
  class space    used 3326K, committed 3520K, reserved 1048576K
}
Event: 1.715 GC heap after
{Heap after GC invocations=10 (full 0):
 garbage-first heap   total 565248K, used 75529K [0x000000040e000000, 0x0000000800000000)
  region size 8192K, 6 young (49152K), 6 survivors (49152K)
 Metaspace       used 33319K, committed 33728K, reserved 1114112K
  class space    used 3326K, committed 3520K, reserved 1048576K
}
Event: 2.349 GC heap before
{Heap before GC invocations=10 (full 0):
 garbage-first heap   total 565248K, used 345865K [0x000000040e000000, 0x0000000800000000)
  region size 8192K, 41 young (335872K), 6 survivors (49152K)
 Metaspace       used 35673K, committed 36096K, reserved 1114112K
  class space    used 3542K, committed 3712K, reserved 1048576K
}
Event: 2.352 GC heap after
{Heap after GC invocations=11 (full 0):
 garbage-first heap   total 565248K, used 29786K [0x000000040e000000, 0x0000000800000000)
  region size 8192K, 1 young (8192K), 1 survivors (8192K)
 Metaspace       used 35673K, committed 36096K, reserved 1114112K
  class space    used 3542K, committed 3712K, reserved 1048576K
}
Event: 12.423 GC heap before
{Heap before GC invocations=12 (full 0):
 garbage-first heap   total 163840K, used 152666K [0x000000040e000000, 0x0000000800000000)
  region size 8192K, 16 young (131072K), 1 survivors (8192K)
 Metaspace       used 43707K, committed 44288K, reserved 1114112K
  class space    used 4306K, committed 4544K, reserved 1048576K
}
Event: 12.431 GC heap after
{Heap after GC invocations=13 (full 0):
 garbage-first heap   total 196608K, used 60908K [0x000000040e000000, 0x0000000800000000)
  region size 8192K, 4 young (32768K), 4 survivors (32768K)
 Metaspace       used 43707K, committed 44288K, reserved 1114112K
  class space    used 4306K, committed 4544K, reserved 1048576K
}
Event: 21.551 GC heap before
{Heap before GC invocations=13 (full 0):
 garbage-first heap   total 196608K, used 142828K [0x000000040e000000, 0x0000000800000000)
  region size 8192K, 14 young (114688K), 4 survivors (32768K)
 Metaspace       used 44462K, committed 45184K, reserved 1114112K
  class space    used 4349K, committed 4672K, reserved 1048576K
}
Event: 21.557 GC heap after
{Heap after GC invocations=14 (full 0):
 garbage-first heap   total 196608K, used 45291K [0x000000040e000000, 0x0000000800000000)
  region size 8192K, 2 young (16384K), 2 survivors (16384K)
 Metaspace       used 44462K, committed 45184K, reserved 1114112K
  class space    used 4349K, committed 4672K, reserved 1048576K
}
Event: 33.616 GC heap before
{Heap before GC invocations=14 (full 0):
 garbage-first heap   total 196608K, used 135403K [0x000000040e000000, 0x0000000800000000)
  region size 8192K, 13 young (106496K), 2 survivors (16384K)
 Metaspace       used 44713K, committed 45440K, reserved 1114112K
  class space    used 4353K, committed 4672K, reserved 1048576K
}
Event: 33.621 GC heap after
{Heap after GC invocations=15 (full 0):
 garbage-first heap   total 196608K, used 56381K [0x000000040e000000, 0x0000000800000000)
  region size 8192K, 2 young (16384K), 2 survivors (16384K)
 Metaspace       used 44713K, committed 45440K, reserved 1114112K
  class space    used 4353K, committed 4672K, reserved 1048576K
}
Event: 45.689 GC heap before
{Heap before GC invocations=15 (full 0):
 garbage-first heap   total 196608K, used 138301K [0x000000040e000000, 0x0000000800000000)
  region size 8192K, 12 young (98304K), 2 survivors (16384K)
 Metaspace       used 44882K, committed 45568K, reserved 1114112K
  class space    used 4354K, committed 4672K, reserved 1048576K
}
Event: 45.695 GC heap after
{Heap after GC invocations=16 (full 0):
 garbage-first heap   total 196608K, used 69467K [0x000000040e000000, 0x0000000800000000)
  region size 8192K, 2 young (16384K), 2 survivors (16384K)
 Metaspace       used 44882K, committed 45568K, reserved 1114112K
  class space    used 4354K, committed 4672K, reserved 1048576K
}
Event: 54.398 GC heap before
{Heap before GC invocations=16 (full 0):
 garbage-first heap   total 196608K, used 135003K [0x000000040e000000, 0x0000000800000000)
  region size 8192K, 10 young (81920K), 2 survivors (16384K)
 Metaspace       used 44963K, committed 45632K, reserved 1114112K
  class space    used 4355K, committed 4672K, reserved 1048576K
}
Event: 54.404 GC heap after
{Heap after GC invocations=17 (full 0):
 garbage-first heap   total 196608K, used 81199K [0x000000040e000000, 0x0000000800000000)
  region size 8192K, 2 young (16384K), 2 survivors (16384K)
 Metaspace       used 44963K, committed 45632K, reserved 1114112K
  class space    used 4355K, committed 4672K, reserved 1048576K
}
Event: 60.452 GC heap before
{Heap before GC invocations=17 (full 0):
 garbage-first heap   total 196608K, used 122159K [0x000000040e000000, 0x0000000800000000)
  region size 8192K, 8 young (65536K), 2 survivors (16384K)
 Metaspace       used 45002K, committed 45696K, reserved 1114112K
  class space    used 4355K, committed 4672K, reserved 1048576K
}
Event: 60.518 GC heap after
{Heap after GC invocations=18 (full 1):
 garbage-first heap   total 196608K, used 56709K [0x000000040e000000, 0x0000000800000000)
  region size 8192K, 0 young (0K), 0 survivors (0K)
 Metaspace       used 45002K, committed 45696K, reserved 1114112K
  class space    used 4355K, committed 4672K, reserved 1048576K
}
Event: 69.574 GC heap before
{Heap before GC invocations=18 (full 1):
 garbage-first heap   total 196608K, used 122245K [0x000000040e000000, 0x0000000800000000)
  region size 8192K, 8 young (65536K), 0 survivors (0K)
 Metaspace       used 45260K, committed 45952K, reserved 1114112K
  class space    used 4387K, committed 4736K, reserved 1048576K
}
Event: 69.580 GC heap after
{Heap after GC invocations=19 (full 1):
 garbage-first heap   total 622592K, used 77113K [0x000000040e000000, 0x0000000800000000)
  region size 8192K, 1 young (8192K), 1 survivors (8192K)
 Metaspace       used 45260K, committed 45952K, reserved 1114112K
  class space    used 4387K, committed 4736K, reserved 1048576K
}

Dll operation events (20 events):
Event: 1.029 Loaded shared library C:\Program Files\Eclipse Adoptium\jdk-21.0.2.13-hotspot\bin\msvcp140.dll
Event: 1.035 Loaded shared library C:\Windows\System32\msvcp140_1.dll
Event: 1.042 Loaded shared library C:\Windows\System32\concrt140.dll
Event: 1.051 Loaded shared library C:\Windows\System32\vcomp140.dll
Event: 1.064 Loaded shared library C:\Windows\System32\libomp140.x86_64.dll
Event: 1.074 Loaded shared library C:\Users\orrda\.javacpp\cache\ffmpeg-7.1-1.5.11-windows-x86_64.jar\org\bytedeco\ffmpeg\windows-x86_64\avutil-59.dll
Event: 1.097 Loaded shared library C:\Users\orrda\.javacpp\cache\ffmpeg-7.1-1.5.11-windows-x86_64.jar\org\bytedeco\ffmpeg\windows-x86_64\jniavutil.dll
Event: 1.136 Loaded shared library C:\Users\orrda\.javacpp\cache\ffmpeg-7.1-1.5.11-windows-x86_64.jar\org\bytedeco\ffmpeg\windows-x86_64\swresample-5.dll
Event: 1.142 Loaded shared library C:\Users\orrda\.javacpp\cache\ffmpeg-7.1-1.5.11-windows-x86_64.jar\org\bytedeco\ffmpeg\windows-x86_64\jniswresample.dll
Event: 1.159 Loaded shared library C:\Users\orrda\.javacpp\cache\ffmpeg-7.1-1.5.11-windows-x86_64.jar\org\bytedeco\ffmpeg\windows-x86_64\avcodec-61.dll
Event: 1.165 Loaded shared library C:\Users\orrda\.javacpp\cache\ffmpeg-7.1-1.5.11-windows-x86_64.jar\org\bytedeco\ffmpeg\windows-x86_64\jniavcodec.dll
Event: 1.190 Loaded shared library C:\Users\orrda\.javacpp\cache\ffmpeg-7.1-1.5.11-windows-x86_64.jar\org\bytedeco\ffmpeg\windows-x86_64\avformat-61.dll
Event: 1.196 Loaded shared library C:\Users\orrda\.javacpp\cache\ffmpeg-7.1-1.5.11-windows-x86_64.jar\org\bytedeco\ffmpeg\windows-x86_64\jniavformat.dll
Event: 1.211 Loaded shared library C:\Users\orrda\.javacpp\cache\ffmpeg-7.1-1.5.11-windows-x86_64.jar\org\bytedeco\ffmpeg\windows-x86_64\swscale-8.dll
Event: 1.217 Loaded shared library C:\Users\orrda\.javacpp\cache\ffmpeg-7.1-1.5.11-windows-x86_64.jar\org\bytedeco\ffmpeg\windows-x86_64\jniswscale.dll
Event: 1.238 Loaded shared library C:\Users\orrda\.javacpp\cache\ffmpeg-7.1-1.5.11-windows-x86_64.jar\org\bytedeco\ffmpeg\windows-x86_64\avfilter-10.dll
Event: 1.244 Loaded shared library C:\Users\orrda\.javacpp\cache\ffmpeg-7.1-1.5.11-windows-x86_64.jar\org\bytedeco\ffmpeg\windows-x86_64\jniavfilter.dll
Event: 1.256 Loaded shared library C:\Users\orrda\.javacpp\cache\ffmpeg-7.1-1.5.11-windows-x86_64.jar\org\bytedeco\ffmpeg\windows-x86_64\avdevice-61.dll
Event: 1.262 Loaded shared library C:\Users\orrda\.javacpp\cache\ffmpeg-7.1-1.5.11-windows-x86_64.jar\org\bytedeco\ffmpeg\windows-x86_64\jniavdevice.dll
Event: 2.635 Loaded shared library C:\Users\orrda\AppData\Local\composemediaplayer\native\win32-x86-64\NativeVideoPlayer.dll

Deoptimization events (20 events):
Event: 73.052 Thread 0x000002079ed21120 DEOPT PACKING pc=0x00000207243476fc sp=0x00000051fedff090
Event: 73.052 Thread 0x000002079ed21120 DEOPT UNPACKING pc=0x00000207239e88e2 sp=0x00000051fedfe580 mode 1
Event: 73.052 Thread 0x000002079ed21120 DEOPT PACKING pc=0x00000207245cdd6c sp=0x00000051fedfef10
Event: 73.052 Thread 0x000002079ed21120 DEOPT UNPACKING pc=0x00000207239e88e2 sp=0x00000051fedfe448 mode 1
Event: 73.056 Thread 0x0000020788c10cc0 Uncommon trap: trap_request=0xffffff45 fr.pc=0x000002072432463c relative=0x000000000000055c
Event: 73.056 Thread 0x0000020788c10cc0 Uncommon trap: reason=unstable_if action=reinterpret pc=0x000002072432463c method=sun.awt.AWTAutoShutdown.isReadyToShutdown()Z @ 16 c2
Event: 73.056 Thread 0x0000020788c10cc0 DEOPT PACKING pc=0x000002072432463c sp=0x00000051fa8feaf0
Event: 73.056 Thread 0x0000020788c10cc0 DEOPT UNPACKING pc=0x00000207239e7da2 sp=0x00000051fa8fea50 mode 2
Event: 73.057 Thread 0x000002079ed21120 DEOPT PACKING pc=0x00000207245f80d4 sp=0x00000051fedff030
Event: 73.057 Thread 0x000002079ed21120 DEOPT UNPACKING pc=0x00000207239e88e2 sp=0x00000051fedfe478 mode 1
Event: 73.057 Thread 0x000002079ed21120 DEOPT PACKING pc=0x00000207243476fc sp=0x00000051fedff090
Event: 73.057 Thread 0x000002079ed21120 DEOPT UNPACKING pc=0x00000207239e88e2 sp=0x00000051fedfe580 mode 1
Event: 73.057 Thread 0x000002079ed21120 DEOPT PACKING pc=0x00000207245cdd6c sp=0x00000051fedfef10
Event: 73.057 Thread 0x000002079ed21120 DEOPT UNPACKING pc=0x00000207239e88e2 sp=0x00000051fedfe448 mode 1
Event: 73.067 Thread 0x000002079ed21120 DEOPT PACKING pc=0x00000207245f80d4 sp=0x00000051fedff030
Event: 73.067 Thread 0x000002079ed21120 DEOPT UNPACKING pc=0x00000207239e88e2 sp=0x00000051fedfe478 mode 1
Event: 73.067 Thread 0x000002079ed21120 DEOPT PACKING pc=0x00000207243476fc sp=0x00000051fedff090
Event: 73.067 Thread 0x000002079ed21120 DEOPT UNPACKING pc=0x00000207239e88e2 sp=0x00000051fedfe580 mode 1
Event: 73.067 Thread 0x000002079ed21120 DEOPT PACKING pc=0x00000207245cdd6c sp=0x00000051fedfef10
Event: 73.067 Thread 0x000002079ed21120 DEOPT UNPACKING pc=0x00000207239e88e2 sp=0x00000051fedfe448 mode 1

Classes loaded (20 events):
Event: 72.745 Loading class androidx/compose/ui/window/YieldFrameClock$withFrameNanos$1
Event: 72.745 Loading class androidx/compose/ui/window/YieldFrameClock$withFrameNanos$1 done
Event: 72.746 Loading class java/awt/Window$1DisposeAction
Event: 72.746 Loading class java/awt/Window$1DisposeAction done
Event: 72.746 Loading class java/awt/KeyboardFocusManager$2
Event: 72.746 Loading class java/awt/KeyboardFocusManager$2 done
Event: 72.747 Loading class sun/awt/SunToolkit$1
Event: 72.747 Loading class sun/awt/SunToolkit$1 done
Event: 72.753 Loading class androidx/arch/core/internal/SafeIterableMap$DescendingIterator
Event: 72.753 Loading class androidx/arch/core/internal/SafeIterableMap$DescendingIterator done
Event: 72.753 Loading class androidx/arch/core/internal/SafeIterableMap$ListIterator
Event: 72.753 Loading class androidx/arch/core/internal/SafeIterableMap$ListIterator done
Event: 72.973 Loading class androidx/compose/ui/awt/SwingInteropViewGroup
Event: 72.973 Loading class androidx/compose/ui/awt/SwingInteropViewGroup done
Event: 72.975 Loading class kotlin/jvm/internal/Ref$ObjectRef
Event: 72.975 Loading class kotlin/jvm/internal/Ref$ObjectRef done
Event: 72.975 Loading class kotlin/jvm/internal/Ref$ObjectRef
Event: 72.975 Loading class kotlin/jvm/internal/Ref$ObjectRef done
Event: 72.975 Loading class androidx/compose/ui/node/TraversableNode
Event: 72.975 Loading class androidx/compose/ui/node/TraversableNode done

Classes unloaded (0 events):
No events

Classes redefined (1 events):
Event: 0.107 Thread 0x000002072c2e56c0 redefined class name=java.lang.Throwable, count=1

Internal exceptions (20 events):
Event: 12.997 Thread 0x000002078904b0c0 Implicit null exception at 0x00000207242417d5 to 0x0000020724241be0
Event: 13.814 Thread 0x0000020788e02e90 Exception <a 'java/lang/NoSuchMethodError'{0x0000000416194570}: 'java.lang.Object java.lang.invoke.DirectMethodHandle$Holder.newInvokeSpecial(java.lang.Object, java.lang.Object, java.lang.Object, java.lang.Object, java.lang.Object, int, java.lang.Object)'> (0x0000000416194570) 
thrown [s\src\hotspot\share\interpreter\linkResolver.cpp, line 773]
Event: 13.874 Thread 0x0000020788e02e90 Implicit null exception at 0x00000207243c6886 to 0x00000207243c698c
Event: 69.562 Thread 0x0000020788e02e90 Exception <a 'java/lang/NoSuchMethodError'{0x00000004165fc9b8}: 'java.lang.Object java.lang.invoke.DirectMethodHandle$Holder.invokeStatic(java.lang.Object, java.lang.Object, java.lang.Object, java.lang.Object, java.lang.Object, java.lang.Object, java.lang.Object, java.lang.Object, java.lang.Object, int)'> (0x00000004165fc9b8) 
thrown [s\src\hotspot\share\interpreter\linkResolver.cpp, line 773]
Event: 69.567 Thread 0x0000020788e02e90 Implicit null exception at 0x000002072401ae61 to 0x000002072401bcc4
Event: 69.568 Thread 0x0000020788e02e90 Implicit null exception at 0x0000020724373c3a to 0x0000020724373c80
Event: 69.570 Thread 0x0000020788e02e90 Exception <a 'java/lang/NoSuchMethodError'{0x000000041678a700}: 'java.lang.Object java.lang.invoke.DirectMethodHandle$Holder.newInvokeSpecial(java.lang.Object, java.lang.Object, java.lang.Object, java.lang.Object, java.lang.Object, java.lang.Object, java.lang.Object, int, int)'> (0x000000041678a700) 
thrown [s\src\hotspot\share\interpreter\linkResolver.cpp, line 773]
Event: 69.570 Thread 0x0000020788e02e90 Exception <a 'java/lang/NoSuchMethodError'{0x000000041678eeb0}: 'java.lang.Object java.lang.invoke.DirectMethodHandle$Holder.invokeSpecial(java.lang.Object, java.lang.Object, java.lang.Object, java.lang.Object, java.lang.Object, java.lang.Object, java.lang.Object, java.lang.Object, int, int)'> (0x000000041678eeb0) 
thrown [s\src\hotspot\share\interpreter\linkResolver.cpp, line 773]
Event: 69.573 Thread 0x0000020788e02e90 Exception <a 'java/lang/NoSuchMethodError'{0x00000004167d5040}: 'java.lang.Object java.lang.invoke.DirectMethodHandle$Holder.invokeStatic(java.lang.Object, java.lang.Object, java.lang.Object, java.lang.Object, java.lang.Object, java.lang.Object, int)'> (0x00000004167d5040) 
thrown [s\src\hotspot\share\interpreter\linkResolver.cpp, line 773]
Event: 69.592 Thread 0x0000020788e02e90 Exception <a 'java/lang/NoSuchMethodError'{0x000000044d1860b0}: 'java.lang.Object java.lang.invoke.DirectMethodHandle$Holder.newInvokeSpecial(java.lang.Object, java.lang.Object, java.lang.Object, java.lang.Object, java.lang.Object, java.lang.Object, int, int)'> (0x000000044d1860b0) 
thrown [s\src\hotspot\share\interpreter\linkResolver.cpp, line 773]
Event: 69.592 Thread 0x0000020788e02e90 Exception <a 'java/lang/NoSuchMethodError'{0x000000044d18a5a8}: 'java.lang.Object java.lang.invoke.DirectMethodHandle$Holder.invokeSpecial(java.lang.Object, java.lang.Object, java.lang.Object, java.lang.Object, java.lang.Object, java.lang.Object, java.lang.Object, int, int)'> (0x000000044d18a5a8) 
thrown [s\src\hotspot\share\interpreter\linkResolver.cpp, line 773]
Event: 69.592 Thread 0x0000020788e02e90 Exception <a 'java/lang/NoSuchMethodError'{0x000000044d18e498}: 'java.lang.Object java.lang.invoke.Invokers$Holder.linkToTargetMethod(java.lang.Object, java.lang.Object, java.lang.Object, java.lang.Object, java.lang.Object, int, int, java.lang.Object)'> (0x000000044d18e498) 
thrown [s\src\hotspot\share\interpreter\linkResolver.cpp, line 773]
Event: 69.596 Thread 0x0000020788e02e90 Exception <a 'java/lang/NoSuchMethodError'{0x000000044d1fe128}: 'java.lang.Object java.lang.invoke.DirectMethodHandle$Holder.newInvokeSpecial(java.lang.Object, java.lang.Object, float)'> (0x000000044d1fe128) 
thrown [s\src\hotspot\share\interpreter\linkResolver.cpp, line 773]
Event: 69.600 Thread 0x0000020788e02e90 Exception <a 'java/lang/NoSuchMethodError'{0x000000044d2577e8}: 'java.lang.Object java.lang.invoke.DirectMethodHandle$Holder.invokeStatic(java.lang.Object, java.lang.Object, long, java.lang.Object, java.lang.Object, java.lang.Object)'> (0x000000044d2577e8) 
thrown [s\src\hotspot\share\interpreter\linkResolver.cpp, line 773]
Event: 69.600 Thread 0x0000020788e02e90 Exception <a 'java/lang/NoSuchMethodError'{0x000000044d27ef60}: 'java.lang.Object java.lang.invoke.DirectMethodHandle$Holder.newInvokeSpecial(java.lang.Object, java.lang.Object, long, java.lang.Object, java.lang.Object)'> (0x000000044d27ef60) 
thrown [s\src\hotspot\share\interpreter\linkResolver.cpp, line 773]
Event: 69.600 Thread 0x0000020788e02e90 Exception <a 'java/lang/NoSuchMethodError'{0x000000044d283218}: 'java.lang.Object java.lang.invoke.DirectMethodHandle$Holder.invokeSpecial(java.lang.Object, java.lang.Object, java.lang.Object, long, java.lang.Object, java.lang.Object)'> (0x000000044d283218) 
thrown [s\src\hotspot\share\interpreter\linkResolver.cpp, line 773]
Event: 69.600 Thread 0x0000020788e02e90 Exception <a 'java/lang/NoSuchMethodError'{0x000000044d286d90}: 'java.lang.Object java.lang.invoke.Invokers$Holder.linkToTargetMethod(java.lang.Object, long, java.lang.Object, java.lang.Object, java.lang.Object)'> (0x000000044d286d90) 
thrown [s\src\hotspot\share\interpreter\linkResolver.cpp, line 773]
Event: 72.974 Thread 0x0000020788e02e90 Implicit null exception at 0x000002072459ec13 to 0x00000207245a7eb4
Event: 72.974 Thread 0x0000020788e02e90 Implicit null exception at 0x0000020724654d3b to 0x0000020724655810
Event: 72.976 Thread 0x0000020788e02e90 Implicit null exception at 0x0000020724677aba to 0x0000020724677b20

ZGC Phase Switch (0 events):
No events

VM Operations (20 events):
Event: 64.519 Executing VM operation: Cleanup
Event: 64.519 Executing VM operation: Cleanup done
Event: 65.520 Executing VM operation: Cleanup
Event: 65.520 Executing VM operation: Cleanup done
Event: 67.520 Executing VM operation: Cleanup
Event: 67.520 Executing VM operation: Cleanup done
Event: 68.520 Executing VM operation: Cleanup
Event: 68.520 Executing VM operation: Cleanup done
Event: 69.567 Executing VM operation: HandshakeAllThreads (Deoptimize)
Event: 69.567 Executing VM operation: HandshakeAllThreads (Deoptimize) done
Event: 69.567 Executing VM operation: Cleanup
Event: 69.567 Executing VM operation: Cleanup done
Event: 69.574 Executing VM operation: G1CollectForAllocation (G1 Evacuation Pause)
Event: 69.581 Executing VM operation: G1CollectForAllocation (G1 Evacuation Pause) done
Event: 70.581 Executing VM operation: Cleanup
Event: 70.581 Executing VM operation: Cleanup done
Event: 71.581 Executing VM operation: Cleanup
Event: 71.582 Executing VM operation: Cleanup done
Event: 72.582 Executing VM operation: Cleanup
Event: 72.582 Executing VM operation: Cleanup done

Events (20 events):
Event: 61.962 Thread 0x000002079ee59940 Thread exited: 0x000002079ee59940
Event: 61.974 Thread 0x000002078904e540 Thread exited: 0x000002078904e540
Event: 61.984 Thread 0x000002079ee5c730 Thread exited: 0x000002079ee5c730
Event: 62.005 Thread 0x000002079ee571e0 Thread exited: 0x000002079ee571e0
Event: 62.017 Thread 0x000002078904ebd0 Thread exited: 0x000002078904ebd0
Event: 62.033 Thread 0x000002079ef83ea0 Thread exited: 0x000002079ef83ea0
Event: 62.040 Thread 0x000002078904b750 Thread exited: 0x000002078904b750
Event: 62.070 Thread 0x0000020789048960 Thread exited: 0x0000020789048960
Event: 62.083 Thread 0x000002079ee5e170 Thread exited: 0x000002079ee5e170
Event: 62.112 Thread 0x00000207890482d0 Thread exited: 0x00000207890482d0
Event: 62.125 Thread 0x000002079ef81dd0 Thread exited: 0x000002079ef81dd0
Event: 62.129 Thread 0x000002079ee58590 Thread exited: 0x000002079ee58590
Event: 62.136 Thread 0x0000020788e01ae0 Thread exited: 0x0000020788e01ae0
Event: 62.142 Thread 0x000002079ed252c0 Thread exited: 0x000002079ed252c0
Event: 68.390 Thread 0x00000207a04394b0 Thread added: 0x00000207a04394b0
Event: 69.850 Thread 0x00000207a04394b0 Thread exited: 0x00000207a04394b0
Event: 70.688 Thread 0x0000020789049680 Thread exited: 0x0000020789049680
Event: 70.689 Thread 0x0000020789048ff0 Thread exited: 0x0000020789048ff0
Event: 72.690 Thread 0x0000020789049d10 Thread exited: 0x0000020789049d10
Event: 72.715 Thread 0x00000207bda6d040 Thread exited: 0x00000207bda6d040


Dynamic libraries:
0x00007ff615360000 - 0x00007ff61536e000 	C:\Program Files\Eclipse Adoptium\jdk-21.0.2.13-hotspot\bin\java.exe
0x00007ffbbd3a0000 - 0x00007ffbbd606000 	C:\WINDOWS\SYSTEM32\ntdll.dll
0x00007ffbbc740000 - 0x00007ffbbc809000 	C:\WINDOWS\System32\KERNEL32.DLL
0x00007ffbba6f0000 - 0x00007ffbbaaea000 	C:\WINDOWS\System32\KERNELBASE.dll
0x00007ffbbae50000 - 0x00007ffbbaf9c000 	C:\WINDOWS\System32\ucrtbase.dll
0x00007ffb62000000 - 0x00007ffb62018000 	C:\Program Files\Eclipse Adoptium\jdk-21.0.2.13-hotspot\bin\jli.dll
0x00007ffb61f80000 - 0x00007ffb61f9b000 	C:\Program Files\Eclipse Adoptium\jdk-21.0.2.13-hotspot\bin\VCRUNTIME140.dll
0x00007ffbbcd00000 - 0x00007ffbbcec7000 	C:\WINDOWS\System32\USER32.dll
0x00007ffbbb030000 - 0x00007ffbbb057000 	C:\WINDOWS\System32\win32u.dll
0x00007ffba8df0000 - 0x00007ffba9082000 	C:\WINDOWS\WinSxS\amd64_microsoft.windows.common-controls_6595b64144ccf1df_6.0.26100.8521_none_3e08b75ce33403b3\COMCTL32.dll
0x00007ffbbccd0000 - 0x00007ffbbccfb000 	C:\WINDOWS\System32\GDI32.dll
0x00007ffbbad20000 - 0x00007ffbbae4b000 	C:\WINDOWS\System32\gdi32full.dll
0x00007ffbbc440000 - 0x00007ffbbc4e9000 	C:\WINDOWS\System32\msvcrt.dll
0x00007ffbbac70000 - 0x00007ffbbad13000 	C:\WINDOWS\System32\msvcp_win.dll
0x00007ffbbc2f0000 - 0x00007ffbbc322000 	C:\WINDOWS\System32\IMM32.DLL
0x00007ffb653c0000 - 0x00007ffb653cc000 	C:\Program Files\Eclipse Adoptium\jdk-21.0.2.13-hotspot\bin\vcruntime140_1.dll
0x00007ffb61de0000 - 0x00007ffb61e6e000 	C:\Program Files\Eclipse Adoptium\jdk-21.0.2.13-hotspot\bin\msvcp140.dll
0x00007ffa79d00000 - 0x00007ffa7aa83000 	C:\Program Files\Eclipse Adoptium\jdk-21.0.2.13-hotspot\bin\server\jvm.dll
0x00007ffbbb520000 - 0x00007ffbbb5d6000 	C:\WINDOWS\System32\ADVAPI32.dll
0x00007ffbbc1c0000 - 0x00007ffbbc26a000 	C:\WINDOWS\System32\sechost.dll
0x00007ffbbb670000 - 0x00007ffbbb788000 	C:\WINDOWS\System32\RPCRT4.dll
0x00007ffbbb5e0000 - 0x00007ffbbb660000 	C:\WINDOWS\System32\WS2_32.dll
0x00007ffbba2e0000 - 0x00007ffbba33e000 	C:\WINDOWS\SYSTEM32\POWRPROF.dll
0x00007ffbacc90000 - 0x00007ffbacc9b000 	C:\WINDOWS\SYSTEM32\VERSION.dll
0x00007ffbad720000 - 0x00007ffbad756000 	C:\WINDOWS\SYSTEM32\WINMM.dll
0x00007ffbba2c0000 - 0x00007ffbba2d4000 	C:\WINDOWS\SYSTEM32\UMPDC.dll
0x00007ffbb9390000 - 0x00007ffbb93ab000 	C:\WINDOWS\SYSTEM32\kernel.appcore.dll
0x00007ffb62700000 - 0x00007ffb6270a000 	C:\Program Files\Eclipse Adoptium\jdk-21.0.2.13-hotspot\bin\jimage.dll
0x00007ffbad760000 - 0x00007ffbad9a2000 	C:\WINDOWS\SYSTEM32\DBGHELP.DLL
0x00007ffbbb110000 - 0x00007ffbbb493000 	C:\WINDOWS\System32\combase.dll
0x00007ffbbbf80000 - 0x00007ffbbc059000 	C:\WINDOWS\System32\OLEAUT32.dll
0x00007ffba4830000 - 0x00007ffba486b000 	C:\WINDOWS\SYSTEM32\dbgcore.DLL
0x00007ffbbb060000 - 0x00007ffbbb108000 	C:\WINDOWS\System32\bcryptPrimitives.dll
0x00007ffb86470000 - 0x00007ffb864ac000 	C:\Program Files\Eclipse Adoptium\jdk-21.0.2.13-hotspot\bin\jdwp.dll
0x00007ffb626f0000 - 0x00007ffb626ff000 	C:\Program Files\Eclipse Adoptium\jdk-21.0.2.13-hotspot\bin\instrument.dll
0x00007ffb62190000 - 0x00007ffb621af000 	C:\Program Files\Eclipse Adoptium\jdk-21.0.2.13-hotspot\bin\java.dll
0x00007ffb62090000 - 0x00007ffb620a8000 	C:\Program Files\Eclipse Adoptium\jdk-21.0.2.13-hotspot\bin\zip.dll
0x00007ffbbb7d0000 - 0x00007ffbbbf54000 	C:\WINDOWS\System32\SHELL32.dll
0x00007ffbb81d0000 - 0x00007ffbb8a50000 	C:\WINDOWS\SYSTEM32\windows.storage.dll
0x00007ffbbc0c0000 - 0x00007ffbbc1b6000 	C:\WINDOWS\System32\SHCORE.dll
0x00007ffbbc4f0000 - 0x00007ffbbc557000 	C:\WINDOWS\System32\shlwapi.dll
0x00007ffbba550000 - 0x00007ffbba579000 	C:\WINDOWS\SYSTEM32\profapi.dll
0x00007ffb620b0000 - 0x00007ffb62187000 	C:\Program Files\Eclipse Adoptium\jdk-21.0.2.13-hotspot\bin\jsvml.dll
0x00007ffb9d3d0000 - 0x00007ffb9d3dc000 	C:\Program Files\Eclipse Adoptium\jdk-21.0.2.13-hotspot\bin\dt_socket.dll
0x00007ffbb8d60000 - 0x00007ffbb8d93000 	C:\WINDOWS\SYSTEM32\IPHLPAPI.DLL
0x00007ffbb98f0000 - 0x00007ffbb995c000 	C:\WINDOWS\system32\mswsock.dll
0x00007ffb62080000 - 0x00007ffb62090000 	C:\Program Files\Eclipse Adoptium\jdk-21.0.2.13-hotspot\bin\net.dll
0x00007ffbb2520000 - 0x00007ffbb2649000 	C:\WINDOWS\SYSTEM32\WINHTTP.dll
0x00007ffb62060000 - 0x00007ffb62076000 	C:\Program Files\Eclipse Adoptium\jdk-21.0.2.13-hotspot\bin\nio.dll
0x00007ffa74ab0000 - 0x00007ffa75825000 	C:\Users\orrda\.skiko\skiko-windows-x64-3ce1b2621ce4905333064341568d0e9493efc0d4971a63b096261c774bc6e5a8\skiko-windows-x64.dll
0x00007ffbbca50000 - 0x00007ffbbcbe8000 	C:\WINDOWS\System32\ole32.dll
0x00007ffbb7d20000 - 0x00007ffbb7d4f000 	C:\WINDOWS\SYSTEM32\dwmapi.dll
0x00007ffbb4fe0000 - 0x00007ffbb50e6000 	C:\WINDOWS\SYSTEM32\PROPSYS.dll
0x00007ffa74920000 - 0x00007ffa74aad000 	C:\Program Files\Eclipse Adoptium\jdk-21.0.2.13-hotspot\bin\awt.dll
0x00007ffbb7640000 - 0x00007ffbb76e0000 	C:\WINDOWS\SYSTEM32\apphelp.dll
0x00007ffbb7870000 - 0x00007ffbb791a000 	C:\WINDOWS\system32\uxtheme.dll
0x00007ffbbc8d0000 - 0x00007ffbbca2d000 	C:\WINDOWS\System32\MSCTF.dll
0x00007ffb26bf0000 - 0x00007ffb26cfc000 	C:\WINDOWS\system32\opengl32.dll
0x00007ffb265c0000 - 0x00007ffb265ed000 	C:\WINDOWS\SYSTEM32\GLU32.dll
0x00007ffbb7970000 - 0x00007ffbb79b4000 	C:\WINDOWS\SYSTEM32\dxcore.dll
0x00007ffb36210000 - 0x00007ffb3892b000 	C:\WINDOWS\System32\DriverStore\FileRepository\u0201163.inf_amd64_5a3558962e78d523\B026079\AMDXN64.DLL
0x00007ffbbced0000 - 0x00007ffbbd357000 	C:\WINDOWS\System32\SETUPAPI.dll
0x00007ffbb7bc0000 - 0x00007ffbb7cfa000 	C:\WINDOWS\SYSTEM32\dxgi.dll
0x00007ffbba520000 - 0x00007ffbba54a000 	C:\WINDOWS\SYSTEM32\BCrypt.dll
0x00007ffbabf00000 - 0x00007ffbabf3c000 	C:\WINDOWS\System32\DriverStore\FileRepository\u0201163.inf_amd64_5a3558962e78d523\B026079\amdihk64.dll
0x00007ffbb3410000 - 0x00007ffbb346f000 	C:\WINDOWS\SYSTEM32\directxdatabasehelper.dll
0x00007ffb9d4e0000 - 0x00007ffb9d4e9000 	C:\Program Files\Eclipse Adoptium\jdk-21.0.2.13-hotspot\bin\prefs.dll
0x00007ffba2c10000 - 0x00007ffba2c28000 	C:\WINDOWS\system32\napinsp.dll
0x00007ffbb8df0000 - 0x00007ffbb8f3a000 	C:\WINDOWS\SYSTEM32\DNSAPI.dll
0x00007ffbb9700000 - 0x00007ffbb970d000 	C:\WINDOWS\SYSTEM32\DSPARSE.dll
0x00007ffbbbf70000 - 0x00007ffbbbf7a000 	C:\WINDOWS\System32\NSI.dll
0x00007ffba1ec0000 - 0x00007ffba1ed3000 	C:\WINDOWS\System32\winrnr.dll
0x00007ffba1e90000 - 0x00007ffba1eb2000 	C:\WINDOWS\system32\nlansp_c.dll
0x00007ffbb2cc0000 - 0x00007ffbb2cd6000 	C:\WINDOWS\system32\wshbth.dll
0x00007ffbb2c00000 - 0x00007ffbb2c0b000 	C:\Windows\System32\rasadhlp.dll
0x00007ffbad290000 - 0x00007ffbad316000 	C:\WINDOWS\System32\fwpuclnt.dll
0x00007ffb62030000 - 0x00007ffb62039000 	C:\Program Files\Eclipse Adoptium\jdk-21.0.2.13-hotspot\bin\extnet.dll
0x00007ffb9d4a0000 - 0x00007ffb9d4d9000 	C:\Users\orrda\AppData\Local\Temp\jSerialComm\2.10.4\jSerialComm.dll
0x00007ffbba240000 - 0x00007ffbba26d000 	C:\WINDOWS\SYSTEM32\DEVOBJ.dll
0x00007ffbba1e0000 - 0x00007ffbba231000 	C:\WINDOWS\SYSTEM32\cfgmgr32.dll
0x00007ffbbafa0000 - 0x00007ffbbb023000 	C:\WINDOWS\System32\WINTRUST.dll
0x00007ffbbaaf0000 - 0x00007ffbbac68000 	C:\WINDOWS\System32\CRYPT32.dll
0x00007ffbb9c80000 - 0x00007ffbb9c93000 	C:\WINDOWS\SYSTEM32\MSASN1.dll
0x00000207a0200000 - 0x00000207a0203000 	C:\Program Files (x86)\Windows Kits\10\Redist\ucrt\DLLs\x64\api-ms-win-crt-locale-l1-1-0.dll
0x00000207a0210000 - 0x00000207a0214000 	C:\Program Files (x86)\Windows Kits\10\Redist\ucrt\DLLs\x64\api-ms-win-crt-string-l1-1-0.dll
0x00000207a0220000 - 0x00000207a0224000 	C:\Program Files (x86)\Windows Kits\10\Redist\ucrt\DLLs\x64\api-ms-win-crt-stdio-l1-1-0.dll
0x00000207a0230000 - 0x00000207a0235000 	C:\Program Files (x86)\Windows Kits\10\Redist\ucrt\DLLs\x64\api-ms-win-crt-math-l1-1-0.dll
0x00000207a1210000 - 0x00000207a1213000 	C:\Program Files (x86)\Windows Kits\10\Redist\ucrt\DLLs\x64\api-ms-win-crt-heap-l1-1-0.dll
0x00000207a1220000 - 0x00000207a1224000 	C:\Program Files (x86)\Windows Kits\10\Redist\ucrt\DLLs\x64\api-ms-win-crt-runtime-l1-1-0.dll
0x00000207a1230000 - 0x00000207a1234000 	C:\Program Files (x86)\Windows Kits\10\Redist\ucrt\DLLs\x64\api-ms-win-crt-convert-l1-1-0.dll
0x00000207a1240000 - 0x00000207a1243000 	C:\Program Files (x86)\Windows Kits\10\Redist\ucrt\DLLs\x64\api-ms-win-crt-environment-l1-1-0.dll
0x00000207a1250000 - 0x00000207a1253000 	C:\Program Files (x86)\Windows Kits\10\Redist\ucrt\DLLs\x64\api-ms-win-crt-time-l1-1-0.dll
0x00007ffb90c10000 - 0x00007ffb90c97000 	C:\Program Files\Eclipse Adoptium\jdk-21.0.2.13-hotspot\bin\freetype.dll
0x00000207a1260000 - 0x00000207a1263000 	C:\Program Files (x86)\Windows Kits\10\Redist\ucrt\DLLs\x64\api-ms-win-crt-filesystem-l1-1-0.dll
0x00007ffa75af0000 - 0x00007ffa75bd2000 	C:\Program Files\Eclipse Adoptium\jdk-21.0.2.13-hotspot\bin\fontmanager.dll
0x00000207a1270000 - 0x00000207a1273000 	C:\Program Files (x86)\Windows Kits\10\Redist\ucrt\DLLs\x64\api-ms-win-crt-utility-l1-1-0.dll
0x00000207a1280000 - 0x00000207a1285000 	C:\Program Files (x86)\Windows Kits\10\Redist\ucrt\DLLs\x64\api-ms-win-crt-multibyte-l1-1-0.dll
0x00000207a1290000 - 0x00000207a1293000 	C:\Program Files (x86)\Windows Kits\10\Redist\ucrt\DLLs\x64\api-ms-win-crt-conio-l1-1-0.dll
0x00000207a12a0000 - 0x00000207a12af000 	C:\Program Files (x86)\Windows Kits\10\Redist\ucrt\DLLs\x64\api-ms-win-crt-private-l1-1-0.dll
0x00000207a12b0000 - 0x00000207a12b3000 	C:\Program Files (x86)\Windows Kits\10\Redist\ucrt\DLLs\x64\api-ms-win-crt-process-l1-1-0.dll
0x00000207a12c0000 - 0x00000207a12c4000 	C:\Program Files\Eclipse Adoptium\jdk-21.0.2.13-hotspot\bin\api-ms-win-core-console-l1-2-0.dll
0x00000207a12d0000 - 0x00000207a12d3000 	C:\Program Files (x86)\Windows Kits\10\Redist\ucrt\DLLs\x64\api-ms-win-core-string-l1-1-0.dll
0x00000207a12e0000 - 0x00000207a12e3000 	C:\Program Files (x86)\Windows Kits\10\Redist\ucrt\DLLs\x64\api-ms-win-core-errorhandling-l1-1-0.dll
0x00000207a12f0000 - 0x00000207a12f3000 	C:\Program Files (x86)\Windows Kits\10\Redist\ucrt\DLLs\x64\api-ms-win-core-timezone-l1-1-0.dll
0x00000207a1300000 - 0x00000207a1304000 	C:\Program Files (x86)\Windows Kits\10\Redist\ucrt\DLLs\x64\api-ms-win-core-file-l1-1-0.dll
0x00000207a1310000 - 0x00000207a1313000 	C:\Program Files (x86)\Windows Kits\10\Redist\ucrt\DLLs\x64\api-ms-win-core-namedpipe-l1-1-0.dll
0x00000207a1320000 - 0x00000207a1323000 	C:\Program Files (x86)\Windows Kits\10\Redist\ucrt\DLLs\x64\api-ms-win-core-handle-l1-1-0.dll
0x00000207a1330000 - 0x00000207a1333000 	C:\Program Files (x86)\Windows Kits\10\Redist\ucrt\DLLs\x64\api-ms-win-core-file-l2-1-0.dll
0x00000207a1340000 - 0x00000207a1343000 	C:\Program Files (x86)\Windows Kits\10\Redist\ucrt\DLLs\x64\api-ms-win-core-heap-l1-1-0.dll
0x00000207a1350000 - 0x00000207a1353000 	C:\Program Files (x86)\Windows Kits\10\Redist\ucrt\DLLs\x64\api-ms-win-core-libraryloader-l1-1-0.dll
0x00000207a1360000 - 0x00000207a1363000 	C:\Program Files (x86)\Windows Kits\10\Redist\ucrt\DLLs\x64\api-ms-win-core-synch-l1-1-0.dll
0x00000207a1370000 - 0x00000207a1373000 	C:\Program Files (x86)\Windows Kits\10\Redist\ucrt\DLLs\x64\api-ms-win-core-processthreads-l1-1-0.dll
0x00000207a1380000 - 0x00000207a1383000 	C:\Program Files (x86)\Windows Kits\10\Redist\ucrt\DLLs\x64\api-ms-win-core-processenvironment-l1-1-0.dll
0x00000207a1390000 - 0x00000207a1393000 	C:\Program Files (x86)\Windows Kits\10\Redist\ucrt\DLLs\x64\api-ms-win-core-datetime-l1-1-0.dll
0x00000207a13a0000 - 0x00000207a13a3000 	C:\Program Files (x86)\Windows Kits\10\Redist\ucrt\DLLs\x64\api-ms-win-core-localization-l1-2-0.dll
0x00000207a13b0000 - 0x00000207a13b3000 	C:\Program Files (x86)\Windows Kits\10\Redist\ucrt\DLLs\x64\api-ms-win-core-sysinfo-l1-1-0.dll
0x00000207a13c0000 - 0x00000207a13c3000 	C:\Program Files (x86)\Windows Kits\10\Redist\ucrt\DLLs\x64\api-ms-win-core-synch-l1-2-0.dll
0x00000207a13d0000 - 0x00000207a13d3000 	C:\Program Files (x86)\Windows Kits\10\Redist\ucrt\DLLs\x64\api-ms-win-core-console-l1-1-0.dll
0x00000207a13e0000 - 0x00000207a13e3000 	C:\Program Files (x86)\Windows Kits\10\Redist\ucrt\DLLs\x64\api-ms-win-core-debug-l1-1-0.dll
0x00000207a13f0000 - 0x00000207a13f3000 	C:\Program Files (x86)\Windows Kits\10\Redist\ucrt\DLLs\x64\api-ms-win-core-rtlsupport-l1-1-0.dll
0x00000207a1400000 - 0x00000207a1403000 	C:\Program Files (x86)\Windows Kits\10\Redist\ucrt\DLLs\x64\api-ms-win-core-processthreads-l1-1-1.dll
0x00000207a1410000 - 0x00000207a1413000 	C:\Program Files (x86)\Windows Kits\10\Redist\ucrt\DLLs\x64\api-ms-win-core-file-l1-2-0.dll
0x00000207a1420000 - 0x00000207a1423000 	C:\Program Files (x86)\Windows Kits\10\Redist\ucrt\DLLs\x64\api-ms-win-core-profile-l1-1-0.dll
0x00000207a1430000 - 0x00000207a1433000 	C:\Program Files (x86)\Windows Kits\10\Redist\ucrt\DLLs\x64\api-ms-win-core-memory-l1-1-0.dll
0x00000207a1440000 - 0x00000207a1443000 	C:\Program Files (x86)\Windows Kits\10\Redist\ucrt\DLLs\x64\api-ms-win-core-util-l1-1-0.dll
0x00000207a1450000 - 0x00000207a1453000 	C:\Program Files (x86)\Windows Kits\10\Redist\ucrt\DLLs\x64\api-ms-win-core-interlocked-l1-1-0.dll
0x00007ffa74820000 - 0x00007ffa74912000 	C:\Program Files (x86)\Windows Kits\10\Redist\ucrt\DLLs\x64\ucrtbase.dll
0x00007ffba7240000 - 0x00007ffba7249000 	C:\Windows\System32\msvcp140_1.dll

dbghelp: loaded successfully - version: 4.0.5 - missing functions: none
symbol engine: initialized successfully - sym options: 0x614 - pdb path: .;C:\Program Files\Eclipse Adoptium\jdk-21.0.2.13-hotspot\bin;C:\WINDOWS\SYSTEM32;C:\WINDOWS\WinSxS\amd64_microsoft.windows.common-controls_6595b64144ccf1df_6.0.26100.8521_none_3e08b75ce33403b3;C:\Program Files\Eclipse Adoptium\jdk-21.0.2.13-hotspot\bin\server;C:\Users\orrda\.skiko\skiko-windows-x64-3ce1b2621ce4905333064341568d0e9493efc0d4971a63b096261c774bc6e5a8;C:\WINDOWS\System32\DriverStore\FileRepository\u0201163.inf_amd64_5a3558962e78d523\B026079;C:\Users\orrda\AppData\Local\Temp\jSerialComm\2.10.4;C:\Program Files (x86)\Windows Kits\10\Redist\ucrt\DLLs\x64;C:\Users\orrda\.javacpp\cache\ffmpeg-7.1-1.5.11-windows-x86_64.jar\org\bytedeco\ffmpeg\windows-x86_64;C:\Users\orrda\AppData\Local\composemediaplayer\native\win32-x86-64

VM Arguments:
jvm_args: -Dcompose.application.configure.swing.globals=true -Dcompose.application.resources.dir=Z:\IdeaProjects\dvitski\tabyproto\desktop\build\compose\tmp\prepareAppResources -Ddebugger.agent.enable.coroutines=true -Ddebugger.async.stack.trace.for.all.threads=true -Dkotlinx.coroutines.debug.enable.creation.stack.trace=false -Dkotlinx.coroutines.debug.enable.flows.stack.trace=true -Dkotlinx.coroutines.debug.enable.mutable.state.flows.stack.trace=true -agentlib:jdwp=transport=dt_socket,server=n,suspend=y,address=127.0.0.1:61380 -javaagent:C:\Users\orrda\AppData\Local\JetBrains\IntelliJIdea2026.1\captureAgent\debugger-agent.jar=file:///C:/Users/orrda/AppData/Local/Temp/capture1374551071892461312.props -javaagent:C:\Users\orrda\.gradle\caches\modules-2\files-2.1\org.jetbrains.kotlinx\kotlinx-coroutines-core-jvm\1.10.2\4a9f78ef49483748e2c129f3d124b8fa249dafbf\kotlinx-coroutines-core-jvm-1.10.2.jar -Dfile.encoding=UTF-8 -Duser.country=GB -Duser.language=en -Duser.variant -ea 
java_command: cc.dvitski.tabyproto.desktop.MainKt
java_class_path (initial): Z:\IdeaProjects\dvitski\tabyproto\desktop\build\libs\desktop-1.0.0.jar;Z:\IdeaProjects\dvitski\tabyproto\api\build\libs\api-1.0.0.jar;C:\Users\orrda\.gradle\caches\modules-2\files-2.1\io.github.kdroidfilter\composemediaplayer-jvm\0.10.0\d928a24fd6191294d38ccd194903bed5461f42e5\mediaplayer-jvm.jar;C:\Users\orrda\.gradle\caches\modules-2\files-2.1\org.jetbrains.compose.desktop\desktop-jvm\1.11.0\1fee826ff9d1fafd500b57a22facfc0236bc14c7\desktop-jvm-1.11.0.jar;C:\Users\orrda\.gradle\caches\modules-2\files-2.1\org.jetbrains.skiko\skiko-awt-runtime-windows-x64\0.144.6\6f04ac6776aa0cba95b4232e8e174bea5051c4fd\skiko-awt-runtime-windows-x64-0.144.6.jar;C:\Users\orrda\.gradle\caches\modules-2\files-2.1\org.jetbrains.compose.material\material-desktop\1.11.0\2891a6f3a62dc4c367636a521d1b680a7d6ff6d\material-desktop-1.11.0.jar;C:\Users\orrda\.gradle\caches\modules-2\files-2.1\org.jetbrains.compose.animation\animation-core-desktop\1.11.0\1bf633ecd1a38a1cf7a41630bc56cba0da9cc25b\animation-core-desktop-1.11.0.jar;C:\Users\orrda\.gradle\caches\modules-2\files-2.1\org.jetbrains.compose.material\material-ripple-desktop\1.11.0\ae97a5eeb23bc3f461bc3e16e2a9882175405d17\material-ripple-desktop-1.11.0.jar;C:\Users\orrda\.gradle\caches\modules-2\files-2.1\org.jetbrains.compose.animation\animation-desktop\1.11.0\f873fb28f1a08d45a4dd20a0130b3da8cadf383c\animation-desktop-1.11.0.jar;C:\Users\orrda\.gradle\caches\modules-2\files-2.1\org.jetbrains.compose.foundation\foundation-layout-desktop\1.11.0\853fc5d01388da6515ce40b719798914012f6469\foundation-layout-desktop-1.11.0.jar;C:\Users\orrda\.gradle\caches\modules-2\files-2.1\org.jetbrains.compose.foundation\foundation-desktop\1.11.0\6df316e7af2c0c97f200de289925f62ca8fce53d\foundation-desktop-1.11.0.jar;C:\Users\orrda\.gradle\caches\modules-2\files-2.1\org.jetbrains.compose.ui\ui-unit-desktop\1.11.0\f6c06f98da206d01dc40c1587c6bc4c40cbef623\ui-unit-desktop-1.11.0.jar;C:\Users\orrda\.gradle\caches\modules-2\files-2.1\org.jetbrains.compose.ui\ui-graphics-desktop\1.11.0\6ea106d02adf29694eedf12fdfb621947d3621bf\ui-graphics-desktop-1.11.0.jar;C:\Users\orrda\.gradle\caches\modules-2\files-2.1\org.jetbrains.compose.ui\ui-geometry-desktop\1.11.0\5e430152487375359973ac9874653d335dcc220\ui-geometry-desktop-1.11.0.jar;C:\Users\orrda\.gradle\caches\modules-2\files-2.1\org.jetbrains.compose.ui\ui-backhandler-desktop\1.11.0\bd3540bb1d6abd60c5e58f32663b2f3e89406cd1\ui-backhandler-desktop-1.11.0.jar;C:\Users\orrda\.gradle\caches\modules-2\files-2.1\org.jetbrains.compose.ui\ui-text-desktop\1.11.0\6ded685e2601260d6231c859a849b96ee6c60368\ui-text-desktop-1.11.0.jar;C:\Users\orrda\.gradle\caches\modules-2\files-2.1\org.jetbrains.compose.ui\ui-util-desktop\1.11.0\4302c582878b82ab24e1f34e6e90f967f7b416ed\ui-util-desktop-1.11.0.jar;C:\Users\orrda\.gradle\caches\modules-2\files-2.1\org.jetbrains.compose.ui\ui-tooling-preview-desktop\1.11.0\97ec578d33adc34adcaa63e9af7bb2328c6c29b7\ui-tooling-preview-desktop-1.11.0.jar;C:\Users\orrda\.gradle\caches\modules-2\files-2.1\org.jetbrains.compose.ui\ui-desktop\1.11.0\25db30fe824f0e7455ccf7a9455a69ce6f609e6c\ui-desktop-1.11.0.jar;C:\Users\orrda\.gradle\caches\modules-2\files-2.1\org.jetbrains.skiko\skiko-awt\0.144.6\c9bec39e3c517ed5591c71c7db0cbbe64b6be849\skiko-awt-0.144.6.jar;C:\Users\orrda\.gradle\caches\modules-2\files-2.1\io.github.vinceglb\filekit-core-jvm\0.13.0\e4defbb12d4d603f7513d469eea926960de14d1b\filekit-core-jvm.jar;C:\Users\orrda\.gradle\caches\modules-2\files-2.1\org.jetbrains.kotlinx\kotlinx-coroutines-test-jvm\1.10.2\deb87732ba15dc455f08af4b120fca0d96d6cb5f\kotlinx-coroutines-test-jvm-1.10.2.jar;C:\Users\orrda\.gradle\caches\modules-2\files-2.1\androidx.navigationevent\navigationevent-desktop\1.0.1\ddb1e7fe97ed51c3d35bba493f97fcf12398719\navigationevent-desktop-1.0.1.jar;C:\Users\orrda\.gradle\caches\modules-2\files-2.1\androidx.compose.runtime\runtime-annotation-jvm\1.11.1\db4aa964627ac96331b72e231b9ad54318d112f4\runtime-annotation-jvm-1.11.1.jar;C:\Users\orrda\.gradle\caches\modules-2\files-2.1\androidx.compose.runtime\runtime-retain-desktop\1.11.1\3aa3ec26ef2a3d26bc556b51b33d09efc1a198e8\runtime-retain-desktop-1.11.1.jar;C:\Users\orrda\.gradle\caches\modules-2\files-2.1\androidx.compose.runtime\runtime-saveable-desktop\1.11.1\1618fae89791692a224fe7aa79edbd7a8f5b7522\runtime-saveable-desktop-1.11.1.jar;C:\Users\orrda\.gradle\caches\modules-2\files-2.1\org.jetbrains.compose.runtime\runtime-saveable-desktop\1.11.0\b7c8a8ed985a0f15b4d8d206de1fc6125b499388\runtime-saveable-desktop-1.11.0.jar;C:\Users\orrda\.gradle\caches\modules-2\files-2.1\org.jetbrains.androidx.lifecycle\lifecycle-runtime-compose-desktop\2.9.6\7b6b6793f3c4c5996b20d1d99cf728e5fac00364\lifecycle-runtime-compose-desktop-2.9.6.jar;C:\Users\orrda\.gradle\caches\modules-2\files-2.1\org.jetbrains.androidx.savedstate\savedstate-compose-desktop\1.3.6\63692375ffe667f12cb3ea8aa1e605d659ed2add\savedstate-compose-desktop-1.3.6.jar;C:\Users\orrda\.gradle\caches\modules-2\files-2.1\org.jetbrains.compose.runtime\runtime-desktop\1.11.0\1941336b045aac4b87cc3be81d9fdb9977c88c61\runtime-desktop-1.11.0.jar;C:\Users\orrda\.gradle\caches\modules-2\files-2.1\androidx.lifecycle\lifecycle-runtime-desktop\2.9.4\1cc820319ec0139e76b8a2fe4be0b356b4e624c4\lifecycle-runtime-desktop-2.9.4.jar;C:\Users\orrda\.gradle\caches\modules-2\files-2.1\androidx.lifecycle\lifecycle-common-jvm\2.9.4\ab739bccdb3541983385af169565c7c035d897e7\lifecycle-common-jvm-2.9.4.jar;C:\Users\orrda\.gradle\caches\modules-2\files-2.1\androidx.lifecycle\lifecycle-runtime-compose-desktop\2.9.4\86a4ffec845d4e488078118a0b5095bd1fabcafe\lifecycle-runtime-compose-desktop-2.9.4.jar;C:\Users\orrda\.gradle\caches\modules-2\files-2.1\androidx.lifecycle\lifecycle-viewmodel-desktop\2.9.4\93fee6d78f0df0e38f36e0fa2eff74f8da6d5481\lifecycle-viewmodel-desktop-2.9.4.jar;C:\Users\orrda\.gradle\caches\modules-2\files-2.1\androidx.lifecycle\lifecycle-viewmodel-savedstate-desktop\2.9.4\72a1919b08c5a4da224d8a65ce1589aa69934e8a\lifecycle-viewmodel-savedstate-desktop-2.9.4.jar;C:\Users\orrda\.gradle\caches\modules-2\files-2.1\androidx.savedstate\savedstate-desktop\1.4.0\3b049a0f81643d6b4b900de95bc23efc085c32d5\savedstate-desktop-1.4.0.jar;C:\Users\orrda\.gradle\caches\modules-2\files-2.1\androidx.savedstate\savedstate-compose-desktop\1.4.0\d3d6e0e2108528eb6080dc250da925a572be4202\savedstate-compose-desktop-1.4.0.jar;C:\Users\orrda\.gradle\caches\modules-2\files-2.1\androidx.compose.runtime\runtime-desktop\1.11.1\d778cba765eaed705d37ddd06542a01369fcbb16\runtime-desktop-1.11.1.jar;C:\Users\orrda\.gradle\caches\modules-2\files-2.1\org.jetbrains.kotlinx\kotlinx-coroutines-core-jvm\1.10.2\4a9f78ef49483748e2c129f3d124b8fa249dafbf\kotlinx-coroutines-core-jvm-1.10.2.jar;C:\Users\orrda\.gradle\caches\modules-2\files-2.1\org.jetbrains.kotlinx\kotlinx-coroutines-swing\1.10.2\ccb5a2e7c83fa76da0ba4677f05678d3bd3eed57\kotlinx-coroutines-swing-1.10.2.jar;C:\Users\orrda\.gradle\caches\modules-2\files-2.1\com.squareup.okhttp3\okhttp\4.12.0\2f4525d4a200e97e1b87449c2cd9bd2e25b7e8cd\okhttp-4.12.0.jar;C:\Users\orrda\.gradle\caches\modules-2\files-2.1\com.squareup.okio\okio-jvm\3.6.0\5600569133b7bdefe1daf9ec7f4abeb6d13e1786\okio-jvm-3.6.0.jar;C:\Users\orrda\.gradle\caches\modules-2\files-2.1\org.jetbrains.kotlinx\kotlinx-datetime-jvm\0.7.1\81c2e0246bd28cc2dcbdf0ab53628322e66a9de9\kotlinx-datetime-jvm-0.7.1.jar;C:\Users\orrda\.gradle\caches\modules-2\files-2.1\org.jetbrains.kotlin\kotlin-stdlib-jdk8\1.9.10\c7510d64a83411a649c76f2778304ddf71d7437b\kotlin-stdlib-jdk8-1.9.10.jar;C:\Users\orrda\.gradle\caches\modules-2\files-2.1\org.jetbrains.kotlinx\kotlinx-serialization-json-jvm\1.10.0\a74d7819e02bad98af4d6b56c4f45aa6d31ef4ad\kotlinx-serialization-json-jvm-1.10.0.jar;C:\Users\orrda\.gradle\caches\modules-2\files-2.1\org.jetbrains.kotlinx\kotlinx-serialization-core-jvm\1.10.0\9400c03c056953bbbf30e861e63735c90e9eb320\kotlinx-serialization-core-jvm-1.10.0.jar;C:\Users\orrda\.gradle\caches\modules-2\files-2.1\org.jetbrains.kotlinx\kotlinx-io-core-jvm\0.9.0\7f7536f8f057ffc7f79375714e9730c4b8bdd7c9\kotlinx-io-core-jvm-0.9.0.jar;C:\Users\orrda\.gradle\caches\modules-2\files-2.1\androidx.collection\collection-jvm\1.5.0\7ba2c69414d46ebc2dd76598bdd0a75c54281a57\collection-jvm-1.5.0.jar;C:\Users\orrda\.gradle\caches\modules-2\files-2.1\androidx.arch.core\core-common\2.2.0\5e1b8b81dfd5f52c56a8d53b18ca759c19a301f3\core-common-2.2.0.jar;C:\Users\orrda\.gradle\caches\modules-2\files-2.1\androidx.annotation\annotation-jvm\1.9.1\b17951747e38bf3986a24431b9ba0d039958aa5f\annotation-jvm-1.9.1.jar;C:\Users\orrda\.gradle\caches\modules-2\files-2.1\org.jetbrains.kotlin\kotlin-stdlib-jdk7\1.9.10\bc5bfc2690338defd5195b05c57562f2194eeb10\kotlin-stdlib-jdk7-1.9.10.jar;C:\Users\orrda\.gradle\caches\modules-2\files-2.1\org.jetbrains.kotlinx\atomicfu-jvm\0.28.0\6a9ac536f4b2144e57c176fd4e26821eb12084f4\atomicfu-jvm-0.28.0.jar;C:\Users\orrda\.gradle\caches\modules-2\files-2.1\org.jetbrains.kotlinx\kotlinx-io-bytestring-jvm\0.9.0\e73a7915234a8ea7954f32b715ef8e42b02f66a3\kotlinx-io-bytestring-jvm-0.9.0.jar;C:\Users\orrda\.gradle\caches\modules-2\files-2.1\org.jetbrains.kotlin\kotlin-stdlib\2.3.20\ed866de74ad3d49086a27bbd75952cd186479436\kotlin-stdlib-2.3.20.jar;C:\Users\orrda\.gradle\caches\modules-2\files-2.1\org.bytedeco\javacv\1.5.11\8bcc9af0d9995080960c061edcfd6da9be84b0b5\javacv-1.5.11.jar;C:\Users\orrda\.gradle\caches\modules-2\files-2.1\org.bytedeco\ffmpeg\7.1-1.5.11\85302b8049f9c5869bf7b61307f39c5b53069339\ffmpeg-7.1-1.5.11-windows-x86_64.jar;C:\Users\orrda\.gradle\caches\modules-2\files-2.1\org.bytedeco\ffmpeg\7.1-1.5.11\9704bf6e3ba57d8984fea5eaa0221cf049ec90d4\ffmpeg-7.1-1.5.11.jar;C:\Users\orrda\.gradle\caches\modules-2\files-2.1\org.jetbrains\annotations\23.0.0\8cc20c07506ec18e0834947b84a864bfc094484e\annotations-23.0.0.jar;C:\Users\orrda\.gradle\caches\modules-2\files-2.1\com.fazecast\jSerialComm\2.10.4\c817941580159787741a85a53d1834e39b536dee\jSerialComm-2.10.4.jar;C:\Users\orrda\.gradle\caches\modules-2\files-2.1\ch.qos.logback\logback-classic\1.5.27\a078334aec912226e6c9cf0daf0762cb9cfca09d\logback-classic-1.5.27.jar;C:\Users\orrda\.gradle\caches\modules-2\files-2.1\org.jmdns\jmdns\3.6.1\695e1c3911afb1b6056b475930380f9ed66bd764\jmdns-3.6.1.jar;C:\Users\orrda\.gradle\caches\modules-2\files-2.1\org.slf4j\slf4j-api\2.0.17\d9e58ac9c7779ba3bf8142aff6c830617a7fe60f\slf4j-api-2.0.17.jar;C:\Users\orrda\.gradle\caches\modules-2\files-2.1\org.bytedeco\opencv\4.10.0-1.5.11\16a0fbc18bbc3d25d9c1496d4e84f9fddc7d0dc3\opencv-4.10.0-1.5.11.jar;C:\Users\orrda\.gradle\caches\modules-2\files-2.1\org.bytedeco\openblas\0.3.28-1.5.11\88092a82318819af79499f2e3a05aa2432086dbd\openblas-0.3.28-1.5.11.jar;C:\Users\orrda\.gradle\caches\modules-2\files-2.1\org.bytedeco\flycapture\2.13.3.31-1.5.9\c653e61d46ebe5a5c0e71c17681f126320422f4\flycapture-2.13.3.31-1.5.9.jar;C:\Users\orrda\.gradle\caches\modules-2\files-2.1\org.bytedeco\libdc1394\2.2.6-1.5.9\fa32142e37d3be048b64fb52ca51deca6d5de667\libdc1394-2.2.6-1.5.9.jar;C:\Users\orrda\.gradle\caches\modules-2\files-2.1\org.bytedeco\libfreenect\0.5.7-1.5.9\16c037cd4f9e9f35a8e88fea29979e96b711f6ff\libfreenect-0.5.7-1.5.9.jar;C:\Users\orrda\.gradle\caches\modules-2\files-2.1\org.bytedeco\libfreenect2\0.2.0-1.5.9\2008343f5ea8bbbf1d516bf630a2656c91711a9\libfreenect2-0.2.0-1.5.9.jar;C:\Users\orrda\.gradle\caches\modules-2\files-2.1\org.bytedeco\librealsense\1.12.4-1.5.9\27fb41a9d834522fb6d3acd56defbe56ccfb45e1\librealsense-1.12.4-1.5.9.jar;C:\Users\orrda\.gradle\caches\modules-2\files-2.1\org.bytedeco\librealsense2\2.53.1-1.5.9\3123b090f70551bbf78bb973b2ee6d555c2efe5e\librealsense2-2.53.1-1.5.9.jar;C:\Users\orrda\.gradle\caches\modules-2\files-2.1\org.bytedeco\videoinput\0.200-1.5.9\296ef2dc4f171920b3c8dc50efb9db6e915a1bd2\videoinput-0.200-1.5.9.jar;C:\Users\orrda\.gradle\caches\modules-2\files-2.1\org.bytedeco\artoolkitplus\2.3.1-1.5.9\af6a8e3a14873b7de80d632e06eb0b3c9cc00c86\artoolkitplus-2.3.1-1.5.9.jar;C:\Users\orrda\.gradle\caches\modules-2\files-2.1\org.bytedeco\tesseract\5.5.0-1.5.11\e448786eccec591fcf28f4804988df3888594281\tesseract-5.5.0-1.5.11.jar;C:\Users\orrda\.gradle\caches\modules-2\files-2.1\org.bytedeco\leptonica\1.85.0-1.5.11\845b7104a67fddcc5102ac5f476973ae61ca770f\leptonica-1.85.0-1.5.11.jar;C:\Users\orrda\.gradle\caches\modules-2\files-2.1\org.bytedeco\javacpp\1.5.11\76a0197853ab5e2d3643804e62f9018053750ddf\javacpp-1.5.11.jar;C:\Users\orrda\.gradle\caches\modules-2\files-2.1\ch.qos.logback\logback-core\1.5.27\4ec5363bc3d5469c00ad6665d65d0112037388ff\logback-core-1.5.27.jar;C:\Users\orrda\.gradle\caches\modules-2\files-2.1\org.jetbrains.runtime\jbr-api\1.9.0\2bc161f5472b5fd5610740e4d6ebe896c811cb0e\jbr-api-1.9.0.jar;C:\Users\orrda\.gradle\caches\modules-2\files-2.1\net.java.dev.jna\jna-platform\5.18.1\dd817f391efc492041c9ae91127527c13750a789\jna-platform-5.18.1.jar;C:\Users\orrda\.gradle\caches\modules-2\files-2.1\net.java.dev.jna\jna\5.18.1\b27ba04287cc4abe769642fe8318d39fc89bf937\jna-5.18.1.jar;C:\Users\orrda\.gradle\caches\modules-2\files-2.1\org.jspecify\jspecify\1.0.0\7425a601c1c7ec76645a78d22b8c6a627edee507\jspecify-1.0.0.jar
Launcher Type: SUN_STANDARD

[Global flags]
     intx CICompilerCount                          = 4                                         {product} {ergonomic}
     uint ConcGCThreads                            = 3                                         {product} {ergonomic}
     uint G1ConcRefinementThreads                  = 10                                        {product} {ergonomic}
   size_t G1HeapRegionSize                         = 8388608                                   {product} {ergonomic}
    uintx GCDrainStackTargetSize                   = 64                                        {product} {ergonomic}
   size_t InitialHeapSize                          = 1065353216                                {product} {ergonomic}
   size_t MarkStackSize                            = 4194304                                   {product} {ergonomic}
   size_t MaxHeapSize                              = 16944988160                               {product} {ergonomic}
   size_t MaxNewSize                               = 10166992896                               {product} {ergonomic}
   size_t MinHeapDeltaBytes                        = 8388608                                   {product} {ergonomic}
   size_t MinHeapSize                              = 8388608                                   {product} {ergonomic}
    uintx NonNMethodCodeHeapSize                   = 5839372                                {pd product} {ergonomic}
    uintx NonProfiledCodeHeapSize                  = 122909434                              {pd product} {ergonomic}
    uintx ProfiledCodeHeapSize                     = 122909434                              {pd product} {ergonomic}
    uintx ReservedCodeCacheSize                    = 251658240                              {pd product} {ergonomic}
     bool SegmentedCodeCache                       = true                                      {product} {ergonomic}
   size_t SoftMaxHeapSize                          = 16944988160                            {manageable} {ergonomic}
     bool UseCompressedOops                        = true                           {product lp64_product} {ergonomic}
     bool UseG1GC                                  = true                                      {product} {ergonomic}
     bool UseLargePagesIndividualAllocation        = false                                  {pd product} {ergonomic}

Logging:
Log output configuration:
 #0: stdout all=warning uptime,level,tags foldmultilines=false
 #1: stderr all=off uptime,level,tags foldmultilines=false

Environment Variables:
JAVA_HOME=C:\Users\orrda\.jdks\jbr-25-windows-x64-b176.4
PATH=C:\Python314\Scripts\;C:\Python314\;C:\Program Files (x86)\NVIDIA Corporation\PhysX\Common;C:\Program Files\Eclipse Adoptium\jdk-21.0.2.13-hotspot\bin;C:\Ruby32-x64\bin;C:\Program Files\Eclipse Adoptium\jdk-17.0.8.101-hotspot\bin;C:\WINDOWS\system32;C:\WINDOWS;C:\WINDOWS\System32\Wbem;C:\WINDOWS\System32\WindowsPowerShell\v1.0\;C:\WINDOWS\System32\OpenSSH\;C:\Program Files\dotnet\;C:\Program Files\Git\cmd;C:\Program Files\CMake\bin;C:\ProgramData\chocolatey\bin;C:\Program Files (x86)\Windows Kits\10\Windows Performance Toolkit\;C:\Program Files\rclone;C:\Program Files\WireGuard\;C:\Users\orrda\AppData\Local\nvm;C:\nvm4w\nodejs;C:\Program Files\nodejs\;C:\Program Files\PowerToys\DSCModules\;C:\ProgramData\chocolatey\lib\maven\apache-maven-3.9.14\bin;C:\Gradle\bin;C:\platform-tools;C:\Program Files\PowerShell\7\;C:\Program Files\Docker\Docker\resources\bin;C:\Users\orrda\AppData\Local\Programs\Python\Launcher\;C:\Users\orrda\.cargo\bin;C:\Users\orrda\AppData\Local\Microsoft\WindowsApps;C:\Users\orrda\AppData\Local\JetBrains\Toolbox\scripts;C:\Users\orrda\AppData\Local\spicetify;C:\Users\orrda\AppData\Local\Programs\Microsoft VS Code\bin;C:\Users\orrda\AppData\Local\GitHubDesktop\bin;C:\Users\orrda\.deno\bin;C:\Users\orrda\AppData\Local\Microsoft\WinGet\Packages\DenoLand.Deno_Microsoft.Winget.Source_8wekyb3d8bbwe;C:\Users\orrda\rcon;C:\Users\orrda\AppData\Local\Microsoft\WindowsApps;C:\Users\orrda\AppData\Local\Microsoft\WinGet\Packages\Gyan.FFmpeg_Microsoft.Winget.Source_8wekyb3d8bbwe\ffmpeg-7.1-full_build\bin;C:\Users\orrda\Scripts;C:\Users\orrda\.dotnet\tools;C:\Users\orrda\AppData\Local\nvm;C:\nvm4w\nodejs;C:\Users\orrda\AppData\Roaming\npm;C:\Users\orrda\.local\bin;C:\Users\orrda\AppData\Local\Google\Cloud SDK\google-cloud-sdk\bin
USERNAME=orrda
OS=Windows_NT
PROCESSOR_IDENTIFIER=AMD64 Family 25 Model 97 Stepping 2, AuthenticAMD
TMP=C:\Users\orrda\AppData\Local\Temp
TEMP=C:\Users\orrda\AppData\Local\Temp




Periodic native trim disabled

---------------  S Y S T E M  ---------------

OS:
 Windows 11 , 64 bit Build 26100 (10.0.26100.8521)
OS uptime: 0 days 0:58 hours
Hyper-V role detected

CPU: total 12 (initial active 12) (12 cores per cpu, 2 threads per core) family 25 model 97 stepping 2 microcode 0xa601203, cx8, cmov, fxsr, ht, mmx, 3dnowpref, sse, sse2, sse3, ssse3, sse4a, sse4.1, sse4.2, popcnt, lzcnt, tsc, tscinvbit, avx, avx2, aes, erms, clmul, bmi1, bmi2, adx, avx512f, avx512dq, avx512cd, avx512bw, avx512vl, sha, fma, vzeroupper, avx512_vpopcntdq, avx512_vpclmulqdq, avx512_vaes, avx512_vnni, clflush, clflushopt, avx512_vbmi2, avx512_vbmi, hv, rdtscp, rdpid, fsrm, gfni, avx512_bitalg, f16c, cet_ss, avx512_ifma
Processor Information for all 12 processors :
  Max Mhz: 3801, Current Mhz: 3801, Mhz Limit: 3801

Memory: 4k page, system-wide physical 64632M (31857M free)
TotalPageFile size 73848M (AvailPageFile size 27437M)
current process WorkingSet (physical memory assigned to process): 643M, peak: 2865M
current process commit charge ("private bytes"): 1318M, peak: 3161M

vm_info: OpenJDK 64-Bit Server VM (21.0.2+13-LTS) for windows-amd64 JRE (21.0.2+13-LTS), built on 2024-01-16T00:00:00Z by "admin" with unknown MS VC++:1937

END.
